trial_id,condition,seed,time_s,sensor_time_s,sample_age_s,true_distance_m,raw_distance_m,filtered_distance_m,expected_state,state,command,valid,event_label,invalid_reason,noise_sigma_m,delay_ms
C2_n0.01_d000_r01,C2,202606,0.0,0.0,0.0,0.6,0.5945862591639114,0.5945862591639114,FAR,FAR,0.0,1,,,0.01,0
C2_n0.01_d000_r01,C2,202606,0.02,0.02,0.0,0.6,0.599705698330604,0.5958661189555846,FAR,FAR,0.0,1,,,0.01,0
C2_n0.01_d000_r01,C2,202606,0.04,0.04,0.0,0.6,0.5931707657693669,0.5951922806590302,FAR,FAR,0.0,1,,,0.01,0
C2_n0.01_d000_r01,C2,202606,0.06,0.06,0.0,0.6,0.6009845566533771,0.5966403496576169,FAR,FAR,0.0,1,,,0.01,0
C2_n0.01_d000_r01,C2,202606,0.08,0.08,0.0,0.6,0.5866711386870842,0.5941480469149838,FAR,FAR,0.0,1,,,0.01,0
C2_n0.01_d000_r01,C2,202606,0.1,0.1,0.0,0.6,0.6047293147468953,0.5967933638729617,FAR,FAR,0.0,1,,,0.01,0
C2_n0.01_d000_r01,C2,202606,0.12,0.12,0.0,0.6,0.6089641876591722,0.5998360698195143,FAR,FAR,0.0,1,,,0.01,0
C2_n0.01_d000_r01,C2,202606,0.14,0.14,0.0,0.6,0.5945903380281965,0.5985246368716848,FAR,FAR,0.0,1,,,0.01,0
C2_n0.01_d000_r01,C2,202606,0.16,0.16,0.0,0.6,0.5896387904101932,0.5963031752563119,FAR,FAR,0.0,1,,,0.01,0
C2_n0.01_d000_r01,C2,202606,0.18,0.18,0.0,0.6,0.602754091648069,0.5979159043542512,FAR,FAR,0.0,1,,,0.01,0
C2_n0.01_d000_r01,C2,202606,0.2,0.2,0.0,0.6,0.6015821010081084,0.5988324535177155,FAR,FAR,0.0,1,,,0.01,0
C2_n0.01_d000_r01,C2,202606,0.22,0.22,0.0,0.6,0.6038653590540832,0.6000906799018074,FAR,FAR,0.0,1,,,0.01,0
C2_n0.01_d000_r01,C2,202606,0.24,0.24,0.0,0.6,0.6074057094567571,0.6019194372905448,FAR,FAR,0.0,1,,,0.01,0
C2_n0.01_d000_r01,C2,202606,0.26,0.26,0.0,0.6,0.6012183820922259,0.601744173490965,FAR,FAR,0.0,1,,,0.01,0
C2_n0.01_d000_r01,C2,202606,0.28,0.28,0.0,0.6,0.5930245057202586,0.5995642565482884,FAR,FAR,0.0,1,,,0.01,0
C2_n0.01_d000_r01,C2,202606,0.3,0.3,0.0,0.6,0.6102470196478428,0.602234947323177,FAR,FAR,0.0,1,,,0.01,0
C2_n0.01_d000_r01,C2,202606,0.32,0.32,0.0,0.6,0.611511772050274,0.6045541535049512,FAR,FAR,0.0,1,,,0.01,0
C2_n0.01_d000_r01,C2,202606,0.34,0.34,0.0,0.6,0.6054758271359143,0.604784571912692,FAR,FAR,0.0,1,,,0.01,0
C2_n0.01_d000_r01,C2,202606,0.36,0.36,0.0,0.6,0.6100264767875566,0.6060950481314081,FAR,FAR,0.0,1,,,0.01,0
C2_n0.01_d000_r01,C2,202606,0.38,0.38,0.0,0.6,0.6046514703794525,0.6057341536934193,FAR,FAR,0.0,1,,,0.01,0
C2_n0.01_d000_r01,C2,202606,0.4,0.4,0.0,0.6,0.591103700967983,0.6020765405120603,FAR,FAR,0.0,1,,,0.01,0
C2_n0.01_d000_r01,C2,202606,0.42,0.42,0.0,0.6,0.6085088749675761,0.6036846241259393,FAR,FAR,0.0,1,,,0.01,0
C2_n0.01_d000_r01,C2,202606,0.44,0.44,0.0,0.6,0.5910110976082429,0.6005162424965151,FAR,FAR,0.0,1,,,0.01,0
C2_n0.01_d000_r01,C2,202606,0.46,0.46,0.0,0.6,0.5973171775175855,0.5997164762517827,FAR,FAR,0.0,1,,,0.01,0
C2_n0.01_d000_r01,C2,202606,0.48,0.48,0.0,0.6,0.6133735881352785,0.6031307542226566,FAR,FAR,0.0,1,,,0.01,0
C2_n0.01_d000_r01,C2,202606,0.5,0.5,0.0,0.6,0.5910156811759594,0.6001019859609823,FAR,FAR,0.0,1,,,0.01,0
C2_n0.01_d000_r01,C2,202606,0.52,0.52,0.0,0.6,0.615655558019023,0.6039903789754926,FAR,FAR,0.0,1,,,0.01,0
C2_n0.01_d000_r01,C2,202606,0.54,0.54,0.0,0.6,0.6127580552219093,0.6061822980370968,FAR,FAR,0.0,1,,,0.01,0
C2_n0.01_d000_r01,C2,202606,0.56,0.56,0.0,0.6,0.5995625811954886,0.6045273688266948,FAR,FAR,0.0,1,,,0.01,0
C2_n0.01_d000_r01,C2,202606,0.58,0.58,0.0,0.6,0.6050277512843121,0.6046524644410991,FAR,FAR,0.0,1,,,0.01,0
C2_n0.01_d000_r01,C2,202606,0.6,0.6,0.0,0.6,0.61287010097921,0.6067068735756268,FAR,FAR,0.0,1,,,0.01,0
C2_n0.01_d000_r01,C2,202606,0.62,0.62,0.0,0.6,0.6057247021337137,0.6064613307151485,FAR,FAR,0.0,1,,,0.01,0
C2_n0.01_d000_r01,C2,202606,0.64,0.64,0.0,0.6,0.6028206056725857,0.6055511494545078,FAR,FAR,0.0,1,,,0.01,0
C2_n0.01_d000_r01,C2,202606,0.66,0.66,0.0,0.6,0.5926942054239092,0.6023369134468581,FAR,FAR,0.0,1,,,0.01,0
C2_n0.01_d000_r01,C2,202606,0.68,0.68,0.0,0.6,0.5967468105051335,0.600939387711427,FAR,FAR,0.0,1,,,0.01,0
C2_n0.01_d000_r01,C2,202606,0.7,0.7,0.0,0.6,0.5968623674415795,0.5999201326439652,FAR,FAR,0.0,1,,,0.01,0
C2_n0.01_d000_r01,C2,202606,0.72,0.72,0.0,0.6,0.6074753224556542,0.6018089300968874,FAR,FAR,0.0,1,,,0.01,0
C2_n0.01_d000_r01,C2,202606,0.74,0.74,0.0,0.6,0.5914422690124029,0.5992172648257663,FAR,FAR,0.0,1,,,0.01,0
C2_n0.01_d000_r01,C2,202606,0.76,0.76,0.0,0.6,0.6060571860340933,0.600927245127848,FAR,FAR,0.0,1,,,0.01,0
C2_n0.01_d000_r01,C2,202606,0.78,0.78,0.0,0.6,0.6049129326045162,0.601923666997015,FAR,FAR,0.0,1,,,0.01,0
C2_n0.01_d000_r01,C2,202606,0.8,0.8,0.0,0.6,0.5971358971669017,0.6007267245394867,FAR,FAR,0.0,1,,,0.01,0
C2_n0.01_d000_r01,C2,202606,0.82,0.82,0.0,0.6,0.6119134641711675,0.6035234094474069,FAR,FAR,0.0,1,,,0.01,0
C2_n0.01_d000_r01,C2,202606,0.84,0.84,0.0,0.6,0.6018252638265783,0.6030988730421998,FAR,FAR,0.0,1,,,0.01,0
C2_n0.01_d000_r01,C2,202606,0.86,0.86,0.0,0.6,0.5990060560342211,0.6020756687902051,FAR,FAR,0.0,1,,,0.01,0
C2_n0.01_d000_r01,C2,202606,0.88,0.88,0.0,0.6,0.6048938006820312,0.6027802017631616,FAR,FAR,0.0,1,,,0.01,0
C2_n0.01_d000_r01,C2,202606,0.9,0.9,0.0,0.6,0.6022334580628568,0.6026435158380854,FAR,FAR,0.0,1,,,0.01,0
C2_n0.01_d000_r01,C2,202606,0.92,0.92,0.0,0.6,0.5840770662954148,0.5980019034524178,FAR,FAR,0.0,1,,,0.01,0
C2_n0.01_d000_r01,C2,202606,0.94,0.94,0.0,0.6,0.6056330248182821,0.5999096837938839,FAR,FAR,0.0,1,,,0.01,0
C2_n0.01_d000_r01,C2,202606,0.96,0.96,0.0,0.6,0.6028965418647729,0.6006563983116061,FAR,FAR,0.0,1,,,0.01,0
C2_n0.01_d000_r01,C2,202606,0.98,0.98,0.0,0.6,0.5808961781545813,0.5957163432723499,FAR,FAR,0.0,1,,,0.01,0
C2_n0.01_d000_r01,C2,202606,1.0,1.0,0.0,0.6,0.6082617886657303,0.598852704620695,FAR,FAR,0.0,1,,,0.01,0
C2_n0.01_d000_r01,C2,202606,1.02,1.02,0.0,0.6,0.6136221854508944,0.6025450748282448,FAR,FAR,0.0,1,,,0.01,0
C2_n0.01_d000_r01,C2,202606,1.04,1.04,0.0,0.6,0.5916052198623019,0.5998101110867591,FAR,FAR,0.0,1,,,0.01,0
C2_n0.01_d000_r01,C2,202606,1.06,1.06,0.0,0.6,0.6227573230460677,0.6055469140765862,FAR,FAR,0.0,1,,,0.01,0
C2_n0.01_d000_r01,C2,202606,1.08,1.08,0.0,0.6,0.5996695141467447,0.6040775640941258,FAR,FAR,0.0,1,,,0.01,0
C2_n0.01_d000_r01,C2,202606,1.1,1.1,0.0,0.6,0.6003869457439668,0.603154909506586,FAR,FAR,0.0,1,,,0.01,0
C2_n0.01_d000_r01,C2,202606,1.12,1.12,0.0,0.6,0.5985437766669204,0.6020021262966696,FAR,FAR,0.0,1,,,0.01,0
C2_n0.01_d000_r01,C2,202606,1.14,1.14,0.0,0.6,0.5950551702776798,0.6002653872919221,FAR,FAR,0.0,1,,,0.01,0
C2_n0.01_d000_r01,C2,202606,1.16,1.16,0.0,0.6,0.6059877544343736,0.601695979077535,FAR,FAR,0.0,1,,,0.01,0
C2_n0.01_d000_r01,C2,202606,1.18,1.18,0.0,0.6,0.6084089341638212,0.6033742178491066,FAR,FAR,0.0,1,,,0.01,0
C2_n0.01_d000_r01,C2,202606,1.2,1.2,0.0,0.6,0.5950729963480836,0.6012989124738508,FAR,FAR,0.0,1,,,0.01,0
C2_n0.01_d000_r01,C2,202606,1.22,1.22,0.0,0.6,0.6055078821202459,0.6023511548854495,FAR,FAR,0.0,1,,,0.01,0
C2_n0.01_d000_r01,C2,202606,1.24,1.24,0.0,0.6,0.6021503356341021,0.6023009500726128,FAR,FAR,0.0,1,,,0.01,0
C2_n0.01_d000_r01,C2,202606,1.26,1.26,0.0,0.6,0.595407157370467,0.6005775018970764,FAR,FAR,0.0,1,,,0.01,0
C2_n0.01_d000_r01,C2,202606,1.28,1.28,0.0,0.6,0.6082539990594125,0.6024966261876604,FAR,FAR,0.0,1,,,0.01,0
C2_n0.01_d000_r01,C2,202606,1.3,1.3,0.0,0.6,0.5987612961812242,0.6015627936860514,FAR,FAR,0.0,1,,,0.01,0
C2_n0.01_d000_r01,C2,202606,1.32,1.32,0.0,0.6,0.5923501924873467,0.5992596433863752,FAR,FAR,0.0,1,,,0.01,0
C2_n0.01_d000_r01,C2,202606,1.34,1.34,0.0,0.6,0.6115352830632675,0.6023285533055982,FAR,FAR,0.0,1,,,0.01,0
C2_n0.01_d000_r01,C2,202606,1.36,1.36,0.0,0.6,0.5906664094384414,0.599413017338809,FAR,FAR,0.0,1,,,0.01,0
C2_n0.01_d000_r01,C2,202606,1.38,1.38,0.0,0.6,0.6223300591688677,0.6051422777963237,FAR,FAR,0.0,1,,,0.01,0
C2_n0.01_d000_r01,C2,202606,1.4,1.4,0.0,0.6,0.6112250056769906,0.6066629597664904,FAR,FAR,0.0,1,,,0.01,0
C2_n0.01_d000_r01,C2,202606,1.42,1.42,0.0,0.6,0.6054499489627445,0.606359707065554,FAR,FAR,0.0,1,,,0.01,0
C2_n0.01_d000_r01,C2,202606,1.44,1.44,0.0,0.6,0.6138254066172018,0.6082261319534659,FAR,FAR,0.0,1,,,0.01,0
C2_n0.01_d000_r01,C2,202606,1.46,1.46,0.0,0.6,0.5870747735371024,0.602938292349375,FAR,FAR,0.0,1,,,0.01,0
C2_n0.01_d000_r01,C2,202606,1.48,1.48,0.0,0.6,0.6120000450593481,0.6052037305268683,FAR,FAR,0.0,1,,,0.01,0
C2_n0.01_d000_r01,C2,202606,1.5,1.5,0.0,0.6,0.6108069998993197,0.6066045478699811,FAR,FAR,0.0,1,,,0.01,0
C2_n0.01_d000_r01,C2,202606,1.52,1.52,0.0,0.6,0.598946216521055,0.6046899650327495,FAR,FAR,0.0,1,,,0.01,0
C2_n0.01_d000_r01,C2,202606,1.54,1.54,0.0,0.6,0.5970035202812165,0.6027683538448663,FAR,FAR,0.0,1,,,0.01,0
C2_n0.01_d000_r01,C2,202606,1.56,1.56,0.0,0.6,0.5860943909313758,0.5985998631164937,FAR,FAR,0.0,1,,,0.01,0
C2_n0.01_d000_r01,C2,202606,1.58,1.58,0.0,0.6,0.6076670429160489,0.6008666580663825,FAR,FAR,0.0,1,,,0.01,0
C2_n0.01_d000_r01,C2,202606,1.6,1.6,0.0,0.6,0.5966199878697624,0.5998049905172275,FAR,FAR,0.0,1,,,0.01,0
C2_n0.01_d000_r01,C2,202606,1.62,1.62,0.0,0.6,0.6044744466106415,0.600972354540581,FAR,FAR,0.0,1,,,0.01,0
C2_n0.01_d000_r01,C2,202606,1.64,1.64,0.0,0.6,0.6052900675271271,0.6020517827872175,FAR,FAR,0.0,1,,,0.01,0
C2_n0.01_d000_r01,C2,202606,1.66,1.66,0.0,0.6,0.6167002565417432,0.6057139012258489,FAR,FAR,0.0,1,,,0.01,0
C2_n0.01_d000_r01,C2,202606,1.68,1.68,0.0,0.6,0.5969584439700357,0.6035250369118956,FAR,FAR,0.0,1,,,0.01,0
C2_n0.01_d000_r01,C2,202606,1.7,1.7,0.0,0.6,0.5951891222978878,0.6014410582583937,FAR,FAR,0.0,1,,,0.01,0
C2_n0.01_d000_r01,C2,202606,1.72,1.72,0.0,0.6,0.5977550761835941,0.6005195627396938,FAR,FAR,0.0,1,,,0.01,0
C2_n0.01_d000_r01,C2,202606,1.74,1.74,0.0,0.6,0.6056083660190787,0.60179176355954,FAR,FAR,0.0,1,,,0.01,0
C2_n0.01_d000_r01,C2,202606,1.76,1.76,0.0,0.6,0.5954340897040336,0.6002023450956634,FAR,FAR,0.0,1,,,0.01,0
C2_n0.01_d000_r01,C2,202606,1.78,1.78,0.0,0.6,0.6005139291361458,0.6002802411057839,FAR,FAR,0.0,1,,,0.01,0
C2_n0.01_d000_r01,C2,202606,1.8,1.8,0.0,0.6,0.6054614095975579,0.6015755332287274,FAR,FAR,0.0,1,,,0.01,0
C2_n0.01_d000_r01,C2,202606,1.82,1.82,0.0,0.6,0.5999620080288677,0.6011721519287625,FAR,FAR,0.0,1,,,0.01,0
C2_n0.01_d000_r01,C2,202606,1.84,1.84,0.0,0.6,0.6077387072939751,0.6028137907700657,FAR,FAR,0.0,1,,,0.01,0
C2_n0.01_d000_r01,C2,202606,1.86,1.86,0.0,0.6,0.6123055856889589,0.605186739499789,FAR,FAR,0.0,1,,,0.01,0
C2_n0.01_d000_r01,C2,202606,1.88,1.88,0.0,0.6,0.5888574821657532,0.60110442516628,FAR,FAR,0.0,1,,,0.01,0
C2_n0.01_d000_r01,C2,202606,1.9,1.9,0.0,0.6,0.5913371640034674,0.5986626098755768,FAR,FAR,0.0,1,,,0.01,0
C2_n0.01_d000_r01,C2,202606,1.92,1.92,0.0,0.6,0.6073591544553524,0.6008367460205207,FAR,FAR,0.0,1,,,0.01,0
C2_n0.01_d000_r01,C2,202606,1.94,1.94,0.0,0.6,0.5909876829502556,0.5983744802529545,FAR,FAR,0.0,1,,,0.01,0
C2_n0.01_d000_r01,C2,202606,1.96,1.96,0.0,0.6,0.5887917037156039,0.5959787861186168,FAR,FAR,0.0,1,,,0.01,0
C2_n0.01_d000_r01,C2,202606,1.98,1.98,0.0,0.6,0.607434362977181,0.5988426803332578,FAR,FAR,0.0,1,,,0.01,0
C2_n0.01_d000_r01,C2,202606,2.0,2.0,0.0,0.6,0.598617734466892,0.5987864438666664,FAR,FAR,0.0,1,,,0.01,0
C2_n0.01_d000_r01,C2,202606,2.02,2.02,0.0,0.6,0.6033567997462052,0.5999290328365511,FAR,FAR,0.0,1,,,0.01,0
C2_n0.01_d000_r01,C2,202606,2.04,2.04,0.0,0.6,0.5989495147013727,0.5996841533027565,FAR,FAR,0.0,1,,,0.01,0
C2_n0.01_d000_r01,C2,202606,2.06,2.06,0.0,0.6,0.6009132428209262,0.5999914256822989,FAR,FAR,0.0,1,,,0.01,0
C2_n0.01_d000_r01,C2,202606,2.08,2.08,0.0,0.6,0.5977063788873281,0.5994201639835562,FAR,FAR,0.0,1,,,0.01,0
C2_n0.01_d000_r01,C2,202606,2.1,2.1,0.0,0.6,0.6141742975711239,0.6031086973804481,FAR,FAR,0.0,1,,,0.01,0
C2_n0.01_d000_r01,C2,202606,2.12,2.12,0.0,0.6,0.5973242842989519,0.6016625941100741,FAR,FAR,0.0,1,,,0.01,0
C2_n0.01_d000_r01,C2,202606,2.14,2.14,0.0,0.6,0.6033027337913092,0.6020726290303828,FAR,FAR,0.0,1,,,0.01,0
C2_n0.01_d000_r01,C2,202606,2.16,2.16,0.0,0.6,0.598871049055609,0.6012722340366894,FAR,FAR,0.0,1,,,0.01,0
C2_n0.01_d000_r01,C2,202606,2.18,2.18,0.0,0.6,0.604349290670448,0.602041498195129,FAR,FAR,0.0,1,,,0.01,0
C2_n0.01_d000_r01,C2,202606,2.2,2.2,0.0,0.6,0.5947007790285612,0.600206318403487,FAR,FAR,0.0,1,,,0.01,0
C2_n0.01_d000_r01,C2,202606,2.22,2.22,0.0,0.6,0.5833869918583454,0.5960014867672017,FAR,FAR,0.0,1,,,0.01,0
C2_n0.01_d000_r01,C2,202606,2.24,2.24,0.0,0.6,0.6109815760950194,0.599746509099156,FAR,FAR,0.0,1,,,0.01,0
C2_n0.01_d000_r01,C2,202606,2.26,2.26,0.0,0.6,0.5944744963247989,0.5984285059055667,FAR,FAR,0.0,1,,,0.01,0
C2_n0.01_d000_r01,C2,202606,2.28,2.28,0.0,0.6,0.5982360879056734,0.5983804014055933,FAR,FAR,0.0,1,,,0.01,0
C2_n0.01_d000_r01,C2,202606,2.3,2.3,0.0,0.6,0.6192068601008321,0.603587016079403,FAR,FAR,0.0,1,,,0.01,0
C2_n0.01_d000_r01,C2,202606,2.32,2.32,0.0,0.6,0.6006164991518015,0.6028443868475026,FAR,FAR,0.0,1,,,0.01,0
C2_n0.01_d000_r01,C2,202606,2.34,2.34,0.0,0.6,0.6130621687023681,0.6053988323112189,FAR,FAR,0.0,1,,,0.01,0
C2_n0.01_d000_r01,C2,202606,2.36,2.36,0.0,0.6,0.60129832603174,0.6043737057413492,FAR,FAR,0.0,1,,,0.01,0
C2_n0.01_d000_r01,C2,202606,2.38,2.38,0.0,0.6,0.6184239845931966,0.6078862754543111,FAR,FAR,0.0,1,,,0.01,0
C2_n0.01_d000_r01,C2,202606,2.4,2.4,0.0,0.6,0.5945498806247415,0.6045521767469186,FAR,FAR,0.0,1,,,0.01,0
C2_n0.01_d000_r01,C2,202606,2.42,2.42,0.0,0.6,0.6020340710235014,0.6039226503160643,FAR,FAR,0.0,1,,,0.01,0
C2_n0.01_d000_r01,C2,202606,2.44,2.44,0.0,0.6,0.5958217731904989,0.601897431034673,FAR,FAR,0.0,1,,,0.01,0
C2_n0.01_d000_r01,C2,202606,2.46,2.46,0.0,0.6,0.5982329365531406,0.6009813074142899,FAR,FAR,0.0,1,,,0.01,0
C2_n0.01_d000_r01,C2,202606,2.48,2.48,0.0,0.6,0.598325101242253,0.6003172558712806,FAR,FAR,0.0,1,,,0.01,0
C2_n0.01_d000_r01,C2,202606,2.5,2.5,0.0,0.6,0.6095323659082976,0.6026210333805349,FAR,FAR,0.0,1,,,0.01,0
C2_n0.01_d000_r01,C2,202606,2.52,2.52,0.0,0.6,0.578171527969557,0.5965086570277904,FAR,FAR,0.0,1,,,0.01,0
C2_n0.01_d000_r01,C2,202606,2.54,2.54,0.0,0.6,0.5937048370665572,0.5958077020374821,FAR,FAR,0.0,1,,,0.01,0
C2_n0.01_d000_r01,C2,202606,2.56,2.56,0.0,0.6,0.608049663525598,0.5988681924095111,FAR,FAR,0.0,1,,,0.01,0
C2_n0.01_d000_r01,C2,202606,2.58,2.58,0.0,0.6,0.5997064286103939,0.5990777514597319,FAR,FAR,0.0,1,,,0.01,0
C2_n0.01_d000_r01,C2,202606,2.6,2.6,0.0,0.6,0.5950882439757392,0.5980803745887338,FAR,FAR,0.0,1,,,0.01,0
C2_n0.01_d000_r01,C2,202606,2.62,2.62,0.0,0.6,0.6024984981391636,0.5991849054763412,FAR,FAR,0.0,1,,,0.01,0
C2_n0.01_d000_r01,C2,202606,2.64,2.64,0.0,0.6,0.6076920959299786,0.6013117030897506,FAR,FAR,0.0,1,,,0.01,0
C2_n0.01_d000_r01,C2,202606,2.66,2.66,0.0,0.6,0.6060827522203436,0.6025044653723988,FAR,FAR,0.0,1,,,0.01,0
C2_n0.01_d000_r01,C2,202606,2.68,2.68,0.0,0.6,0.598748821367957,0.6015655543712883,FAR,FAR,0.0,1,,,0.01,0
C2_n0.01_d000_r01,C2,202606,2.7,2.7,0.0,0.6,0.6005998039214129,0.6013241167588195,FAR,FAR,0.0,1,,,0.01,0
C2_n0.01_d000_r01,C2,202606,2.72,2.72,0.0,0.6,0.5969197470451917,0.6002230243304125,FAR,FAR,0.0,1,,,0.01,0
C2_n0.01_d000_r01,C2,202606,2.74,2.74,0.0,0.6,0.5952369542033715,0.5989765067986523,FAR,FAR,0.0,1,,,0.01,0
C2_n0.01_d000_r01,C2,202606,2.76,2.76,0.0,0.6,0.5890881857326493,0.5965044265321515,FAR,FAR,0.0,1,,,0.01,0
C2_n0.01_d000_r01,C2,202606,2.78,2.78,0.0,0.6,0.5993491801993622,0.5972156149489543,FAR,FAR,0.0,1,,,0.01,0
C2_n0.01_d000_r01,C2,202606,2.8,2.8,0.0,0.6,0.5927825551806793,0.5961073500068855,FAR,FAR,0.0,1,,,0.01,0
C2_n0.01_d000_r01,C2,202606,2.82,2.82,0.0,0.6,0.6018851468789356,0.597551799224898,FAR,FAR,0.0,1,,,0.01,0
C2_n0.01_d000_r01,C2,202606,2.84,2.84,0.0,0.6,0.610390029800623,0.6007613568688293,FAR,FAR,0.0,1,,,0.01,0
C2_n0.01_d000_r01,C2,202606,2.86,2.86,0.0,0.6,0.603099987326687,0.6013460144832937,FAR,FAR,0.0,1,,,0.01,0
C2_n0.01_d000_r01,C2,202606,2.88,2.88,0.0,0.6,0.6029829572487986,0.6017552501746699,FAR,FAR,0.0,1,,,0.01,0
C2_n0.01_d000_r01,C2,202606,2.9,2.9,0.0,0.6,0.6038223611598597,0.6022720279209673,FAR,FAR,0.0,1,,,0.01,0
C2_n0.01_d000_r01,C2,202606,2.92,2.92,0.0,0.6,0.6041332963772847,0.6027373450350466,FAR,FAR,0.0,1,,,0.01,0
C2_n0.01_d000_r01,C2,202606,2.94,2.94,0.0,0.6,0.5968646079404781,0.6012691607614045,FAR,FAR,0.0,1,,,0.01,0
C2_n0.01_d000_r01,C2,202606,2.96,2.96,0.0,0.6,0.6168894331838379,0.6051742288670128,FAR,FAR,0.0,1,,,0.01,0
C2_n0.01_d000_r01,C2,202606,2.98,2.98,0.0,0.6,0.595827820917888,0.6028376268797315,FAR,FAR,0.0,1,,,0.01,0
C2_n0.01_d000_r01,C2,202606,3.0,3.0,0.0,0.6,0.5924129412101915,0.6002314554623465,FAR,FAR,0.0,1,,,0.01,0
C2_n0.01_d000_r01,C2,202606,3.02,3.02,0.0,0.6,0.616260400693336,0.6042386917700938,FAR,FAR,0.0,1,,,0.01,0
C2_n0.01_d000_r01,C2,202606,3.04,3.04,0.0,0.6,0.6080969945524379,0.6052032674656799,FAR,FAR,0.0,1,,,0.01,0
C2_n0.01_d000_r01,C2,202606,3.06,3.06,0.0,0.6,0.600453474975352,0.6040158193430979,FAR,FAR,0.0,1,,,0.01,0
C2_n0.01_d000_r01,C2,202606,3.08,3.08,0.0,0.6,0.5956756641208162,0.6019307805375275,FAR,FAR,0.0,1,,,0.01,0
C2_n0.01_d000_r01,C2,202606,3.1,3.1,0.0,0.6,0.5991040756494785,0.6012241043155153,FAR,FAR,0.0,1,,,0.01,0
C2_n0.01_d000_r01,C2,202606,3.12,3.12,0.0,0.6,0.587330304196941,0.5977506542858717,FAR,FAR,0.0,1,,,0.01,0
C2_n0.01_d000_r01,C2,202606,3.14,3.14,0.0,0.6,0.6106286723451412,0.600970158800689,FAR,FAR,0.0,1,,,0.01,0
C2_n0.01_d000_r01,C2,202606,3.16,3.16,0.0,0.6,0.6095049202474151,0.6031038491623706,FAR,FAR,0.0,1,,,0.01,0
C2_n0.01_d000_r01,C2,202606,3.18,3.18,0.0,0.6,0.5982288161326437,0.6018850909049389,FAR,FAR,0.0,1,,,0.01,0
C2_n0.01_d000_r01,C2,202606,3.2,3.2,0.0,0.6,0.6002852741207483,0.6014851367088913,FAR,FAR,0.0,1,,,0.01,0
C2_n0.01_d000_r01,C2,202606,3.22,3.22,0.0,0.6,0.5917588547732459,0.59905356622498,FAR,FAR,0.0,1,,,0.01,0
C2_n0.01_d000_r01,C2,202606,3.24,3.24,0.0,0.6,0.605321066967417,0.6006204414105892,FAR,FAR,0.0,1,,,0.01,0
C2_n0.01_d000_r01,C2,202606,3.26,3.26,0.0,0.6,0.5934733035074938,0.5988336569348154,FAR,FAR,0.0,1,,,0.01,0
C2_n0.01_d000_r01,C2,202606,3.28,3.28,0.0,0.6,0.6178098335207453,0.6035777010812978,FAR,FAR,0.0,1,,,0.01,0
C2_n0.01_d000_r01,C2,202606,3.3,3.3,0.0,0.6,0.5989928599671877,0.6024314908027703,FAR,FAR,0.0,1,,,0.01,0
C2_n0.01_d000_r01,C2,202606,3.32,3.32,0.0,0.6,0.6052338583379804,0.6031320826865728,FAR,FAR,0.0,1,,,0.01,0
C2_n0.01_d000_r01,C2,202606,3.34,3.34,0.0,0.6,0.5808176630798408,0.5975534777848899,FAR,FAR,0.0,1,,,0.01,0
C2_n0.01_d000_r01,C2,202606,3.36,3.36,0.0,0.6,0.6106558383265009,0.6008290679202927,FAR,FAR,0.0,1,,,0.01,0
C2_n0.01_d000_r01,C2,202606,3.38,3.38,0.0,0.6,0.5964793184855328,0.5997416305616028,FAR,FAR,0.0,1,,,0.01,0
C2_n0.01_d000_r01,C2,202606,3.4,3.4,0.0,0.6,0.5932240738027795,0.598112241371897,FAR,FAR,0.0,1,,,0.01,0
C2_n0.01_d000_r01,C2,202606,3.42,3.42,0.0,0.6,0.6178045927959921,0.6030353292279207,FAR,FAR,0.0,1,,,0.01,0
C2_n0.01_d000_r01,C2,202606,3.44,3.44,0.0,0.6,0.6200263792505742,0.6072830917335841,FAR,FAR,0.0,1,,,0.01,0
C2_n0.01_d000_r01,C2,202606,3.46,3.46,0.0,0.6,0.5935839095425645,0.6038582961858292,FAR,FAR,0.0,1,,,0.01,0
C2_n0.01_d000_r01,C2,202606,3.48,3.48,0.0,0.6,0.6046459277736769,0.6040552040827911,FAR,FAR,0.0,1,,,0.01,0
C2_n0.01_d000_r01,C2,202606,3.5,3.5,0.0,0.6,0.6042443221713927,0.6041024836049416,FAR,FAR,0.0,1,,,0.01,0
C2_n0.01_d000_r01,C2,202606,3.52,3.52,0.0,0.6,0.6038627198284795,0.604042542660826,FAR,FAR,0.0,1,,,0.01,0
C2_n0.01_d000_r01,C2,202606,3.54,3.54,0.0,0.6,0.6109774449081607,0.6057762682226597,FAR,FAR,0.0,1,,,0.01,0
C2_n0.01_d000_r01,C2,202606,3.56,3.56,0.0,0.6,0.5916764993202156,0.6022513259970487,FAR,FAR,0.0,1,,,0.01,0
C2_n0.01_d000_r01,C2,202606,3.58,3.58,0.0,0.6,0.5998045972830771,0.6016396438185557,FAR,FAR,0.0,1,,,0.01,0
C2_n0.01_d000_r01,C2,202606,3.6,3.6,0.0,0.6,0.588401685338255,0.5983301541984805,FAR,FAR,0.0,1,,,0.01,0
C2_n0.01_d000_r01,C2,202606,3.62,3.62,0.0,0.6,0.5905359900443967,0.5963816131599595,FAR,FAR,0.0,1,,,0.01,0
C2_n0.01_d000_r01,C2,202606,3.64,3.64,0.0,0.6,0.6014485724636442,0.5976483529858807,FAR,FAR,0.0,1,,,0.01,0
C2_n0.01_d000_r01,C2,202606,3.66,3.66,0.0,0.6,0.6057465386124918,0.5996728993925335,FAR,FAR,0.0,1,,,0.01,0
C2_n0.01_d000_r01,C2,202606,3.68,3.68,0.0,0.6,0.6172674981023566,0.6040715490699893,FAR,FAR,0.0,1,,,0.01,0
C2_n0.01_d000_r01,C2,202606,3.7,3.7,0.0,0.6,0.6057433944809595,0.6044895104227318,FAR,FAR,0.0,1,,,0.01,0
C2_n0.01_d000_r01,C2,202606,3.72,3.72,0.0,0.6,0.6095343648099779,0.6057507240195433,FAR,FAR,0.0,1,,,0.01,0
C2_n0.01_d000_r01,C2,202606,3.74,3.74,0.0,0.6,0.5973586838691246,0.6036527139819386,FAR,FAR,0.0,1,,,0.01,0
C2_n0.01_d000_r01,C2,202606,3.76,3.76,0.0,0.6,0.6094665895160283,0.605106182865461,FAR,FAR,0.0,1,,,0.01,0
C2_n0.01_d000_r01,C2,202606,3.78,3.78,0.0,0.6,0.6119237186221541,0.6068105668046343,FAR,FAR,0.0,1,,,0.01,0
C2_n0.01_d000_r01,C2,202606,3.8,3.8,0.0,0.6,0.5966837865919338,0.6042788717514592,FAR,FAR,0.0,1,,,0.01,0
C2_n0.01_d000_r01,C2,202606,3.82,3.82,0.0,0.6,0.6066658841609017,0.6048756248538198,FAR,FAR,0.0,1,,,0.01,0
C2_n0.01_d000_r01,C2,202606,3.84,3.84,0.0,0.6,0.5941311838442129,0.6021895146014181,FAR,FAR,0.0,1,,,0.01,0
C2_n0.01_d000_r01,C2,202606,3.86,3.86,0.0,0.6,0.5742961684661121,0.5952161780675916,FAR,FAR,0.0,1,,,0.01,0
C2_n0.01_d000_r01,C2,202606,3.88,3.88,0.0,0.6,0.6045108623540899,0.5975398491392162,FAR,FAR,0.0,1,,,0.01,0
C2_n0.01_d000_r01,C2,202606,3.9,3.9,0.0,0.6,0.6051715931786437,0.5994477851490732,FAR,FAR,0.0,1,,,0.01,0
C2_n0.01_d000_r01,C2,202606,3.92,3.92,0.0,0.6,0.594835971579792,0.5982948317567529,FAR,FAR,0.0,1,,,0.01,0
C2_n0.01_d000_r01,C2,202606,3.94,3.94,0.0,0.6,0.6043827140190641,0.5998168023223307,FAR,FAR,0.0,1,,,0.01,0
C2_n0.01_d000_r01,C2,202606,3.96,3.96,0.0,0.6,0.5970844694307421,0.5991337190994336,FAR,FAR,0.0,1,,,0.01,0
C2_n0.01_d000_r01,C2,202606,3.98,3.98,0.0,0.6,0.5863601694300099,0.5959403316820777,FAR,FAR,0.0,1,,,0.01,0
C2_n0.01_d000_r01,C2,202606,4.0,4.0,0.0,0.6,0.5856729391978863,0.5933734835610298,FAR,FAR,0.0,1,,,0.01,0
C2_n0.01_d000_r01,C2,202606,4.02,4.02,0.0,0.5982500000000001,0.5918436790989252,0.5929910324455037,FAR,FAR,0.0,1,,,0.01,0
C2_n0.01_d000_r01,C2,202606,4.04,4.04,0.0,0.5965,0.6052902572756205,0.5960658386530329,FAR,FAR,0.0,1,,,0.01,0
C2_n0.01_d000_r01,C2,202606,4.06,4.06,0.0,0.59475,0.6020924094476667,0.5975724813516914,FAR,FAR,0.0,1,,,0.01,0
C2_n0.01_d000_r01,C2,202606,4.08,4.08,0.0,0.593,0.6162697022611029,0.6022467865790443,FAR,FAR,0.0,1,,,0.01,0
C2_n0.01_d000_r01,C2,202606,4.1,4.1,0.0,0.59125,0.5911536926739019,0.5994735131027588,FAR,FAR,0.0,1,,,0.01,0
C2_n0.01_d000_r01,C2,202606,4.12,4.12,0.0,0.5894999999999999,0.5887282117808401,0.5967871877722791,FAR,FAR,0.0,1,,,0.01,0
C2_n0.01_d000_r01,C2,202606,4.14,4.14,0.0,0.58775,0.5909813465671042,0.5953357274709854,FAR,FAR,0.0,1,,,0.01,0
C2_n0.01_d000_r01,C2,202606,4.16,4.16,0.0,0.586,0.5798326166167971,0.5914599497574383,FAR,FAR,0.0,1,,,0.01,0
C2_n0.01_d000_r01,C2,202606,4.18,4.18,0.0,0.58425,0.5929999549217508,0.5918449510485164,FAR,FAR,0.0,1,,,0.01,0
C2_n0.01_d000_r01,C2,202606,4.2,4.2,0.0,0.5825,0.5498201726865726,0.5813387564580305,FAR,FAR,0.0,1,,,0.01,0
C2_n0.01_d000_r01,C2,202606,4.22,4.22,0.0,0.58075,0.5896938530464362,0.5834275306051319,FAR,FAR,0.0,1,,,0.01,0
C2_n0.01_d000_r01,C2,202606,4.24,4.24,0.0,0.579,0.5617002497982672,0.5779957104034157,FAR,FAR,0.0,1,,,0.01,0
C2_n0.01_d000_r01,C2,202606,4.26,4.26,0.0,0.57725,0.5819694019780512,0.5789891332970746,FAR,FAR,0.0,1,,,0.01,0
C2_n0.01_d000_r01,C2,202606,4.28,4.28,0.0,0.5754999999999999,0.5669004147268137,0.5759669536545093,FAR,FAR,0.0,1,,,0.01,0
C2_n0.01_d000_r01,C2,202606,4.3,4.3,0.0,0.57375,0.5554402132384285,0.5708352685504892,FAR,FAR,0.0,1,,,0.01,0
C2_n0.01_d000_r01,C2,202606,4.32,4.32,0.0,0.572,0.5618103590975785,0.5685790411872615,FAR,FAR,0.0,1,,,0.01,0
C2_n0.01_d000_r01,C2,202606,4.34,4.34,0.0,0.57025,0.5799292283913889,0.5714165879882934,FAR,FAR,0.0,1,,,0.01,0
C2_n0.01_d000_r01,C2,202606,4.36,4.36,0.0,0.5685,0.5771985345904544,0.5728620746388338,FAR,FAR,0.0,1,,,0.01,0
C2_n0.01_d000_r01,C2,202606,4.38,4.38,0.0,0.56675,0.564981631038208,0.5708919637386773,FAR,FAR,0.0,1,,,0.01,0
C2_n0.01_d000_r01,C2,202606,4.4,4.4,0.0,0.565,0.56642179928846,0.569774422626123,FAR,FAR,0.0,1,,,0.01,0
C2_n0.01_d000_r01,C2,202606,4.42,4.42,0.0,0.56325,0.5590211507147013,0.5670861046482676,FAR,FAR,0.0,1,,,0.01,0
C2_n0.01_d000_r01,C2,202606,4.44,4.44,0.0,0.5614999999999999,0.5592619708135342,0.5651300711895842,FAR,FAR,0.0,1,,,0.01,0
C2_n0.01_d000_r01,C2,202606,4.46,4.46,0.0,0.55975,0.5537191811979169,0.5622773486916673,FAR,FAR,0.0,1,,,0.01,0
C2_n0.01_d000_r01,C2,202606,4.48,4.48,0.0,0.5579999999999999,0.5663115712261303,0.563285904325283,FAR,FAR,0.0,1,,,0.01,0
C2_n0.01_d000_r01,C2,202606,4.5,4.5,0.0,0.55625,0.5445749946156874,0.5586081768978841,FAR,FAR,0.0,1,,,0.01,0
C2_n0.01_d000_r01,C2,202606,4.52,4.52,0.0,0.5545,0.5609880403887559,0.5592031427706021,FAR,FAR,0.0,1,,,0.01,0
C2_n0.01_d000_r01,C2,202606,4.54,4.54,0.0,0.55275,0.5547878381469976,0.558099316614701,FAR,FAR,0.0,1,,,0.01,0
C2_n0.01_d000_r01,C2,202606,4.56,4.56,0.0,0.551,0.5338844419409973,0.5520455979462751,FAR,FAR,0.0,1,,,0.01,0
C2_n0.01_d000_r01,C2,202606,4.58,4.58,0.0,0.54925,0.5449162354605199,0.5502632573248363,FAR,FAR,0.0,1,,,0.01,0
C2_n0.01_d000_r01,C2,202606,4.6,4.6,0.0,0.5475,0.5473316934169256,0.5495303663478586,FAR,FAR,0.0,1,,,0.01,0
C2_n0.01_d000_r01,C2,202606,4.62,4.62,0.0,0.54575,0.5351078883861421,0.5459247468574294,FAR,FAR,0.0,1,,,0.01,0
C2_n0.01_d000_r01,C2,202606,4.64,4.64,0.0,0.544,0.5501709034397468,0.5469862860030088,FAR,FAR,0.0,1,,,0.01,0
C2_n0.01_d000_r01,C2,202606,4.66,4.66,0.0,0.54225,0.5424614168991011,0.5458550687270318,FAR,FAR,0.0,1,,,0.01,0
C2_n0.01_d000_r01,C2,202606,4.68,4.68,0.0,0.5405,0.5402308248778749,0.5444490077647426,FAR,FAR,0.0,1,,,0.01,0
C2_n0.01_d000_r01,C2,202606,4.7,4.7,0.0,0.53875,0.5547982478193146,0.5470363177783856,FAR,FAR,0.0,1,,,0.01,0
C2_n0.01_d000_r01,C2,202606,4.72,4.72,0.0,0.537,0.5358013728989577,0.5442275815585286,FAR,FAR,0.0,1,,,0.01,0
C2_n0.01_d000_r01,C2,202606,4.74,4.74,0.0,0.53525,0.5347063412186785,0.541847271473566,FAR,FAR,0.0,1,,,0.01,0
C2_n0.01_d000_r01,C2,202606,4.76,4.76,0.0,0.5335,0.5428633120390124,0.5421012816149277,FAR,FAR,0.0,1,,,0.01,0
C2_n0.01_d000_r01,C2,202606,4.78,4.78,0.0,0.53175,0.5302151295750767,0.5391297436049649,FAR,FAR,0.0,1,,,0.01,0
C2_n0.01_d000_r01,C2,202606,4.8,4.8,0.0,0.53,0.5127204972014743,0.5325274320040922,FAR,FAR,0.0,1,,,0.01,0
C2_n0.01_d000_r01,C2,202606,4.82,4.82,0.0,0.52825,0.5191695717056527,0.5291879669294823,FAR,FAR,0.0,1,,,0.01,0
C2_n0.01_d000_r01,C2,202606,4.84,4.84,0.0,0.5265,0.5366083597255332,0.5310430651284951,FAR,FAR,0.0,1,,,0.01,0
C2_n0.01_d000_r01,C2,202606,4.86,4.86,0.0,0.5247499999999999,0.5314164391848868,0.531136408642593,FAR,FAR,0.0,1,,,0.01,0
C2_n0.01_d000_r01,C2,202606,4.88,4.88,0.0,0.523,0.5258860944356358,0.5298238300908538,FAR,FAR,0.0,1,,,0.01,0
C2_n0.01_d000_r01,C2,202606,4.9,4.9,0.0,0.52125,0.5187640283639505,0.527058879659128,FAR,FAR,0.0,1,,,0.01,0
C2_n0.01_d000_r01,C2,202606,4.92,4.92,0.0,0.5195,0.5262177039075666,0.5268485857212377,FAR,FAR,0.0,1,,,0.01,0
C2_n0.01_d000_r01,C2,202606,4.94,4.94,0.0,0.5177499999999999,0.5199606102472129,0.5251265918527315,FAR,FAR,0.0,1,,,0.01,0
C2_n0.01_d000_r01,C2,202606,4.96,4.96,0.0,0.516,0.5194120498691774,0.5236979563568429,FAR,FAR,0.0,1,,,0.01,0
C2_n0.01_d000_r01,C2,202606,4.98,4.98,0.0,0.51425,0.5121761745451195,0.520817510903912,FAR,FAR,0.0,1,,,0.01,0
C2_n0.01_d000_r01,C2,202606,5.0,5.0,0.0,0.5125,0.509050592706806,0.5178757813546355,FAR,FAR,0.0,1,,,0.01,0
C2_n0.01_d000_r01,C2,202606,5.02,5.02,0.0,0.51075,0.505417779193631,0.5147612808143844,FAR,FAR,0.0,1,,,0.01,0
C2_n0.01_d000_r01,C2,202606,5.04,5.04,0.0,0.509,0.5380295036774823,0.5205783365301588,FAR,FAR,0.0,1,,,0.01,0
C2_n0.01_d000_r01,C2,202606,5.06,5.06,0.0,0.50725,0.5078977770067019,0.5174081966492946,FAR,FAR,0.0,1,,,0.01,0
C2_n0.01_d000_r01,C2,202606,5.08,5.08,0.0,0.5055,0.48590433158046087,0.5095322303820862,FAR,FAR,0.0,1,,,0.01,0
C2_n0.01_d000_r01,C2,202606,5.1,5.1,0.0,0.50375,0.4994684388161715,0.5070162824906075,FAR,FAR,0.0,1,,,0.01,0
C2_n0.01_d000_r01,C2,202606,5.12,5.12,0.0,0.502,0.4934628613660612,0.5036279272094709,FAR,FAR,0.0,1,,,0.01,0
C2_n0.01_d000_r01,C2,202606,5.14,5.14,0.0,0.50025,0.4983288723343589,0.5023031634906929,FAR,FAR,0.0,1,,,0.01,0
C2_n0.01_d000_r01,C2,202606,5.16,5.16,0.0,0.49849999999999994,0.49394308623814615,0.5002131441775562,FAR,FAR,0.0,1,,,0.01,0
C2_n0.01_d000_r01,C2,202606,5.18,5.18,0.0,0.49675,0.5068869909574607,0.5018816058725324,FAR,FAR,0.0,1,,,0.01,0
C2_n0.01_d000_r01,C2,202606,5.2,5.2,0.0,0.495,0.49020631131599235,0.4989627822333974,FAR,FAR,0.0,1,,,0.01,0
C2_n0.01_d000_r01,C2,202606,5.22,5.22,0.0,0.49325,0.49439641655702526,0.4978211908143044,FAR,FAR,0.0,1,,,0.01,0
C2_n0.01_d000_r01,C2,202606,5.24,5.24,0.0,0.49149999999999994,0.4929240702531858,0.4965969106740248,FAR,FAR,0.0,1,,,0.01,0
C2_n0.01_d000_r01,C2,202606,5.26,5.26,0.0,0.48975,0.47071008043364576,0.49012520311393,FAR,FAR,0.0,1,,,0.01,0
C2_n0.01_d000_r01,C2,202606,5.28,5.28,0.0,0.488,0.49950281391842816,0.4924696058150545,FAR,FAR,0.0,1,,,0.01,0
C2_n0.01_d000_r01,C2,202606,5.3,5.3,0.0,0.48625,0.4856767563188891,0.49077139344101317,FAR,FAR,0.0,1,,,0.01,0
C2_n0.01_d000_r01,C2,202606,5.32,5.32,0.0,0.48449999999999993,0.4915454072740361,0.4909648968992689,FAR,FAR,0.0,1,,,0.01,0
C2_n0.01_d000_r01,C2,202606,5.34,5.34,0.0,0.48275,0.46830424642282487,0.4852997342801579,FAR,FAR,0.0,1,,,0.01,0
C2_n0.01_d000_r01,C2,202606,5.36,5.36,0.0,0.481,0.4695032287142554,0.4813506078886822,FAR,FAR,0.0,1,,,0.01,0
C2_n0.01_d000_r01,C2,202606,5.38,5.38,0.0,0.47925,0.4781184703941121,0.4805425735150397,FAR,FAR,0.0,1,,,0.01,0
C2_n0.01_d000_r01,C2,202606,5.4,5.4,0.0,0.4774999999999999,0.47970856809891144,0.48033407216100765,FAR,FAR,0.0,1,,,0.01,0
C2_n0.01_d000_r01,C2,202606,5.42,5.42,0.0,0.47575,0.47780556182559725,0.47970194457715504,FAR,FAR,0.0,1,,,0.01,0
C2_n0.01_d000_r01,C2,202606,5.44,5.44,0.0,0.474,0.4609495124973927,0.4750138365572144,FAR,FAR,0.0,1,,,0.01,0
C2_n0.01_d000_r01,C2,202606,5.46,5.46,0.0,0.47224999999999995,0.4613250910169422,0.4715916501721464,FAR,FAR,0.0,1,,,0.01,0
C2_n0.01_d000_r01,C2,202606,5.48,5.48,0.0,0.4704999999999999,0.4724248862222432,0.47179995918467055,FAR,FAR,0.0,1,,,0.01,0
C2_n0.01_d000_r01,C2,202606,5.5,5.5,0.0,0.46875,0.4694280524324531,0.4712069824966162,FAR,FAR,0.0,1,,,0.01,0
C2_n0.01_d000_r01,C2,202606,5.52,5.52,0.0,0.467,0.4735724025113792,0.471798337500307,FAR,FAR,0.0,1,,,0.01,0
C2_n0.01_d000_r01,C2,202606,5.54,5.54,0.0,0.46525,0.4651258839500789,0.47013022411274996,FAR,FAR,0.0,1,,,0.01,0
C2_n0.01_d000_r01,C2,202606,5.56,5.56,0.0,0.4635,0.4744187692648789,0.4712023604007822,FAR,FAR,0.0,1,,,0.01,0
C2_n0.01_d000_r01,C2,202606,5.58,5.58,0.0,0.46175,0.4672114996020794,0.4702046452011065,FAR,FAR,0.0,1,,,0.01,0
C2_n0.01_d000_r01,C2,202606,5.6,5.6,0.0,0.46,0.459845630833911,0.4676148916093076,FAR,FAR,0.0,1,,,0.01,0
C2_n0.01_d000_r01,C2,202606,5.62,5.62,0.0,0.45825,0.46643245562739066,0.4673192826138284,FAR,FAR,0.0,1,,,0.01,0
C2_n0.01_d000_r01,C2,202606,5.64,5.64,0.0,0.4565,0.4721970640068972,0.4685387279620956,FAR,FAR,0.0,1,,,0.01,0
C2_n0.01_d000_r01,C2,202606,5.66,5.66,0.0,0.45475,0.45029049128671333,0.46397666879325006,FAR,FAR,0.0,1,,,0.01,0
C2_n0.01_d000_r01,C2,202606,5.68,5.68,0.0,0.453,0.4442156842404864,0.4590364226550592,FAR,FAR,0.0,1,,,0.01,0
C2_n0.01_d000_r01,C2,202606,5.7,5.7,0.0,0.45125,0.45498355611114877,0.4580232060190816,FAR,FAR,0.0,1,,,0.01,0
C2_n0.01_d000_r01,C2,202606,5.72,5.72,0.0,0.4495,0.43713445488889624,0.45280101823653524,FAR,FAR,0.0,1,,,0.01,0
C2_n0.01_d000_r01,C2,202606,5.74,5.74,0.0,0.44775,0.43894804306759944,0.4493377744443013,FAR,FAR,0.0,1,,,0.01,0
C2_n0.01_d000_r01,C2,202606,5.76,5.76,0.0,0.446,0.4423248026676084,0.44758453150012806,FAR,FAR,0.0,1,,,0.01,0
C2_n0.01_d000_r01,C2,202606,5.78,5.78,0.0,0.44425,0.46315160934185895,0.4514763009605608,FAR,FAR,0.0,1,,,0.01,0
C2_n0.01_d000_r01,C2,202606,5.8,5.8,0.0,0.4425,0.42984851993633416,0.4460693557045041,FAR,FAR,0.0,1,,,0.01,0
C2_n0.01_d000_r01,C2,202606,5.82,5.82,0.0,0.44075,0.44229474857153916,0.4451257039212629,FAR,FAR,0.0,1,,,0.01,0
C2_n0.01_d000_r01,C2,202606,5.84,5.84,0.0,0.439,0.4468259331626644,0.4455507612316133,FAR,FAR,0.0,1,,,0.01,0
C2_n0.01_d000_r01,C2,202606,5.86,5.86,0.0,0.43724999999999997,0.45585800719140745,0.4481275727215619,FAR,FAR,0.0,1,,,0.01,0
C2_n0.01_d000_r01,C2,202606,5.88,5.88,0.0,0.4355,0.4358193429127798,0.44505051526936634,FAR,FAR,0.0,1,,,0.01,0
C2_n0.01_d000_r01,C2,202606,5.9,5.9,0.0,0.43374999999999997,0.44372736284008646,0.44471972716204633,FAR,FAR,0.0,1,,,0.01,0
C2_n0.01_d000_r01,C2,202606,5.92,5.92,0.0,0.432,0.44316388847768723,0.44433076749095657,FAR,FAR,0.0,1,,,0.01,0
C2_n0.01_d000_r01,C2,202606,5.94,5.94,0.0,0.43024999999999997,0.4218596287754334,0.4387129828120758,FAR,FAR,0.0,1,,,0.01,0
C2_n0.01_d000_r01,C2,202606,5.96,5.96,0.0,0.4285,0.44214715744497235,0.43957152647029996,FAR,FAR,0.0,1,,,0.01,0
C2_n0.01_d000_r01,C2,202606,5.98,5.98,0.0,0.42674999999999996,0.4239231516428108,0.43565943276342767,FAR,FAR,0.0,1,,,0.01,0
C2_n0.01_d000_r01,C2,202606,6.0,6.0,0.0,0.425,0.4228958845216748,0.4324685457029895,FAR,FAR,0.0,1,,,0.01,0
C2_n0.01_d000_r01,C2,202606,6.02,6.02,0.0,0.42325,0.42669899570644804,0.4310261582038541,FAR,FAR,0.0,1,,,0.01,0
C2_n0.01_d000_r01,C2,202606,6.04,6.04,0.0,0.4215,0.42310772221784443,0.42904654920735164,FAR,FAR,0.0,1,,,0.01,0
C2_n0.01_d000_r01,C2,202606,6.06,6.06,0.0,0.41975,0.41704446462431566,0.42604602806159264,FAR,FAR,0.0,1,,,0.01,0
C2_n0.01_d000_r01,C2,202606,6.08,6.08,0.0,0.418,0.4041512283289278,0.4205723281284265,FAR,FAR,0.0,1,,,0.01,0
C2_n0.01_d000_r01,C2,202606,6.1,6.1,0.0,0.41625,0.4078404415456153,0.4173893564827237,FAR,FAR,0.0,1,,,0.01,0
C2_n0.01_d000_r01,C2,202606,6.12,6.12,0.0,0.4145,0.41505160268855795,0.41680491803418224,FAR,FAR,0.0,1,,,0.01,0
C2_n0.01_d000_r01,C2,202606,6.14,6.14,0.0,0.41275,0.4085318994612065,0.4147366633909383,FAR,FAR,0.0,1,,,0.01,0
C2_n0.01_d000_r01,C2,202606,6.16,6.16,0.0,0.411,0.4013933216387776,0.4114008279528981,FAR,FAR,0.0,1,,,0.01,0
C2_n0.01_d000_r01,C2,202606,6.18,6.18,0.0,0.40925,0.4098256044138092,0.4110070220681259,FAR,FAR,0.0,1,,,0.01,0
C2_n0.01_d000_r01,C2,202606,6.2,6.2,0.0,0.4075,0.4050526762551722,0.4095184356148875,FAR,FAR,0.0,1,,,0.01,0
C2_n0.01_d000_r01,C2,202606,6.22,6.22,0.0,0.40575,0.3868701263764478,0.40385635830527755,FAR,FAR,0.0,1,,,0.01,0
C2_n0.01_d000_r01,C2,202606,6.24,6.24,0.0,0.40399999999999997,0.4047766488502127,0.4040864309415113,FAR,FAR,0.0,1,,,0.01,0
C2_n0.01_d000_r01,C2,202606,6.26,6.26,0.0,0.40225,0.405439088160021,0.4044245952461387,FAR,FAR,0.0,1,,,0.01,0
C2_n0.01_d000_r01,C2,202606,6.28,6.28,0.0,0.40049999999999997,0.3969612264119512,0.4025587530375918,FAR,FAR,0.0,1,,,0.01,0
C2_n0.01_d000_r01,C2,202606,6.3,6.3,0.0,0.39875,0.4044524711476068,0.40303218256509554,FAR,FAR,0.0,1,,,0.01,0
C2_n0.01_d000_r01,C2,202606,6.32,6.32,0.0,0.39699999999999996,0.4022271243980479,0.40283091802333365,FAR,FAR,0.0,1,,,0.01,0
C2_n0.01_d000_r01,C2,202606,6.34,6.34,0.0,0.39525,0.39468903166245867,0.40079544643311493,FAR,FAR,0.0,1,,,0.01,0
C2_n0.01_d000_r01,C2,202606,6.36,6.36,0.0,0.39349999999999996,0.3873656693906911,0.39743800217250896,FAR,FAR,0.0,1,,,0.01,0
C2_n0.01_d000_r01,C2,202606,6.38,6.38,0.0,0.39175,0.37736641458608694,0.39242010527590343,FAR,FAR,0.0,1,,,0.01,0
C2_n0.01_d000_r01,C2,202606,6.4,6.4,0.0,0.38999999999999996,0.3826746812433816,0.38998374926777296,FAR,FAR,0.0,1,,,0.01,0
C2_n0.01_d000_r01,C2,202606,6.42,6.42,0.0,0.38825,0.3946799900751134,0.3911578094696081,FAR,FAR,0.0,1,,,0.01,0
C2_n0.01_d000_r01,C2,202606,6.44,6.44,0.0,0.38649999999999995,0.3834614942544211,0.38923373066581135,FAR,FAR,0.0,1,,,0.01,0
C2_n0.01_d000_r01,C2,202606,6.46,6.46,0.0,0.38475,0.3719615806514567,0.3849156931622227,FAR,FAR,0.0,1,,,0.01,0
C2_n0.01_d000_r01,C2,202606,6.48,6.48,0.0,0.38299999999999995,0.3898376209910627,0.3861461751194327,FAR,FAR,0.0,1,,,0.01,0
C2_n0.01_d000_r01,C2,202606,6.5,6.5,0.0,0.38125,0.363288152120339,0.3804316693696593,FAR,FAR,0.0,1,,,0.01,0
C2_n0.01_d000_r01,C2,202606,6.52,6.52,0.0,0.37950000000000006,0.3640032525995126,0.37632456517712265,FAR,FAR,0.0,1,,,0.01,0
C2_n0.01_d000_r01,C2,202606,6.54,6.54,0.0,0.37775000000000003,0.3868491796016718,0.3789557187832599,FAR,FAR,0.0,1,,,0.01,0
C2_n0.01_d000_r01,C2,202606,6.56,6.56,0.0,0.376,0.3883962553925119,0.3813158529355729,FAR,FAR,0.0,1,,,0.01,0
C2_n0.01_d000_r01,C2,202606,6.58,6.58,0.0,0.37424999999999997,0.4017963756527928,0.38643598361487785,FAR,FAR,0.0,1,,,0.01,0
C2_n0.01_d000_r01,C2,202606,6.6,6.6,0.0,0.37250000000000005,0.36289781442793806,0.3805514413181429,FAR,FAR,0.0,1,,,0.01,0
C2_n0.01_d000_r01,C2,202606,6.62,6.62,0.0,0.37075,0.3771566671574684,0.37970274777797425,FAR,FAR,0.0,1,,,0.01,0
C2_n0.01_d000_r01,C2,202606,6.64,6.64,0.0,0.369,0.3633738780113292,0.375620530336313,FAR,FAR,0.0,1,,,0.01,0
C2_n0.01_d000_r01,C2,202606,6.66,6.66,0.0,0.36724999999999997,0.3767313289069772,0.37589822997897904,FAR,FAR,0.0,1,,,0.01,0
C2_n0.01_d000_r01,C2,202606,6.68,6.68,0.0,0.36550000000000005,0.36149623514127505,0.372297731269553,FAR,FAR,0.0,1,,,0.01,0
C2_n0.01_d000_r01,C2,202606,6.7,6.7,0.0,0.36375,0.34912621039246006,0.36650485105027975,FAR,FAR,0.0,1,,,0.01,0
C2_n0.01_d000_r01,C2,202606,6.72,6.72,0.0,0.362,0.3440403898681067,0.36088873575473646,FAR,FAR,0.0,1,,,0.01,0
C2_n0.01_d000_r01,C2,202606,6.74,6.74,0.0,0.36024999999999996,0.3566201460668595,0.35982158833276723,FAR,FAR,0.0,1,,,0.01,0
C2_n0.01_d000_r01,C2,202606,6.76,6.76,0.0,0.35850000000000004,0.3718396128121721,0.3628260944526185,FAR,FAR,0.0,1,,,0.01,0
C2_n0.01_d000_r01,C2,202606,6.78,6.78,0.0,0.35675,0.3481295735124046,0.359151964217565,FAR,FAR,0.0,1,,,0.01,0
C2_n0.01_d000_r01,C2,202606,6.8,6.8,0.0,0.355,0.35661570579815277,0.3585178996127119,FAR,FAR,0.0,1,,,0.01,0
C2_n0.01_d000_r01,C2,202606,6.82,6.82,0.0,0.35324999999999995,0.33955225195077976,0.3537764876972289,FAR,FAR,0.0,1,,,0.01,0
C2_n0.01_d000_r01,C2,202606,6.84,6.84,0.0,0.35150000000000003,0.3514163871583081,0.3531864625624987,FAR,FAR,0.0,1,,,0.01,0
C2_n0.01_d000_r01,C2,202606,6.86,6.86,0.0,0.34974999999999995,0.36986724570869917,0.3573566583490488,NEAR,FAR,0.0,1,,,0.01,0
C2_n0.01_d000_r01,C2,202606,6.88,6.88,0.0,0.348,0.34640878381013457,0.35461968971432023,NEAR,FAR,0.0,1,,,0.01,0
C2_n0.01_d000_r01,C2,202606,6.9,6.9,0.0,0.34624999999999995,0.34014356152750935,0.35100065766761746,NEAR,FAR,0.0,1,,,0.01,0
C2_n0.01_d000_r01,C2,202606,6.92,6.92,0.0,0.3445,0.3462825229215395,0.349821123981098,NEAR,FAR,0.0,1,,,0.01,0
C2_n0.01_d000_r01,C2,202606,6.94,6.94,0.0,0.34274999999999994,0.33456217187479986,0.3460063859545235,NEAR,FAR,0.0,1,,,0.01,0
C2_n0.01_d000_r01,C2,202606,6.96,6.96,0.0,0.34099999999999997,0.3528007450023625,0.34770497571648323,NEAR,FAR,0.0,1,,,0.01,0
C2_n0.01_d000_r01,C2,202606,6.98,6.98,0.0,0.33924999999999994,0.3409295702326869,0.34601112434553416,NEAR,FAR,0.0,1,,,0.01,0
C2_n0.01_d000_r01,C2,202606,7.0,7.0,0.0,0.3375,0.31928275919008436,0.3393290330566717,NEAR,FAR,0.0,1,,,0.01,0
C2_n0.01_d000_r01,C2,202606,7.02,7.02,0.0,0.33575000000000005,0.3380054933094882,0.33899814811987583,NEAR,FAR,0.0,1,,,0.01,0
C2_n0.01_d000_r01,C2,202606,7.04,7.04,0.0,0.334,0.33229087554026254,0.3373213299749725,NEAR,FAR,0.0,1,,,0.01,0
C2_n0.01_d000_r01,C2,202606,7.06,7.06,0.0,0.33225000000000005,0.31876550996691927,0.3326823749729592,NEAR,FAR,0.0,1,,,0.01,0
C2_n0.01_d000_r01,C2,202606,7.08,7.08,0.0,0.3305,0.33774027292053793,0.33394684945985387,NEAR,FAR,0.0,1,,,0.01,0
C2_n0.01_d000_r01,C2,202606,7.1,7.1,0.0,0.32875000000000004,0.325921781398494,0.3319405824445139,NEAR,FAR,0.0,1,,,0.01,0
C2_n0.01_d000_r01,C2,202606,7.12,7.12,0.0,0.327,0.33586988808916957,0.3329229088556778,NEAR,FAR,0.0,1,,,0.01,0
C2_n0.01_d000_r01,C2,202606,7.14,7.14,0.0,0.32525000000000004,0.32655830340174724,0.3313317574921952,NEAR,FAR,0.0,1,,,0.01,0
C2_n0.01_d000_r01,C2,202606,7.16,7.16,0.0,0.3235,0.3043580904419897,0.3245883407296438,NEAR,FAR,0.0,1,,,0.01,0
C2_n0.01_d000_r01,C2,202606,7.18,7.18,0.0,0.32175000000000004,0.31141843676276865,0.32129586473792504,NEAR,FAR,0.0,1,,,0.01,0
C2_n0.01_d000_r01,C2,202606,7.2,7.2,0.0,0.32,0.3032912194825169,0.316794703424073,NEAR,NEAR,0.6,1,ENTER_NEAR,,0.01,0
C2_n0.01_d000_r01,C2,202606,7.22,7.22,0.0,0.31825000000000003,0.3324912519231331,0.32071884054883804,NEAR,NEAR,0.6,1,,,0.01,0
C2_n0.01_d000_r01,C2,202606,7.24,7.24,0.0,0.3165,0.3168430565670809,0.31974989455339875,NEAR,NEAR,0.6,1,,,0.01,0
C2_n0.01_d000_r01,C2,202606,7.26,7.26,0.0,0.31475000000000003,0.308363251388741,0.3169032337622343,NEAR,NEAR,0.6,1,,,0.01,0
C2_n0.01_d000_r01,C2,202606,7.28,7.28,0.0,0.313,0.32833877890223445,0.3197621200472343,NEAR,NEAR,0.6,1,,,0.01,0
C2_n0.01_d000_r01,C2,202606,7.3,7.3,0.0,0.31125,0.3089085946183156,0.31704873869000466,NEAR,NEAR,0.6,1,,,0.01,0
C2_n0.01_d000_r01,C2,202606,7.32,7.32,0.0,0.3095,0.31328213285439394,0.316107087231102,NEAR,NEAR,0.6,1,,,0.01,0
C2_n0.01_d000_r01,C2,202606,7.34,7.34,0.0,0.30775,0.3053966179848013,0.3134294699195268,NEAR,NEAR,0.6,1,,,0.01,0
C2_n0.01_d000_r01,C2,202606,7.36,7.36,0.0,0.306,0.3124197760374269,0.3131770464490018,NEAR,NEAR,0.6,1,,,0.01,0
C2_n0.01_d000_r01,C2,202606,7.38,7.38,0.0,0.30425,0.32129654429431304,0.3152069209103296,NEAR,NEAR,0.6,1,,,0.01,0
C2_n0.01_d000_r01,C2,202606,7.4,7.4,0.0,0.3025,0.2925136680090306,0.3095336076850048,NEAR,NEAR,0.6,1,,,0.01,0
C2_n0.01_d000_r01,C2,202606,7.42,7.42,0.0,0.30075,0.3075144613839694,0.30902882110974594,NEAR,NEAR,0.6,1,,,0.01,0
C2_n0.01_d000_r01,C2,202606,7.44,7.44,0.0,0.299,0.30380522776044483,0.30772292277242064,NEAR,NEAR,0.6,1,,,0.01,0
C2_n0.01_d000_r01,C2,202606,7.46,7.46,0.0,0.29725,0.3031407576557032,0.30657738149324126,NEAR,NEAR,0.6,1,,,0.01,0
C2_n0.01_d000_r01,C2,202606,7.48,7.48,0.0,0.2955,0.2948161180016753,0.30363706562034976,NEAR,NEAR,0.6,1,,,0.01,0
C2_n0.01_d000_r01,C2,202606,7.5,7.5,0.0,0.29375,0.28560506994661994,0.2991290667019173,NEAR,NEAR,0.6,1,,,0.01,0
C2_n0.01_d000_r01,C2,202606,7.52,7.52,0.0,0.29200000000000004,0.2768853897271992,0.2935681474582378,NEAR,NEAR,0.6,1,,,0.01,0
C2_n0.01_d000_r01,C2,202606,7.54,7.54,0.0,0.29025,0.3158289390272708,0.29913334535049607,NEAR,NEAR,0.6,1,,,0.01,0
C2_n0.01_d000_r01,C2,202606,7.56,7.56,0.0,0.28850000000000003,0.2884449205536658,0.2964612391512885,NEAR,NEAR,0.6,1,,,0.01,0
C2_n0.01_d000_r01,C2,202606,7.58,7.58,0.0,0.28675,0.28258984926780045,0.2929933916804165,NEAR,NEAR,0.6,1,,,0.01,0
C2_n0.01_d000_r01,C2,202606,7.6,7.6,0.0,0.28500000000000003,0.29590909283758166,0.2937223169697078,NEAR,NEAR,0.6,1,,,0.01,0
C2_n0.01_d000_r01,C2,202606,7.62,7.62,0.0,0.28325,0.29221770447298556,0.29334616384552725,NEAR,NEAR,0.6,1,,,0.01,0
C2_n0.01_d000_r01,C2,202606,7.64,7.64,0.0,0.28150000000000003,0.2923291140164728,0.29309190138826363,NEAR,NEAR,0.6,1,,,0.01,0
C2_n0.01_d000_r01,C2,202606,7.66,7.66,0.0,0.27975,0.27612930043323247,0.2888512511495058,NEAR,NEAR,0.6,1,,,0.01,0
C2_n0.01_d000_r01,C2,202606,7.68,7.68,0.0,0.278,0.28587881036771184,0.28810814095405735,NEAR,NEAR,0.6,1,,,0.01,0
C2_n0.01_d000_r01,C2,202606,7.7,7.7,0.0,0.27625,0.27463762464531044,0.2847405118768706,NEAR,NEAR,0.6,1,,,0.01,0
C2_n0.01_d000_r01,C2,202606,7.72,7.72,0.0,0.2745,0.2729078631654845,0.28178234969902405,NEAR,NEAR,0.6,1,,,0.01,0
C2_n0.01_d000_r01,C2,202606,7.74,7.74,0.0,0.27275,0.28810226706227304,0.28336232903983627,NEAR,NEAR,0.6,1,,,0.01,0
C2_n0.01_d000_r01,C2,202606,7.76,7.76,0.0,0.271,0.27656219165214974,0.28166229469291465,NEAR,NEAR,0.6,1,,,0.01,0
C2_n0.01_d000_r01,C2,202606,7.78,7.78,0.0,0.26925,0.25492863457759196,0.27497887966408396,NEAR,NEAR,0.6,1,,,0.01,0
C2_n0.01_d000_r01,C2,202606,7.8,7.8,0.0,0.2675,0.2677929537212498,0.2731823981783754,NEAR,NEAR,0.6,1,,,0.01,0
C2_n0.01_d000_r01,C2,202606,7.82,7.82,0.0,0.26575,0.2658997250696298,0.271361729901189,NEAR,NEAR,0.6,1,,,0.01,0
C2_n0.01_d000_r01,C2,202606,7.84,7.84,0.0,0.264,0.2651139422925452,0.26979978299902807,NEAR,NEAR,0.6,1,,,0.01,0
C2_n0.01_d000_r01,C2,202606,7.86,7.86,0.0,0.26225,0.2689121122416825,0.2695778653096917,NEAR,NEAR,0.6,1,,,0.01,0
C2_n0.01_d000_r01,C2,202606,7.88,7.88,0.0,0.2605,0.2697942302762958,0.26963195655134276,NEAR,NEAR,0.6,1,,,0.01,0
C2_n0.01_d000_r01,C2,202606,7.9,7.9,0.0,0.25875,0.26506490499618984,0.26849019366255455,NEAR,NEAR,0.6,1,,,0.01,0
C2_n0.01_d000_r01,C2,202606,7.92,7.92,0.0,0.257,0.25512671967518535,0.26514932516571227,NEAR,NEAR,0.6,1,,,0.01,0
C2_n0.01_d000_r01,C2,202606,7.94,7.94,0.0,0.25525,0.24462860933467548,0.2600191462079531,NEAR,NEAR,0.6,1,,,0.01,0
C2_n0.01_d000_r01,C2,202606,7.96,7.96,0.0,0.2535,0.2640573065306413,0.26102868628862513,NEAR,NEAR,0.6,1,,,0.01,0
C2_n0.01_d000_r01,C2,202606,7.98,7.98,0.0,0.25175,0.26188109943106275,0.26124178957423455,NEAR,NEAR,0.6,1,,,0.01,0
C2_n0.01_d000_r01,C2,202606,8.0,8.0,0.0,0.25,0.24105989164751315,0.2561963150925542,NEAR,NEAR,0.6,1,,,0.01,0
C2_n0.01_d000_r01,C2,202606,8.02,8.02,0.0,0.2522533838368113,0.2431347563380902,0.2529309254039382,NEAR,NEAR,0.6,1,,,0.01,0
C2_n0.01_d000_r01,C2,202606,8.04,8.04,0.0,0.25445562372365543,0.23855101206087173,0.24933594706817155,NEAR,NEAR,0.6,1,,,0.01,0
C2_n0.01_d000_r01,C2,202606,8.06,8.06,0.0,0.25655673649976407,0.24904748737679244,0.24926383214532677,NEAR,NEAR,0.6,1,,,0.01,0
C2_n0.01_d000_r01,C2,202606,8.08,8.08,0.0,0.25850903423690136,0.27114272315240073,0.25473355489709526,NEAR,NEAR,0.6,1,,,0.01,0
C2_n0.01_d000_r01,C2,202606,8.1,8.1,0.0,0.2602682065889303,0.2462379806883693,0.25260966134491375,NEAR,NEAR,0.6,1,,,0.01,0
C2_n0.01_d000_r01,C2,202606,8.12,8.12,0.0,0.26179432648204926,0.26375749104160445,0.2553966187690864,NEAR,NEAR,0.6,1,,,0.01,0
C2_n0.01_d000_r01,C2,202606,8.14,8.14,0.0,0.26305275632004294,0.24872000040621722,0.2537274641783691,NEAR,NEAR,0.6,1,,,0.01,0
C2_n0.01_d000_r01,C2,202606,8.16,8.16,0.0,0.2640149341368492,0.26762926361822387,0.2572029140383328,NEAR,NEAR,0.6,1,,,0.01,0
C2_n0.01_d000_r01,C2,202606,8.18,8.18,0.0,0.2646590218535229,0.2655403109426646,0.25928726326441576,NEAR,NEAR,0.6,1,,,0.01,0
C2_n0.01_d000_r01,C2,202606,8.2,8.2,0.0,0.26497040092642404,0.27774844690320166,0.2639025591741122,NEAR,NEAR,0.6,1,,,0.01,0
C2_n0.01_d000_r01,C2,202606,8.22,8.22,0.0,0.2649420041371476,0.26018881417908085,0.2629741229253544,NEAR,NEAR,0.6,1,,,0.01,0
C2_n0.01_d000_r01,C2,202606,8.24,8.24,0.0,0.2645744759937201,0.23625037523268694,0.25629318600218753,NEAR,NEAR,0.6,1,,,0.01,0
C2_n0.01_d000_r01,C2,202606,8.26,8.26,0.0,0.26387615810251686,0.26528433386018047,0.25854097296668577,NEAR,NEAR,0.6,1,,,0.01,0
C2_n0.01_d000_r01,C2,202606,8.28,8.28,0.0,0.26286289984290484,0.2572963062697526,0.25822980629245246,NEAR,NEAR,0.6,1,,,0.01,0
C2_n0.01_d000_r01,C2,202606,8.3,8.3,0.0,0.2615576986416368,0.2589629419119999,0.2584130901973393,NEAR,NEAR,0.6,1,,,0.01,0
C2_n0.01_d000_r01,C2,202606,8.32,8.32,0.0,0.25999017801151375,0.2427253020337934,0.2544911431564528,NEAR,NEAR,0.6,1,,,0.01,0
C2_n0.01_d000_r01,C2,202606,8.34,8.34,0.0,0.25819591520101404,0.2503793159955527,0.2534631863662278,NEAR,NEAR,0.6,1,,,0.01,0
C2_n0.01_d000_r01,C2,202606,8.36,8.36,0.0,0.2562156337148993,0.2625686809575877,0.2557395600140677,NEAR,NEAR,0.6,1,,,0.01,0
C2_n0.01_d000_r01,C2,202606,8.38,8.38,0.0,0.2540942790327598,0.251409388408267,0.25465701711261757,NEAR,NEAR,0.6,1,,,0.01,0
C2_n0.01_d000_r01,C2,202606,8.4,8.4,0.0,0.25187999850346454,0.2681970986191149,0.2580420374892419,NEAR,NEAR,0.6,1,,,0.01,0
C2_n0.01_d000_r01,C2,202606,8.42,8.42,0.0,0.24962304856834994,0.24943604872623135,0.2558905402984893,NEAR,NEAR,0.6,1,,,0.01,0
C2_n0.01_d000_r01,C2,202606,8.44,8.44,0.0,0.2473746541153709,0.2637182963583282,0.25784747931344904,NEAR,NEAR,0.6,1,,,0.01,0
C2_n0.01_d000_r01,C2,202606,8.46,8.46,0.0,0.24518584585289177,0.2564282612783711,0.2574926748046795,NEAR,NEAR,0.6,1,,,0.01,0
C2_n0.01_d000_r01,C2,202606,8.48,8.48,0.0,0.24310630209067763,0.2505724531515752,0.25576261939140343,NEAR,NEAR,0.6,1,,,0.01,0
C2_n0.01_d000_r01,C2,202606,8.5,8.5,0.0,0.24118322121561292,0.24140567784414807,0.2521733840045896,NEAR,NEAR,0.6,1,,,0.01,0
C2_n0.01_d000_r01,C2,202606,8.52,8.52,0.0,0.2394602504530173,0.24166328643426746,0.24954585961200906,NEAR,NEAR,0.6,1,,,0.01,0
C2_n0.01_d000_r01,C2,202606,8.54,8.54,0.0,0.23797649522693692,0.2347511961499172,0.24584719374648611,NEAR,NEAR,0.6,1,,,0.01,0
C2_n0.01_d000_r01,C2,202606,8.56,8.56,0.0,0.23676563160347566,0.21472243565807042,0.23806600422438218,NEAR,NEAR,0.6,1,,,0.01,0
C2_n0.01_d000_r01,C2,202606,8.58,8.58,0.0,0.23585514196160703,0.21093430051666975,0.23128307829745406,NEAR,NEAR,0.6,1,,,0.01,0
C2_n0.01_d000_r01,C2,202606,8.6,8.6,0.0,0.23526569123906968,0.23028377693495744,0.23103325295682992,NEAR,NEAR,0.6,1,,,0.01,0
C2_n0.01_d000_r01,C2,202606,8.62,8.62,0.0,0.23501065791039116,0.2228935549452463,0.228998328453934,NEAR,NEAR,0.6,1,,,0.01,0
C2_n0.01_d000_r01,C2,202606,8.64,8.64,0.0,0.23509583034219989,0.24376577175687542,0.23269018927966936,NEAR,NEAR,0.6,1,,,0.01,0
C2_n0.01_d000_r01,C2,202606,8.66,8.66,0.0,0.2355192754175009,0.23576580098707142,0.2334590922065199,NEAR,NEAR,0.6,1,,,0.01,0
C2_n0.01_d000_r01,C2,202606,8.68,8.68,0.0,0.23627138241068624,0.2230965222410772,0.23086844971515924,NEAR,NEAR,0.6,1,,,0.01,0
C2_n0.01_d000_r01,C2,202606,8.7,8.7,0.0,0.23733508111746973,0.2395394968631234,0.2330362115021503,NEAR,NEAR,0.6,1,,,0.01,0
C2_n0.01_d000_r01,C2,202606,8.72,8.72,0.0,0.2386862292889585,0.2395948733822562,0.2346758769721768,NEAR,NEAR,0.6,1,,,0.01,0
C2_n0.01_d000_r01,C2,202606,8.74,8.74,0.0,0.24029416057645836,0.24577381547995134,0.23745036159912042,NEAR,NEAR,0.6,1,,,0.01,0
C2_n0.01_d000_r01,C2,202606,8.76,8.76,0.0,0.24212238055058052,0.24992522169191195,0.2405690766223183,NEAR,NEAR,0.6,1,,,0.01,0
C2_n0.01_d000_r01,C2,202606,8.78,8.78,0.0,0.24412939499744188,0.23852578401827643,0.24005825347130783,NEAR,NEAR,0.6,1,,,0.01,0
C2_n0.01_d000_r01,C2,202606,8.8,8.8,0.0,0.24626965169252724,0.24661536413069363,0.24169753113615428,NEAR,NEAR,0.6,1,,,0.01,0
C2_n0.01_d000_r01,C2,202606,8.82,8.82,0.0,0.2484945742772318,0.2480514025756897,0.24328599899603814,NEAR,NEAR,0.6,1,,,0.01,0
C2_n0.01_d000_r01,C2,202606,8.84,8.84,0.0,0.2507536647726965,0.2535945954598215,0.245863148111984,NEAR,NEAR,0.6,1,,,0.01,0
C2_n0.01_d000_r01,C2,202606,8.86,8.86,0.0,0.25299564970771604,0.2395115663196461,0.24427525266389954,NEAR,NEAR,0.6,1,,,0.01,0
C2_n0.01_d000_r01,C2,202606,8.88,8.88,0.0,0.2551696438476178,0.2528149864286561,0.24641018610508866,NEAR,NEAR,0.6,1,,,0.01,0
C2_n0.01_d000_r01,C2,202606,8.9,8.9,0.0,0.2572263051115258,0.27827885194242774,0.2543773525644234,NEAR,NEAR,0.6,1,,,0.01,0
C2_n0.01_d000_r01,C2,202606,8.92,8.92,0.0,0.25911895446541905,0.2500741342823706,0.2533015479939102,NEAR,NEAR,0.6,1,,,0.01,0
C2_n0.01_d000_r01,C2,202606,8.94,8.94,0.0,0.26080463537331855,0.26486157759372747,0.2561915553938645,NEAR,NEAR,0.6,1,,,0.01,0
C2_n0.01_d000_r01,C2,202606,8.96,8.96,0.0,0.2622450887607578,0.28222716434904593,0.26270045763265987,NEAR,NEAR,0.6,1,,,0.01,0
C2_n0.01_d000_r01,C2,202606,8.98,8.98,0.0,0.263407621362269,0.26596061234297386,0.26351549631023835,NEAR,NEAR,0.6,1,,,0.01,0
C2_n0.01_d000_r01,C2,202606,9.0,9.0,0.0,0.2642658477444273,0.2618509382990815,0.2630993568074491,NEAR,NEAR,0.6,1,,,0.01,0
C2_n0.01_d000_r01,C2,202606,9.02,9.02,0.0,0.264800289163118,0.26621010577409715,0.2638770440491111,NEAR,NEAR,0.6,1,,,0.01,0
C2_n0.01_d000_r01,C2,202606,9.04,9.04,0.0,0.2649988156630572,0.26732585152430255,0.264739245917909,NEAR,NEAR,0.6,1,,,0.01,0
C2_n0.01_d000_r01,C2,202606,9.06,9.06,0.0,0.26485692138544975,0.27318928498687967,0.2668517556851516,NEAR,NEAR,0.6,1,,,0.01,0
C2_n0.01_d000_r01,C2,202606,9.08,9.08,0.0,0.2643778268352606,0.24811867808926735,0.26216848628618056,NEAR,NEAR,0.6,1,,,0.01,0
C2_n0.01_d000_r01,C2,202606,9.1,9.1,0.0,0.2635724057869903,0.2598956183300849,0.26160026929715663,NEAR,NEAR,0.6,1,,,0.01,0
C2_n0.01_d000_r01,C2,202606,9.12,9.12,0.0,0.2624589384879372,0.2506539960499759,0.25886370098536143,NEAR,NEAR,0.6,1,,,0.01,0
C2_n0.01_d000_r01,C2,202606,9.14,9.14,0.0,0.2610626967603726,0.27705291256829,0.2634110038810936,NEAR,NEAR,0.6,1,,,0.01,0
C2_n0.01_d000_r01,C2,202606,9.16,9.16,0.0,0.25941537041936047,0.26836263409032224,0.26464891143340075,NEAR,NEAR,0.6,1,,,0.01,0
C2_n0.01_d000_r01,C2,202606,9.18,9.18,0.0,0.2575543480245365,0.24737948650999042,0.26033155520254814,NEAR,NEAR,0.6,1,,,0.01,0
C2_n0.01_d000_r01,C2,202606,9.2,9.2,0.0,0.25552186829027024,0.22690780488120055,0.2519756176222112,NEAR,NEAR,0.6,1,,,0.01,0
C2_n0.01_d000_r01,C2,202606,9.22,9.22,0.0,0.25336406141424067,0.24229313571858926,0.24955499714630572,NEAR,NEAR,0.6,1,,,0.01,0
C2_n0.01_d000_r01,C2,202606,9.24,9.24,0.0,0.25112990208291897,0.2408276390268653,0.24737315761644563,NEAR,NEAR,0.6,1,,,0.01,0
C2_n0.01_d000_r01,C2,202606,9.26,9.26,0.0,0.24887009791708103,0.26294884265065327,0.25126707887499755,NEAR,NEAR,0.6,1,,,0.01,0
C2_n0.01_d000_r01,C2,202606,9.28,9.28,0.0,0.24663593858575936,0.2529505039898662,0.2516879351537147,NEAR,NEAR,0.6,1,,,0.01,0
C2_n0.01_d000_r01,C2,202606,9.3,9.3,0.0,0.24447813170972976,0.24583745606377652,0.25022531538123016,NEAR,NEAR,0.6,1,,,0.01,0
C2_n0.01_d000_r01,C2,202606,9.32,9.32,0.0,0.24244565197546356,0.25296949272972397,0.2509113597183536,NEAR,NEAR,0.6,1,,,0.01,0
C2_n0.01_d000_r01,C2,202606,9.34,9.34,0.0,0.2405846295806395,0.27223075206654285,0.2562412078054009,NEAR,NEAR,0.6,1,,,0.01,0
C2_n0.01_d000_r01,C2,202606,9.36,9.36,0.0,0.23893730323962742,0.22826770655864237,0.24924783249371127,NEAR,NEAR,0.6,1,,,0.01,0
C2_n0.01_d000_r01,C2,202606,9.38,9.38,0.0,0.23754106151206275,0.23728422706461572,0.24625693113643737,NEAR,NEAR,0.6,1,,,0.01,0
C2_n0.01_d000_r01,C2,202606,9.4,9.4,0.0,0.23642759421300968,0.2504497922153607,0.2473051464061682,NEAR,NEAR,0.6,1,,,0.01,0
C2_n0.01_d000_r01,C2,202606,9.42,9.42,0.0,0.23562217316473935,0.2230812139839802,0.2412491633006212,NEAR,NEAR,0.6,1,,,0.01,0
C2_n0.01_d000_r01,C2,202606,9.44,9.44,0.0,0.23514307861455025,0.25744751710843566,0.24529875175257482,NEAR,NEAR,0.6,1,,,0.01,0
C2_n0.01_d000_r01,C2,202606,9.46,9.46,0.0,0.23500118433694275,0.24247264434898416,0.24459222490167715,NEAR,NEAR,0.6,1,,,0.01,0
C2_n0.01_d000_r01,C2,202606,9.48,9.48,0.0,0.235199710836882,0.24573817394415687,0.24487871216229706,NEAR,NEAR,0.6,1,,,0.01,0
C2_n0.01_d000_r01,C2,202606,9.5,9.5,0.0,0.2357341522555727,0.22827621555540312,0.24072808801057358,NEAR,NEAR,0.6,1,,,0.01,0
C2_n0.01_d000_r01,C2,202606,9.52,9.52,0.0,0.23659237863773103,0.22043100791236597,0.2356538179860217,NEAR,NEAR,0.6,1,,,0.01,0
C2_n0.01_d000_r01,C2,202606,9.54,9.54,0.0,0.2377549112392422,0.23839823618740064,0.23633992253636643,NEAR,NEAR,0.6,1,,,0.01,0
C2_n0.01_d000_r01,C2,202606,9.56,9.56,0.0,0.23919536462668142,0.23689896662474708,0.23647968355846158,NEAR,NEAR,0.6,1,,,0.01,0
C2_n0.01_d000_r01,C2,202606,9.58,9.58,0.0,0.24088104553458092,0.24235893978641143,0.23794949761544903,NEAR,NEAR,0.6,1,,,0.01,0
C2_n0.01_d000_r01,C2,202606,9.6,9.6,0.0,0.24277369488847422,0.2500461177563348,0.24097365265067047,NEAR,NEAR,0.6,1,,,0.01,0
C2_n0.01_d000_r01,C2,202606,9.62,9.62,0.0,0.24483035615238213,0.24874784898934504,0.2429172017353391,NEAR,NEAR,0.6,1,,,0.01,0
C2_n0.01_d000_r01,C2,202606,9.64,9.64,0.0,0.24700435029228393,0.234303989275582,0.24076389862039982,NEAR,NEAR,0.6,1,,,0.01,0
C2_n0.01_d000_r01,C2,202606,9.66,9.66,0.0,0.24924633522730347,0.25082764677941155,0.24327983566015277,NEAR,NEAR,0.6,1,,,0.01,0
C2_n0.01_d000_r01,C2,202606,9.68,9.68,0.0,0.2515054257227682,0.2584896078068713,0.2470822786968324,NEAR,NEAR,0.6,1,,,0.01,0
C2_n0.01_d000_r01,C2,202606,9.7,9.7,0.0,0.25373034830747276,0.24950075500249835,0.2476868977732489,NEAR,NEAR,0.6,1,,,0.01,0
C2_n0.01_d000_r01,C2,202606,9.72,9.72,0.0,0.2558706050025581,0.25298575061187767,0.24901161098290608,NEAR,NEAR,0.6,1,,,0.01,0
C2_n0.01_d000_r01,C2,202606,9.74,9.74,0.0,0.25787761944941945,0.2517278557215004,0.24969067216755464,NEAR,NEAR,0.6,1,,,0.01,0
C2_n0.01_d000_r01,C2,202606,9.76,9.76,0.0,0.25970583942354164,0.2656131297205849,0.25367128655581217,NEAR,NEAR,0.6,1,,,0.01,0
C2_n0.01_d000_r01,C2,202606,9.78,9.78,0.0,0.2613137707110415,0.2531151566685485,0.25353225408399627,NEAR,NEAR,0.6,1,,,0.01,0
C2_n0.01_d000_r01,C2,202606,9.8,9.8,0.0,0.26266491888253024,0.25150444387559723,0.2530253015318965,NEAR,NEAR,0.6,1,,,0.01,0
C2_n0.01_d000_r01,C2,202606,9.82,9.82,0.0,0.26372861758931376,0.27094399888179105,0.25750497586937016,NEAR,NEAR,0.6,1,,,0.01,0
C2_n0.01_d000_r01,C2,202606,9.84,9.84,0.0,0.2644807245824991,0.2756728570726882,0.26204694617019963,NEAR,NEAR,0.6,1,,,0.01,0
C2_n0.01_d000_r01,C2,202606,9.86,9.86,0.0,0.2649041696578001,0.2503128639377288,0.25911342561208195,NEAR,NEAR,0.6,1,,,0.01,0
C2_n0.01_d000_r01,C2,202606,9.88,9.88,0.0,0.26498934208960884,0.26237255152306177,0.2599282070898269,NEAR,NEAR,0.6,1,,,0.01,0
C2_n0.01_d000_r01,C2,202606,9.9,9.9,0.0,0.26473430876093035,0.24231285408452116,0.25552436883850044,NEAR,NEAR,0.6,1,,,0.01,0
C2_n0.01_d000_r01,C2,202606,9.92,9.92,0.0,0.264144858038393,0.26796184906908127,0.2586337388961456,NEAR,NEAR,0.6,1,,,0.01,0
C2_n0.01_d000_r01,C2,202606,9.94,9.94,0.0,0.2632343683965243,0.2550273199611937,0.25773213416240764,NEAR,NEAR,0.6,1,,,0.01,0
C2_n0.01_d000_r01,C2,202606,9.96,9.96,0.0,0.2620235047730631,0.2693867218187492,0.260645781076493,NEAR,NEAR,0.6,1,,,0.01,0
C2_n0.01_d000_r01,C2,202606,9.98,9.98,0.0,0.2605397495469827,0.2739439927454456,0.26397033399373115,NEAR,NEAR,0.6,1,,,0.01,0
C2_n0.01_d000_r01,C2,202606,10.0,10.0,0.0,0.2588167787843871,0.2690890518123629,0.2652500134483891,NEAR,NEAR,0.6,1,,,0.01,0
C2_n0.01_d000_r01,C2,202606,10.02,10.02,0.0,0.25689369790932237,0.25557791011985875,0.26283198761625653,NEAR,NEAR,0.6,1,,,0.01,0
C2_n0.01_d000_r01,C2,202606,10.04,10.04,0.0,0.25481415414710823,0.2517646737445869,0.2600651591483391,NEAR,NEAR,0.6,1,,,0.01,0
C2_n0.01_d000_r01,C2,202606,10.06,10.06,0.0,0.2526253458846291,0.2671427768978501,0.26183456358571683,NEAR,NEAR,0.6,1,,,0.01,0
C2_n0.01_d000_r01,C2,202606,10.08,10.08,0.0,0.25037695143165006,0.22739749401745568,0.25322529619365153,NEAR,NEAR,0.6,1,,,0.01,0
C2_n0.01_d000_r01,C2,202606,10.1,10.1,0.0,0.24812000149653549,0.24800506459999344,0.251920238295237,NEAR,NEAR,0.6,1,,,0.01,0
C2_n0.01_d000_r01,C2,202606,10.12,10.12,0.0,0.24590572096724023,0.2384844333485073,0.2485612870585546,NEAR,NEAR,0.6,1,,,0.01,0
C2_n0.01_d000_r01,C2,202606,10.14,10.14,0.0,0.24378436628510067,0.25318816730380905,0.2497180071198682,NEAR,NEAR,0.6,1,,,0.01,0
C2_n0.01_d000_r01,C2,202606,10.16,10.16,0.0,0.24180408479898596,0.24240494816343905,0.24788974238076092,NEAR,NEAR,0.6,1,,,0.01,0
C2_n0.01_d000_r01,C2,202606,10.18,10.18,0.0,0.24000982198848625,0.2654799146176666,0.25228728543998735,NEAR,NEAR,0.6,1,,,0.01,0
C2_n0.01_d000_r01,C2,202606,10.2,10.2,0.0,0.23844230135836322,0.23186381023928485,0.24718141663981172,NEAR,NEAR,0.6,1,,,0.01,0
C2_n0.01_d000_r01,C2,202606,10.22,10.22,0.0,0.2371371001570952,0.2198434274227145,0.24034691933553742,NEAR,NEAR,0.6,1,,,0.01,0
C2_n0.01_d000_r01,C2,202606,10.24,10.24,0.0,0.23612384189748312,0.22134736319635792,0.23559703030074255,NEAR,NEAR,0.6,1,,,0.01,0
C2_n0.01_d000_r01,C2,202606,10.26,10.26,0.0,0.2354255240062799,0.24385566208645734,0.23766168824717127,NEAR,NEAR,0.6,1,,,0.01,0
C2_n0.01_d000_r01,C2,202606,10.28,10.28,0.0,0.23505799586285242,0.22668105902248512,0.23491653094099973,NEAR,NEAR,0.6,1,,,0.01,0
C2_n0.01_d000_r01,C2,202606,10.3,10.3,0.0,0.23502959907357593,0.23677635017976653,0.23538148575069143,NEAR,NEAR,0.6,1,,,0.01,0
C2_n0.01_d000_r01,C2,202606,10.32,10.32,0.0,0.23534097814647711,0.22709093758143853,0.2333088487083782,NEAR,NEAR,0.6,1,,,0.01,0
C2_n0.01_d000_r01,C2,202606,10.34,10.34,0.0,0.23598506586315082,0.24463446264086627,0.23614025219150023,NEAR,NEAR,0.6,1,,,0.01,0
C2_n0.01_d000_r01,C2,202606,10.36,10.36,0.0,0.23694724367995706,0.22311548059715425,0.23288405929291373,NEAR,NEAR,0.6,1,,,0.01,0
C2_n0.01_d000_r01,C2,202606,10.38,10.38,0.0,0.23820567351795077,0.23607814450247164,0.2336825805953032,NEAR,NEAR,0.6,1,,,0.01,0
C2_n0.01_d000_r01,C2,202606,10.4,10.4,0.0,0.2397317934110697,0.2484922655270669,0.23738500182824412,NEAR,NEAR,0.6,1,,,0.01,0
C2_n0.01_d000_r01,C2,202606,10.42,10.42,0.0,0.24149096576309861,0.24251392863531607,0.2386672335300121,NEAR,NEAR,0.6,1,,,0.01,0
C2_n0.01_d000_r01,C2,202606,10.44,10.44,0.0,0.24344326350023596,0.2594975209764388,0.24387480539161877,NEAR,NEAR,0.6,1,,,0.01,0
C2_n0.01_d000_r01,C2,202606,10.46,10.46,0.0,0.2455443762763446,0.2504649081683402,0.24552233108579913,NEAR,NEAR,0.6,1,,,0.01,0
C2_n0.01_d000_r01,C2,202606,10.48,10.48,0.0,0.24774661616318866,0.2388177703717534,0.2438461909072877,NEAR,NEAR,0.6,1,,,0.01,0
C2_n0.01_d000_r01,C2,202606,10.5,10.5,0.0,0.25,0.25919611760576555,0.24768367258190715,NEAR,NEAR,0.6,1,,,0.01,0
C2_n0.01_d000_r01,C2,202606,10.52,10.52,0.0,0.2522533838368113,0.24365829061071745,0.24667732708910972,NEAR,NEAR,0.6,1,,,0.01,0
C2_n0.01_d000_r01,C2,202606,10.54,10.54,0.0,0.2544556237236554,0.2625507325024131,0.25064567844243557,NEAR,NEAR,0.6,1,,,0.01,0
C2_n0.01_d000_r01,C2,202606,10.56,10.56,0.0,0.256556736499764,0.2719809765574364,0.25597950297118577,NEAR,NEAR,0.6,1,,,0.01,0
C2_n0.01_d000_r01,C2,202606,10.58,10.58,0.0,0.25850903423690136,0.25984783778715836,0.2569465866751789,NEAR,NEAR,0.6,1,,,0.01,0
C2_n0.01_d000_r01,C2,202606,10.6,10.6,0.0,0.2602682065889303,0.2689152792219646,0.2599387598118753,NEAR,NEAR,0.6,1,,,0.01,0
C2_n0.01_d000_r01,C2,202606,10.62,10.62,0.0,0.2617943264820492,0.2578458238876699,0.25941552583082395,NEAR,NEAR,0.6,1,,,0.01,0
C2_n0.01_d000_r01,C2,202606,10.64,10.64,0.0,0.26305275632004294,0.2529315659281103,0.25779453585514556,NEAR,NEAR,0.6,1,,,0.01,0
C2_n0.01_d000_r01,C2,202606,10.66,10.66,0.0,0.2640149341368492,0.2746910734356827,0.26201867025027986,NEAR,NEAR,0.6,1,,,0.01,0
C2_n0.01_d000_r01,C2,202606,10.68,10.68,0.0,0.2646590218535229,0.2681258071838418,0.2635454544836704,NEAR,NEAR,0.6,1,,,0.01,0
C2_n0.01_d000_r01,C2,202606,10.7,10.7,0.0,0.26497040092642404,0.2739725932895579,0.2661522391851423,NEAR,NEAR,0.6,1,,,0.01,0
C2_n0.01_d000_r01,C2,202606,10.72,10.72,0.0,0.2649420041371476,0.2595658624993168,0.2645056450136859,NEAR,NEAR,0.6,1,,,0.01,0
C2_n0.01_d000_r01,C2,202606,10.74,10.74,0.0,0.2645744759937201,0.2582535719957188,0.2629426267591941,NEAR,NEAR,0.6,1,,,0.01,0
C2_n0.01_d000_r01,C2,202606,10.76,10.76,0.0,0.26387615810251686,0.25812439085481104,0.2617380677830983,NEAR,NEAR,0.6,1,,,0.01,0
C2_n0.01_d000_r01,C2,202606,10.78,10.78,0.0,0.26286289984290484,0.2522529920178867,0.2593667988417954,NEAR,NEAR,0.6,1,,,0.01,0
C2_n0.01_d000_r01,C2,202606,10.8,10.8,0.0,0.2615576986416368,0.2620276753949454,0.2600320179800829,NEAR,NEAR,0.6,1,,,0.01,0
C2_n0.01_d000_r01,C2,202606,10.82,10.82,0.0,0.25999017801151375,0.27914425505029045,0.2648100772476348,NEAR,NEAR,0.6,1,,,0.01,0
C2_n0.01_d000_r01,C2,202606,10.84,10.84,0.0,0.25819591520101404,0.28077881364985074,0.2688022613481888,NEAR,NEAR,0.6,1,,,0.01,0
C2_n0.01_d000_r01,C2,202606,10.86,10.86,0.0,0.25621563371489936,0.22942435039358228,0.25895778360953714,NEAR,NEAR,0.6,1,,,0.01,0
C2_n0.01_d000_r01,C2,202606,10.88,10.88,0.0,0.2540942790327598,0.2598585179984886,0.25918296720677503,NEAR,NEAR,0.6,1,,,0.01,0
C2_n0.01_d000_r01,C2,202606,10.9,10.9,0.0,0.2518799985034645,0.25564020931608217,0.2582972777341018,NEAR,NEAR,0.6,1,,,0.01,0
C2_n0.01_d000_r01,C2,202606,10.92,10.92,0.0,0.24962304856834996,0.23370285087359635,0.2521486710189755,NEAR,NEAR,0.6,1,,,0.01,0
C2_n0.01_d000_r01,C2,202606,10.94,10.94,0.0,0.24737465411537093,0.2689469455207837,0.25634823964442754,NEAR,NEAR,0.6,1,,,0.01,0
C2_n0.01_d000_r01,C2,202606,10.96,10.96,0.0,0.24518584585289174,0.23995627092450603,0.2522502474644472,NEAR,NEAR,0.6,1,,,0.01,0
C2_n0.01_d000_r01,C2,202606,10.98,10.98,0.0,0.24310630209067766,0.23044752613702985,0.24679956713259282,NEAR,NEAR,0.6,1,,,0.01,0
C2_n0.01_d000_r01,C2,202606,11.0,11.0,0.0,0.24118322121561292,0.25745664612986746,0.24946383688191148,NEAR,NEAR,0.6,1,,,0.01,0
C2_n0.01_d000_r01,C2,202606,11.02,11.02,0.0,0.2394602504530173,0.23132998753817058,0.24493037454597624,NEAR,NEAR,0.6,1,,,0.01,0
C2_n0.01_d000_r01,C2,202606,11.04,11.04,0.0,0.23797649522693692,0.23338421859013647,0.2420438355570163,NEAR,NEAR,0.6,1,,,0.01,0
C2_n0.01_d000_r01,C2,202606,11.06,11.06,0.0,0.2367656316034757,0.25811480385874014,0.2460615776324473,NEAR,NEAR,0.6,1,,,0.01,0
C2_n0.01_d000_r01,C2,202606,11.08,11.08,0.0,0.23585514196160703,0.2447880160229437,0.24574318723007138,NEAR,NEAR,0.6,1,,,0.01,0
C2_n0.01_d000_r01,C2,202606,11.1,11.1,0.0,0.23526569123906968,0.24334725266886706,0.2451442035897703,NEAR,NEAR,0.6,1,,,0.01,0
C2_n0.01_d000_r01,C2,202606,11.12,11.12,0.0,0.23501065791039116,0.24162368401493864,0.24426407369606237,NEAR,NEAR,0.6,1,,,0.01,0
C2_n0.01_d000_r01,C2,202606,11.14,11.14,0.0,0.23509583034219989,0.2285537893550562,0.24033650261081083,NEAR,NEAR,0.6,1,,,0.01,0
C2_n0.01_d000_r01,C2,202606,11.16,11.16,0.0,0.2355192754175009,0.24262364123049904,0.24090828726573288,NEAR,NEAR,0.6,1,,,0.01,0
C2_n0.01_d000_r01,C2,202606,11.18,11.18,0.0,0.2362713824106862,0.22752289018003968,0.23756193799430958,NEAR,NEAR,0.6,1,,,0.01,0
C2_n0.01_d000_r01,C2,202606,11.2,11.2,0.0,0.23733508111746973,0.23779409075779856,0.23761997618518182,NEAR,NEAR,0.6,1,,,0.01,0
C2_n0.01_d000_r01,C2,202606,11.22,11.22,0.0,0.23868622928895847,0.23583953736818392,0.23717486648093233,NEAR,NEAR,0.6,1,,,0.01,0
C2_n0.01_d000_r01,C2,202606,11.24,11.24,0.0,0.24029416057645833,0.24204842840529397,0.23839325696202274,NEAR,NEAR,0.6,1,,,0.01,0
C2_n0.01_d000_r01,C2,202606,11.26,11.26,0.0,0.24212238055058055,0.25399171389483555,0.24229287119522594,NEAR,NEAR,0.6,1,,,0.01,0
C2_n0.01_d000_r01,C2,202606,11.28,11.28,0.0,0.2441293949974419,0.25065607957022795,0.24438367328897645,NEAR,NEAR,0.6,1,,,0.01,0
C2_n0.01_d000_r01,C2,202606,11.3,11.3,0.0,0.24626965169252724,0.23927941665826447,0.24310760913129845,NEAR,NEAR,0.6,1,,,0.01,0
C2_n0.01_d000_r01,C2,202606,11.32,11.32,0.0,0.2484945742772318,0.2474817352381011,0.2442011406579991,NEAR,NEAR,0.6,1,,,0.01,0
C2_n0.01_d000_r01,C2,202606,11.34,11.34,0.0,0.25075366477269656,0.26116996799271186,0.2484433474916773,NEAR,NEAR,0.6,1,,,0.01,0
C2_n0.01_d000_r01,C2,202606,11.36,11.36,0.0,0.252995649707716,0.265089925893199,0.2526049920920577,NEAR,NEAR,0.6,1,,,0.01,0
C2_n0.01_d000_r01,C2,202606,11.38,11.38,0.0,0.2551696438476178,0.23160321376864462,0.24735454751120445,NEAR,NEAR,0.6,1,,,0.01,0
C2_n0.01_d000_r01,C2,202606,11.4,11.4,0.0,0.2572263051115258,0.270080297188535,0.2530359849305371,NEAR,NEAR,0.6,1,,,0.01,0
C2_n0.01_d000_r01,C2,202606,11.42,11.42,0.0,0.25911895446541905,0.2745729646850201,0.25842022986915786,NEAR,NEAR,0.6,1,,,0.01,0
C2_n0.01_d000_r01,C2,202606,11.44,11.44,0.0,0.26080463537331855,0.25737648576173794,0.2581592938423029,NEAR,NEAR,0.6,1,,,0.01,0
C2_n0.01_d000_r01,C2,202606,11.46,11.46,0.0,0.2622450887607578,0.2653744909869203,0.2599630931284572,NEAR,NEAR,0.6,1,,,0.01,0
C2_n0.01_d000_r01,C2,202606,11.48,11.48,0.0,0.263407621362269,0.25885551137844864,0.2596861976909551,NEAR,NEAR,0.6,1,,,0.01,0
C2_n0.01_d000_r01,C2,202606,11.5,11.5,0.0,0.2642658477444273,0.2707509381588923,0.26245238280793937,NEAR,NEAR,0.6,1,,,0.01,0
C2_n0.01_d000_r01,C2,202606,11.52,11.52,0.0,0.264800289163118,0.2615979465208734,0.2622387737361729,NEAR,NEAR,0.6,1,,,0.01,0
C2_n0.01_d000_r01,C2,202606,11.54,11.54,0.0,0.2649988156630572,0.2520454321133403,0.25969043833046473,NEAR,NEAR,0.6,1,,,0.01,0
C2_n0.01_d000_r01,C2,202606,11.56,11.56,0.0,0.26485692138544975,0.2726207032135669,0.2629230045512403,NEAR,NEAR,0.6,1,,,0.01,0
C2_n0.01_d000_r01,C2,202606,11.58,11.58,0.0,0.2643778268352606,0.2615236088793631,0.262573155633271,NEAR,NEAR,0.6,1,,,0.01,0
C2_n0.01_d000_r01,C2,202606,11.6,11.6,0.0,0.2635724057869903,0.25586050704099017,0.2608949934852008,NEAR,NEAR,0.6,1,,,0.01,0
C2_n0.01_d000_r01,C2,202606,11.62,11.62,0.0,0.2624589384879373,0.2841964609990234,0.26672036036365643,NEAR,NEAR,0.6,1,,,0.01,0
C2_n0.01_d000_r01,C2,202606,11.64,11.64,0.0,0.2610626967603726,0.2633561497322477,0.26587930770580426,NEAR,NEAR,0.6,1,,,0.01,0
C2_n0.01_d000_r01,C2,202606,11.66,11.66,0.0,0.2594153704193605,0.2493695401569384,0.2617518658185878,NEAR,NEAR,0.6,1,,,0.01,0
C2_n0.01_d000_r01,C2,202606,11.68,11.68,0.0,0.2575543480245365,0.26601268889643587,0.2628170715880498,NEAR,NEAR,0.6,1,,,0.01,0
C2_n0.01_d000_r01,C2,202606,11.7,11.7,0.0,0.25552186829027024,0.24125850952384675,0.25742743107199906,NEAR,NEAR,0.6,1,,,0.01,0
C2_n0.01_d000_r01,C2,202606,11.72,11.72,0.0,0.25336406141424067,0.26257902902543634,0.2587153305603584,NEAR,NEAR,0.6,1,,,0.01,0
C2_n0.01_d000_r01,C2,202606,11.74,11.74,0.0,0.25112990208291897,0.23579641353794,0.2529856013047538,NEAR,NEAR,0.6,1,,,0.01,0
C2_n0.01_d000_r01,C2,202606,11.76,11.76,0.0,0.24887009791708103,0.24854303658143462,0.25187496012392396,NEAR,NEAR,0.6,1,,,0.01,0
C2_n0.01_d000_r01,C2,202606,11.78,11.78,0.0,0.24663593858575936,0.24322349557227216,0.24971209398601102,NEAR,NEAR,0.6,1,,,0.01,0
C2_n0.01_d000_r01,C2,202606,11.8,11.8,0.0,0.2444781317097298,0.24291795279707754,0.24801355868877764,NEAR,NEAR,0.6,1,,,0.01,0
C2_n0.01_d000_r01,C2,202606,11.82,11.82,0.0,0.24244565197546356,0.24204079859075245,0.24652036866427135,NEAR,NEAR,0.6,1,,,0.01,0
C2_n0.01_d000_r01,C2,202606,11.84,11.84,0.0,0.2405846295806395,0.2366443839210648,0.2440513724784697,NEAR,NEAR,0.6,1,,,0.01,0
C2_n0.01_d000_r01,C2,202606,11.86,11.86,0.0,0.23893730323962745,0.23228308124664793,0.24110929967051425,NEAR,NEAR,0.6,1,,,0.01,0
C2_n0.01_d000_r01,C2,202606,11.88,11.88,0.0,0.23754106151206278,0.22464545928323573,0.23699333957369464,NEAR,NEAR,0.6,1,,,0.01,0
C2_n0.01_d000_r01,C2,202606,11.9,11.9,0.0,0.23642759421300968,0.25112490937336707,0.24052623202361276,NEAR,NEAR,0.6,1,,,0.01,0
C2_n0.01_d000_r01,C2,202606,11.92,11.92,0.0,0.23562217316473938,0.24123028314933742,0.24070224480504393,NEAR,NEAR,0.6,1,,,0.01,0
C2_n0.01_d000_r01,C2,202606,11.94,11.94,0.0,0.23514307861455025,0.2389490053826852,0.24026393494945425,NEAR,NEAR,0.6,1,,,0.01,0
C2_n0.01_d000_r01,C2,202606,11.96,11.96,0.0,0.23500118433694275,0.2142555890525228,0.2337618484752214,NEAR,NEAR,0.6,1,,,0.01,0
C2_n0.01_d000_r01,C2,202606,11.98,11.98,0.0,0.235199710836882,0.24846383860289034,0.23743734600713864,NEAR,NEAR,0.6,1,,,0.01,0
C2_n0.01_d000_r01,C2,202606,12.0,12.0,0.0,0.25,0.24546189581725691,0.2394434834596682,NEAR,NEAR,0.6,1,,,0.01,0
C2_n0.01_d000_r01,C2,202606,12.02,12.02,0.0,0.25175,0.26151270401071836,0.24496078859743076,NEAR,NEAR,0.6,1,,,0.01,0
C2_n0.01_d000_r01,C2,202606,12.04,12.04,0.0,0.25349999999999995,0.25041718679463243,0.24632488814673117,NEAR,NEAR,0.6,1,,,0.01,0
C2_n0.01_d000_r01,C2,202606,12.06,12.06,0.0,0.25525000000000003,0.26880181101368117,0.2519441188634687,NEAR,NEAR,0.6,1,,,0.01,0
C2_n0.01_d000_r01,C2,202606,12.08,12.08,0.0,0.257,0.26099054998937915,0.2542057266449463,NEAR,NEAR,0.6,1,,,0.01,0
C2_n0.01_d000_r01,C2,202606,12.1,12.1,0.0,0.25875,0.2653526906989182,0.2569924676584393,NEAR,NEAR,0.6,1,,,0.01,0
C2_n0.01_d000_r01,C2,202606,12.12,12.12,0.0,0.26049999999999995,0.24824011568549673,0.25480437966520364,NEAR,NEAR,0.6,1,,,0.01,0
C2_n0.01_d000_r01,C2,202606,12.14,12.14,0.0,0.26225000000000004,0.25351353284593636,0.25448166796038685,NEAR,NEAR,0.6,1,,,0.01,0
C2_n0.01_d000_r01,C2,202606,12.16,12.16,0.0,0.264,0.26350797458689723,0.25673824461701444,NEAR,NEAR,0.6,1,,,0.01,0
C2_n0.01_d000_r01,C2,202606,12.18,12.18,0.0,0.26575,0.260125985127497,0.2575851797446351,NEAR,NEAR,0.6,1,,,0.01,0
C2_n0.01_d000_r01,C2,202606,12.2,12.2,0.0,0.26749999999999996,0.27002072858742526,0.2606940669553326,NEAR,NEAR,0.6,1,,,0.01,0
C2_n0.01_d000_r01,C2,202606,12.22,12.22,0.0,0.26925000000000004,0.2712425396114667,0.26333118511936615,NEAR,NEAR,0.6,1,,,0.01,0
C2_n0.01_d000_r01,C2,202606,12.24,12.24,0.0,0.271,0.2615390428938276,0.26288314956298153,NEAR,NEAR,0.6,1,,,0.01,0
C2_n0.01_d000_r01,C2,202606,12.26,12.26,0.0,0.27275,0.2745745333145458,0.2658059955008726,NEAR,NEAR,0.6,1,,,0.01,0
C2_n0.01_d000_r01,C2,202606,12.28,12.28,0.0,0.27449999999999997,0.2692124383471237,0.2666576062124354,NEAR,NEAR,0.6,1,,,0.01,0
C2_n0.01_d000_r01,C2,202606,12.3,12.3,0.0,0.27625000000000005,0.2823519467479331,0.2705811913463098,NEAR,NEAR,0.6,1,,,0.01,0
C2_n0.01_d000_r01,C2,202606,12.32,12.32,0.0,0.278,0.2621404477802726,0.2684710054548005,NEAR,NEAR,0.6,1,,,0.01,0
C2_n0.01_d000_r01,C2,202606,12.34,12.34,0.0,0.27975,0.26591370339321024,0.26783167993940293,NEAR,NEAR,0.6,1,,,0.01,0
C2_n0.01_d000_r01,C2,202606,12.36,12.36,0.0,0.2815,0.2877805359091403,0.2728188939318373,NEAR,NEAR,0.6,1,,,0.01,0
C2_n0.01_d000_r01,C2,202606,12.38,12.38,0.0,0.28325000000000006,0.2868669378024142,0.27633090489948153,NEAR,NEAR,0.6,1,,,0.01,0
C2_n0.01_d000_r01,C2,202606,12.4,12.4,0.0,0.28500000000000003,0.27253223727139203,0.27538123799245917,NEAR,NEAR,0.6,1,,,0.01,0
C2_n0.01_d000_r01,C2,202606,12.42,12.42,0.0,0.28675,0.29229181856860803,0.2796088831364964,NEAR,NEAR,0.6,1,,,0.01,0
C2_n0.01_d000_r01,C2,202606,12.44,12.44,0.0,0.2885,0.2841703872711261,0.2807492591701538,NEAR,NEAR,0.6,1,,,0.01,0
C2_n0.01_d000_r01,C2,202606,12.46,12.46,0.0,0.29025000000000006,0.293633552555733,0.2839703325165486,NEAR,NEAR,0.6,1,,,0.01,0
C2_n0.01_d000_r01,C2,202606,12.48,12.48,0.0,0.29200000000000004,0.299480997908862,0.2878479988646269,NEAR,NEAR,0.6,1,,,0.01,0
C2_n0.01_d000_r01,C2,202606,12.5,12.5,0.0,0.29375,0.2907236858642004,0.2885669206145203,NEAR,NEAR,0.6,1,,,0.01,0
C2_n0.01_d000_r01,C2,202606,12.52,12.52,0.0,0.2955,0.2961137720850788,0.2904536334821599,NEAR,NEAR,0.6,1,,,0.01,0
C2_n0.01_d000_r01,C2,202606,12.54,12.54,0.0,0.2972499999999999,0.29224748995314626,0.2909020975999065,NEAR,NEAR,0.6,1,,,0.01,0
C2_n0.01_d000_r01,C2,202606,12.56,12.56,0.0,0.29900000000000004,0.30108649251420255,0.2934481963284805,NEAR,NEAR,0.6,1,,,0.01,0
C2_n0.01_d000_r01,C2,202606,12.58,12.58,0.0,0.30075,0.28715321636615565,0.2918744513378993,NEAR,NEAR,0.6,1,,,0.01,0
C2_n0.01_d000_r01,C2,202606,12.6,12.6,0.0,0.3025,0.3133455862960168,0.2972422350774287,NEAR,NEAR,0.6,1,,,0.01,0
C2_n0.01_d000_r01,C2,202606,12.62,12.62,0.0,0.3042499999999999,0.3112359388620946,0.3007406610235952,NEAR,NEAR,0.6,1,,,0.01,0
C2_n0.01_d000_r01,C2,202606,12.64,12.64,0.0,0.30600000000000005,0.3007217272808502,0.30073592758790896,NEAR,NEAR,0.6,1,,,0.01,0
C2_n0.01_d000_r01,C2,202606,12.66,12.66,0.0,0.30775,0.3021038760718982,0.30107791470890627,NEAR,NEAR,0.6,1,,,0.01,0
C2_n0.01_d000_r01,C2,202606,12.68,12.68,0.0,0.3095,0.3018946358665034,0.30128209499830555,NEAR,NEAR,0.6,1,,,0.01,0
C2_n0.01_d000_r01,C2,202606,12.7,12.7,0.0,0.3112499999999999,0.3105582597937082,0.30360113619715623,NEAR,NEAR,0.6,1,,,0.01,0
C2_n0.01_d000_r01,C2,202606,12.72,12.72,0.0,0.31300000000000006,0.3231432705741991,0.3084866697914169,NEAR,NEAR,0.6,1,,,0.01,0
C2_n0.01_d000_r01,C2,202606,12.74,12.74,0.0,0.31475000000000003,0.32083645073199485,0.3115741150265614,NEAR,NEAR,0.6,1,,,0.01,0
C2_n0.01_d000_r01,C2,202606,12.76,12.76,0.0,0.3165,0.3284849145644985,0.3158018149110457,NEAR,NEAR,0.6,1,,,0.01,0
C2_n0.01_d000_r01,C2,202606,12.78,12.78,0.0,0.3182499999999999,0.31812035567909125,0.31638145010305707,NEAR,NEAR,0.6,1,,,0.01,0
C2_n0.01_d000_r01,C2,202606,12.8,12.8,0.0,0.32000000000000006,0.3144822695025764,0.3159066549529369,NEAR,NEAR,0.6,1,,,0.01,0
C2_n0.01_d000_r01,C2,202606,12.82,12.82,0.0,0.32175000000000004,0.31527523817423475,0.3157488007582614,NEAR,NEAR,0.6,1,,,0.01,0
C2_n0.01_d000_r01,C2,202606,12.84,12.84,0.0,0.3235,0.3338680039769129,0.32027860156292426,NEAR,NEAR,0.6,1,,,0.01,0
C2_n0.01_d000_r01,C2,202606,12.86,12.86,0.0,0.32524999999999993,0.3249852778241828,0.3214552706282389,NEAR,NEAR,0.6,1,,,0.01,0
C2_n0.01_d000_r01,C2,202606,12.88,12.88,0.0,0.32700000000000007,0.32759159292021917,0.32298935120123395,NEAR,NEAR,0.6,1,,,0.01,0
C2_n0.01_d000_r01,C2,202606,12.9,12.9,0.0,0.32875000000000004,0.3229974295576227,0.32299137079033113,NEAR,NEAR,0.6,1,,,0.01,0
C2_n0.01_d000_r01,C2,202606,12.92,12.92,0.0,0.3305,0.3353191989381745,0.326073327827292,NEAR,NEAR,0.6,1,,,0.01,0
C2_n0.01_d000_r01,C2,202606,12.94,12.94,0.0,0.33224999999999993,0.35358331753448213,0.3329508252540895,NEAR,NEAR,0.6,1,,,0.01,0
C2_n0.01_d000_r01,C2,202606,12.96,12.96,0.0,0.3340000000000001,0.33162961406705804,0.33262052245733165,NEAR,NEAR,0.6,1,,,0.01,0
C2_n0.01_d000_r01,C2,202606,12.98,12.98,0.0,0.33575000000000005,0.3410874907762461,0.33473726453706026,NEAR,NEAR,0.6,1,,,0.01,0
C2_n0.01_d000_r01,C2,202606,13.0,13.0,0.0,0.3375,0.3405646050932441,0.3361940996761062,NEAR,NEAR,0.6,1,,,0.01,0
C2_n0.01_d000_r01,C2,202606,13.02,13.02,0.0,0.33924999999999994,0.3415630728023362,0.3375363429576637,NEAR,NEAR,0.6,1,,,0.01,0
C2_n0.01_d000_r01,C2,202606,13.04,13.04,0.0,0.3409999999999999,0.3455754995445546,0.33954613210438644,NEAR,NEAR,0.6,1,,,0.01,0
C2_n0.01_d000_r01,C2,202606,13.06,13.06,0.0,0.34275000000000005,0.34521807417012174,0.34096411762082024,NEAR,NEAR,0.6,1,,,0.01,0
C2_n0.01_d000_r01,C2,202606,13.08,13.08,0.0,0.34450000000000003,0.3556297946497868,0.3446305368780619,NEAR,NEAR,0.6,1,,,0.01,0
C2_n0.01_d000_r01,C2,202606,13.1,13.1,0.0,0.34624999999999995,0.35522375100643977,0.34727884041015633,NEAR,NEAR,0.6,1,,,0.01,0
C2_n0.01_d000_r01,C2,202606,13.12,13.12,0.0,0.3479999999999999,0.35005287701047844,0.34797234956023687,NEAR,NEAR,0.6,1,,,0.01,0
C2_n0.01_d000_r01,C2,202606,13.14,13.14,0.0,0.34975000000000006,0.34981568082186665,0.3484331823756443,NEAR,NEAR,0.6,1,,,0.01,0
C2_n0.01_d000_r01,C2,202606,13.16,13.16,0.0,0.35150000000000003,0.36478401627573187,0.3525208908506662,FAR,NEAR,0.6,1,,,0.01,0
C2_n0.01_d000_r01,C2,202606,13.18,13.18,0.0,0.35324999999999995,0.34636009502070964,0.35098069189317704,FAR,NEAR,0.6,1,,,0.01,0
C2_n0.01_d000_r01,C2,202606,13.2,13.2,0.0,0.3549999999999999,0.348957605484087,0.35047492029090455,FAR,NEAR,0.6,1,,,0.01,0
C2_n0.01_d000_r01,C2,202606,13.22,13.22,0.0,0.35675000000000007,0.35004444081118935,0.35036730042097575,FAR,NEAR,0.6,1,,,0.01,0
C2_n0.01_d000_r01,C2,202606,13.24,13.24,0.0,0.35850000000000004,0.34227082720576196,0.3483431821171723,FAR,NEAR,0.6,1,,,0.01,0
C2_n0.01_d000_r01,C2,202606,13.26,13.26,0.0,0.36024999999999996,0.36640389074831564,0.3528583592749581,FAR,NEAR,0.6,1,,,0.01,0
C2_n0.01_d000_r01,C2,202606,13.28,13.28,0.0,0.36199999999999993,0.35583672153072826,0.35360294983890067,FAR,NEAR,0.6,1,,,0.01,0
C2_n0.01_d000_r01,C2,202606,13.3,13.3,0.0,0.3637500000000001,0.3703651242764994,0.35779349344830036,FAR,NEAR,0.6,1,,,0.01,0
C2_n0.01_d000_r01,C2,202606,13.32,13.32,0.0,0.36550000000000005,0.3741700333969344,0.36188762843545885,FAR,NEAR,0.6,1,,,0.01,0
C2_n0.01_d000_r01,C2,202606,13.34,13.34,0.0,0.36724999999999997,0.36032857551731323,0.3614978652059224,FAR,NEAR,0.6,1,,,0.01,0
C2_n0.01_d000_r01,C2,202606,13.36,13.36,0.0,0.36899999999999994,0.3737606163233231,0.3645635529852726,FAR,NEAR,0.6,1,,,0.01,0
C2_n0.01_d000_r01,C2,202606,13.38,13.38,0.0,0.3707500000000001,0.3649517420527664,0.364660600252146,FAR,NEAR,0.6,1,,,0.01,0
C2_n0.01_d000_r01,C2,202606,13.4,13.4,0.0,0.37250000000000005,0.3672861023056199,0.36531697576551453,FAR,NEAR,0.6,1,,,0.01,0
C2_n0.01_d000_r01,C2,202606,13.42,13.42,0.0,0.37424999999999997,0.38124365016389056,0.3692986443651085,FAR,NEAR,0.6,1,,,0.01,0
C2_n0.01_d000_r01,C2,202606,13.44,13.44,0.0,0.37599999999999995,0.3757930052172635,0.37092223457814727,FAR,NEAR,0.6,1,,,0.01,0
C2_n0.01_d000_r01,C2,202606,13.46,13.46,0.0,0.37775000000000003,0.38567782143026136,0.3746111312911758,FAR,NEAR,0.6,1,,,0.01,0
C2_n0.01_d000_r01,C2,202606,13.48,13.48,0.0,0.37950000000000006,0.378487246905405,0.3755801601947331,FAR,NEAR,0.6,1,,,0.01,0
C2_n0.01_d000_r01,C2,202606,13.5,13.5,0.0,0.38125,0.38185254842349087,0.3771482572519226,FAR,NEAR,0.6,1,,,0.01,0
C2_n0.01_d000_r01,C2,202606,13.52,13.52,0.0,0.38299999999999995,0.3870803510710858,0.3796312807067134,FAR,NEAR,0.6,1,,,0.01,0
C2_n0.01_d000_r01,C2,202606,13.54,13.54,0.0,0.3847499999999999,0.38900313659339897,0.3819742446783848,FAR,FAR,0.0,1,EXIT_NEAR,,0.01,0
C2_n0.01_d000_r01,C2,202606,13.56,13.56,0.0,0.38650000000000007,0.40030951768357703,0.38655806292968287,FAR,FAR,0.0,1,,,0.01,0
C2_n0.01_d000_r01,C2,202606,13.58,13.58,0.0,0.38825,0.3798473865393,0.38488039383208716,FAR,FAR,0.0,1,,,0.01,0
C2_n0.01_d000_r01,C2,202606,13.6,13.6,0.0,0.38999999999999996,0.3882870707721824,0.38573206306711094,FAR,FAR,0.0,1,,,0.01,0
C2_n0.01_d000_r01,C2,202606,13.62,13.62,0.0,0.39174999999999993,0.40513038852354766,0.3905816444312201,FAR,FAR,0.0,1,,,0.01,0
C2_n0.01_d000_r01,C2,202606,13.64,13.64,0.0,0.39350000000000007,0.40316957466809394,0.3937286269904386,FAR,FAR,0.0,1,,,0.01,0
C2_n0.01_d000_r01,C2,202606,13.66,13.66,0.0,0.39525,0.37987941633018224,0.3902663243253745,FAR,FAR,0.0,1,,,0.01,0
C2_n0.01_d000_r01,C2,202606,13.68,13.68,0.0,0.39699999999999996,0.39326139326087306,0.39101509155924913,FAR,FAR,0.0,1,,,0.01,0
C2_n0.01_d000_r01,C2,202606,13.7,13.7,0.0,0.39874999999999994,0.39898931962979234,0.3930086485768849,FAR,FAR,0.0,1,,,0.01,0
C2_n0.01_d000_r01,C2,202606,13.72,13.72,0.0,0.4005000000000001,0.38824124579700964,0.3918167978819161,FAR,FAR,0.0,1,,,0.01,0
C2_n0.01_d000_r01,C2,202606,13.74,13.74,0.0,0.40225,0.3922257700925688,0.3919190409345793,FAR,FAR,0.0,1,,,0.01,0
C2_n0.01_d000_r01,C2,202606,13.76,13.76,0.0,0.40399999999999997,0.39969193997198477,0.3938622656939306,FAR,FAR,0.0,1,,,0.01,0
C2_n0.01_d000_r01,C2,202606,13.78,13.78,0.0,0.40574999999999994,0.41549355371086366,0.3992700876981639,FAR,FAR,0.0,1,,,0.01,0
C2_n0.01_d000_r01,C2,202606,13.8,13.8,0.0,0.4075000000000001,0.40241271628881664,0.4000557448458271,FAR,FAR,0.0,1,,,0.01,0
C2_n0.01_d000_r01,C2,202606,13.82,13.82,0.0,0.40925,0.41888506552342497,0.40476307501522657,FAR,FAR,0.0,1,,,0.01,0
C2_n0.01_d000_r01,C2,202606,13.84,13.84,0.0,0.411,0.42338112333404615,0.4094175870949315,FAR,FAR,0.0,1,,,0.01,0
C2_n0.01_d000_r01,C2,202606,13.86,13.86,0.0,0.41274999999999995,0.4173773208397628,0.4114075205311393,FAR,FAR,0.0,1,,,0.01,0
C2_n0.01_d000_r01,C2,202606,13.88,13.88,0.0,0.4145000000000001,0.41690128362520545,0.41278096130465586,FAR,FAR,0.0,1,,,0.01,0
C2_n0.01_d000_r01,C2,202606,13.9,13.9,0.0,0.41625,0.43579821361456317,0.41853527438213267,FAR,FAR,0.0,1,,,0.01,0
C2_n0.01_d000_r01,C2,202606,13.92,13.92,0.0,0.418,0.4150608372941828,0.4176666651101452,FAR,FAR,0.0,1,,,0.01,0
C2_n0.01_d000_r01,C2,202606,13.94,13.94,0.0,0.41974999999999996,0.4431140431811301,0.4240285096278914,FAR,FAR,0.0,1,,,0.01,0
C2_n0.01_d000_r01,C2,202606,13.96,13.96,0.0,0.4215000000000001,0.408865487142676,0.4202377540065876,FAR,FAR,0.0,1,,,0.01,0
C2_n0.01_d000_r01,C2,202606,13.98,13.98,0.0,0.42325,0.43261504040343834,0.4233320756058003,FAR,FAR,0.0,1,,,0.01,0
C2_n0.01_d000_r01,C2,202606,14.0,14.0,0.0,0.425,0.4466201361585033,0.42915409074397604,FAR,FAR,0.0,1,,,0.01,0
C2_n0.01_d000_r01,C2,202606,14.02,14.02,0.0,0.42674999999999996,0.44463971161734384,0.433025495962318,FAR,FAR,0.0,1,,,0.01,0
C2_n0.01_d000_r01,C2,202606,14.04,14.04,0.0,0.4284999999999999,0.43849814646650853,0.4343936585883656,FAR,FAR,0.0,1,,,0.01,0
C2_n0.01_d000_r01,C2,202606,14.06,14.06,0.0,0.43025,0.4177079466276651,0.4302222305981904,FAR,FAR,0.0,1,,,0.01,0
C2_n0.01_d000_r01,C2,202606,14.08,14.08,0.0,0.432,0.44444536537102947,0.43377801429140017,FAR,FAR,0.0,1,,,0.01,0
C2_n0.01_d000_r01,C2,202606,14.1,14.1,0.0,0.43374999999999997,0.4281229731424175,0.43236425400415446,FAR,FAR,0.0,1,,,0.01,0
C2_n0.01_d000_r01,C2,202606,14.12,14.12,0.0,0.4354999999999999,0.43330948531138236,0.43260056183096146,FAR,FAR,0.0,1,,,0.01,0
C2_n0.01_d000_r01,C2,202606,14.14,14.14,0.0,0.43725,0.4494260360731237,0.43680693039150204,FAR,FAR,0.0,1,,,0.01,0
C2_n0.01_d000_r01,C2,202606,14.16,14.16,0.0,0.439,0.4361926268701604,0.4366533545111666,FAR,FAR,0.0,1,,,0.01,0
C2_n0.01_d000_r01,C2,202606,14.18,14.18,0.0,0.44075,0.4378825979332124,0.43696066536667805,FAR,FAR,0.0,1,,,0.01,0
C2_n0.01_d000_r01,C2,202606,14.2,14.2,0.0,0.4424999999999999,0.44409392787012714,0.4387439809925403,FAR,FAR,0.0,1,,,0.01,0
C2_n0.01_d000_r01,C2,202606,14.22,14.22,0.0,0.44425000000000003,0.4513860781093698,0.44190450527174774,FAR,FAR,0.0,1,,,0.01,0
C2_n0.01_d000_r01,C2,202606,14.24,14.24,0.0,0.446,0.4549387839292053,0.4451630749361122,FAR,FAR,0.0,1,,,0.01,0
C2_n0.01_d000_r01,C2,202606,14.26,14.26,0.0,0.44775,0.44911561809046024,0.4461512107246992,FAR,FAR,0.0,1,,,0.01,0
C2_n0.01_d000_r01,C2,202606,14.28,14.28,0.0,0.4494999999999999,0.4496148369979291,0.4470171172930067,FAR,FAR,0.0,1,,,0.01,0
C2_n0.01_d000_r01,C2,202606,14.3,14.3,0.0,0.45125000000000004,0.4572580031116575,0.4495773387476694,FAR,FAR,0.0,1,,,0.01,0
C2_n0.01_d000_r01,C2,202606,14.32,14.32,0.0,0.453,0.45399494485899083,0.4506817402754998,FAR,FAR,0.0,1,,,0.01,0
C2_n0.01_d000_r01,C2,202606,14.34,14.34,0.0,0.45475,0.45859284660755006,0.45265951685851236,FAR,FAR,0.0,1,,,0.01,0
C2_n0.01_d000_r01,C2,202606,14.36,14.36,0.0,0.4564999999999999,0.4568329439966858,0.4537028736430557,FAR,FAR,0.0,1,,,0.01,0
C2_n0.01_d000_r01,C2,202606,14.38,14.38,0.0,0.45825000000000005,0.44975291221686736,0.4527153832865086,FAR,FAR,0.0,1,,,0.01,0
C2_n0.01_d000_r01,C2,202606,14.4,14.4,0.0,0.46,0.47202527735307953,0.4575428568031513,FAR,FAR,0.0,1,,,0.01,0
C2_n0.01_d000_r01,C2,202606,14.42,14.42,0.0,0.46175,0.464498099261148,0.45928166741765053,FAR,FAR,0.0,1,,,0.01,0
C2_n0.01_d000_r01,C2,202606,14.44,14.44,0.0,0.4634999999999999,0.4566748167292313,0.45862995474554574,FAR,FAR,0.0,1,,,0.01,0
C2_n0.01_d000_r01,C2,202606,14.46,14.46,0.0,0.46525000000000005,0.46474157278905825,0.4601578592564239,FAR,FAR,0.0,1,,,0.01,0
C2_n0.01_d000_r01,C2,202606,14.48,14.48,0.0,0.467,0.4691258709335154,0.46239986217569673,FAR,FAR,0.0,1,,,0.01,0
C2_n0.01_d000_r01,C2,202606,14.5,14.5,0.0,0.46875,0.4658565858630254,0.46326404309752894,FAR,FAR,0.0,1,,,0.01,0
C2_n0.01_d000_r01,C2,202606,14.52,14.52,0.0,0.4704999999999999,0.4664046922941799,0.4640492053966917,FAR,FAR,0.0,1,,,0.01,0
C2_n0.01_d000_r01,C2,202606,14.54,14.54,0.0,0.47224999999999995,0.4844213502162849,0.46914224160158996,FAR,FAR,0.0,1,,,0.01,0
C2_n0.01_d000_r01,C2,202606,14.56,14.56,0.0,0.47400000000000003,0.47934142063354995,0.47169203635957996,FAR,FAR,0.0,1,,,0.01,0
C2_n0.01_d000_r01,C2,202606,14.58,14.58,0.0,0.47575,0.47124033443840957,0.47157911087928733,FAR,FAR,0.0,1,,,0.01,0
C2_n0.01_d000_r01,C2,202606,14.6,14.6,0.0,0.4774999999999999,0.4863227020315536,0.4752650086673539,FAR,FAR,0.0,1,,,0.01,0
C2_n0.01_d000_r01,C2,202606,14.62,14.62,0.0,0.47924999999999995,0.4669041709422047,0.47317479923606665,FAR,FAR,0.0,1,,,0.01,0
C2_n0.01_d000_r01,C2,202606,14.64,14.64,0.0,0.48100000000000004,0.4832575601667579,0.47569548946873946,FAR,FAR,0.0,1,,,0.01,0
C2_n0.01_d000_r01,C2,202606,14.66,14.66,0.0,0.48275,0.49378782749469224,0.48021857397522766,FAR,FAR,0.0,1,,,0.01,0
C2_n0.01_d000_r01,C2,202606,14.68,14.68,0.0,0.48449999999999993,0.49679259594495984,0.48436207946766074,FAR,FAR,0.0,1,,,0.01,0
C2_n0.01_d000_r01,C2,202606,14.7,14.7,0.0,0.48624999999999996,0.48188296821846704,0.4837423016553623,FAR,FAR,0.0,1,,,0.01,0
C2_n0.01_d000_r01,C2,202606,14.72,14.72,0.0,0.48800000000000004,0.4911305226672101,0.4855893569083242,FAR,FAR,0.0,1,,,0.01,0
C2_n0.01_d000_r01,C2,202606,14.74,14.74,0.0,0.48975,0.4843873764213383,0.4852888617865777,FAR,FAR,0.0,1,,,0.01,0
C2_n0.01_d000_r01,C2,202606,14.76,14.76,0.0,0.49149999999999994,0.4909366787089915,0.4867008160171811,FAR,FAR,0.0,1,,,0.01,0
C2_n0.01_d000_r01,C2,202606,14.78,14.78,0.0,0.49324999999999997,0.4938650034197092,0.48849186286781315,FAR,FAR,0.0,1,,,0.01,0
C2_n0.01_d000_r01,C2,202606,14.8,14.8,0.0,0.49500000000000005,0.4967242429093158,0.4905499578781888,FAR,FAR,0.0,1,,,0.01,0
C2_n0.01_d000_r01,C2,202606,14.82,14.82,0.0,0.49675,0.5063028722876841,0.4944881864805626,FAR,FAR,0.0,1,,,0.01,0
C2_n0.01_d000_r01,C2,202606,14.84,14.84,0.0,0.49849999999999994,0.5005052438293076,0.49599245081774884,FAR,FAR,0.0,1,,,0.01,0
C2_n0.01_d000_r01,C2,202606,14.86,14.86,0.0,0.5002499999999999,0.49445989521488115,0.4956093119170319,FAR,FAR,0.0,1,,,0.01,0
C2_n0.01_d000_r01,C2,202606,14.88,14.88,0.0,0.502,0.5047309648692758,0.4978897251550929,FAR,FAR,0.0,1,,,0.01,0
C2_n0.01_d000_r01,C2,202606,14.9,14.9,0.0,0.50375,0.5091155814943275,0.5006961892399016,FAR,FAR,0.0,1,,,0.01,0
C2_n0.01_d000_r01,C2,202606,14.92,14.92,0.0,0.5055000000000001,0.4977409342748351,0.49995737549863495,FAR,FAR,0.0,1,,,0.01,0
C2_n0.01_d000_r01,C2,202606,14.94,14.94,0.0,0.50725,0.518559729897706,0.5046079640984027,FAR,FAR,0.0,1,,,0.01,0
C2_n0.01_d000_r01,C2,202606,14.96,14.96,0.0,0.5090000000000001,0.5010989018504997,0.5037306985364269,FAR,FAR,0.0,1,,,0.01,0
C2_n0.01_d000_r01,C2,202606,14.98,14.98,0.0,0.51075,0.5158785867345953,0.506767670585969,FAR,FAR,0.0,1,,,0.01,0
C2_n0.01_d000_r01,C2,202606,15.0,15.0,0.0,0.5125,0.5008896847175653,0.5052981741188681,FAR,FAR,0.0,1,,,0.01,0
C2_n0.01_d000_r01,C2,202606,15.02,15.02,0.0,0.5142499999999999,0.521979739291041,0.5094685654119113,FAR,FAR,0.0,1,,,0.01,0
C2_n0.01_d000_r01,C2,202606,15.04,15.04,0.0,0.5159999999999999,0.5187841338476538,0.5117974575208469,FAR,FAR,0.0,1,,,0.01,0
C2_n0.01_d000_r01,C2,202606,15.06,15.06,0.0,0.51775,0.5140535415195441,0.5123614785205212,FAR,FAR,0.0,1,,,0.01,0
C2_n0.01_d000_r01,C2,202606,15.08,15.08,0.0,0.5195,0.5201026777904444,0.5142967783380019,FAR,FAR,0.0,1,,,0.01,0
C2_n0.01_d000_r01,C2,202606,15.1,15.1,0.0,0.52125,0.5239827181538977,0.5167182632919759,FAR,FAR,0.0,1,,,0.01,0
C2_n0.01_d000_r01,C2,202606,15.12,15.12,0.0,0.5229999999999999,0.5138986110532452,0.5160133502322932,FAR,FAR,0.0,1,,,0.01,0
C2_n0.01_d000_r01,C2,202606,15.14,15.14,0.0,0.52475,0.5230579396330539,0.5177744975824834,FAR,FAR,0.0,1,,,0.01,0
C2_n0.01_d000_r01,C2,202606,15.16,15.16,0.0,0.5265,0.5283019329041849,0.5204063564129088,FAR,FAR,0.0,1,,,0.01,0
C2_n0.01_d000_r01,C2,202606,15.18,15.18,0.0,0.5282499999999999,0.5310341536635147,0.5230633057255603,FAR,FAR,0.0,1,,,0.01,0
C2_n0.01_d000_r01,C2,202606,15.2,15.2,0.0,0.5299999999999999,0.5146802387887351,0.520967538991354,FAR,FAR,0.0,1,,,0.01,0
C2_n0.01_d000_r01,C2,202606,15.22,15.22,0.0,0.5317500000000001,0.5416419368624744,0.5261361384591341,FAR,FAR,0.0,1,,,0.01,0
C2_n0.01_d000_r01,C2,202606,15.24,15.24,0.0,0.5335,0.5409217253123376,0.529832535172435,FAR,FAR,0.0,1,,,0.01,0
C2_n0.01_d000_r01,C2,202606,15.26,15.26,0.0,0.53525,0.5451281512923228,0.5336564392024069,FAR,FAR,0.0,1,,,0.01,0
C2_n0.01_d000_r01,C2,202606,15.28,15.28,0.0,0.5369999999999999,0.5468064739826711,0.5369439478974729,FAR,FAR,0.0,1,,,0.01,0
C2_n0.01_d000_r01,C2,202606,15.3,15.3,0.0,0.5387500000000001,0.545887629163548,0.5391798682139917,FAR,FAR,0.0,1,,,0.01,0
C2_n0.01_d000_r01,C2,202606,15.32,15.32,0.0,0.5405,0.5374599208835396,0.5387498813813787,FAR,FAR,0.0,1,,,0.01,0
C2_n0.01_d000_r01,C2,202606,15.34,15.34,0.0,0.5422499999999999,0.5605138525222295,0.5441908741665914,FAR,FAR,0.0,1,,,0.01,0
C2_n0.01_d000_r01,C2,202606,15.36,15.36,0.0,0.5439999999999999,0.5438120093006319,0.5440961579501015,FAR,FAR,0.0,1,,,0.01,0
C2_n0.01_d000_r01,C2,202606,15.38,15.38,0.0,0.5457500000000001,0.5360377551185384,0.5420815572422106,FAR,FAR,0.0,1,,,0.01,0
C2_n0.01_d000_r01,C2,202606,15.4,15.4,0.0,0.5475,0.5490434037602859,0.5438220188717294,FAR,FAR,0.0,1,,,0.01,0
C2_n0.01_d000_r01,C2,202606,15.42,15.42,0.0,0.54925,0.5532384186301345,0.5461761188113307,FAR,FAR,0.0,1,,,0.01,0
C2_n0.01_d000_r01,C2,202606,15.44,15.44,0.0,0.5509999999999999,0.5452526462719983,0.5459452506764976,FAR,FAR,0.0,1,,,0.01,0
C2_n0.01_d000_r01,C2,202606,15.46,15.46,0.0,0.5527500000000001,0.5528307092648572,0.5476666153235875,FAR,FAR,0.0,1,,,0.01,0
C2_n0.01_d000_r01,C2,202606,15.48,15.48,0.0,0.5545,0.5551284518422946,0.5495320744532642,FAR,FAR,0.0,1,,,0.01,0
C2_n0.01_d000_r01,C2,202606,15.5,15.5,0.0,0.5562499999999999,0.5558979450736397,0.5511235421083581,FAR,FAR,0.0,1,,,0.01,0
C2_n0.01_d000_r01,C2,202606,15.52,15.52,0.0,0.5579999999999999,0.5534443789450116,0.5517037513175215,FAR,FAR,0.0,1,,,0.01,0
C2_n0.01_d000_r01,C2,202606,15.54,15.54,0.0,0.55975,0.5659962034426071,0.5552768643487929,FAR,FAR,0.0,1,,,0.01,0
C2_n0.01_d000_r01,C2,202606,15.56,15.56,0.0,0.5615,0.5436856273615119,0.5523790551019726,FAR,FAR,0.0,1,,,0.01,0
C2_n0.01_d000_r01,C2,202606,15.58,15.58,0.0,0.56325,0.5593369049390192,0.5541185175612343,FAR,FAR,0.0,1,,,0.01,0
C2_n0.01_d000_r01,C2,202606,15.6,15.6,0.0,0.565,0.5723888785982849,0.558686107820497,FAR,FAR,0.0,1,,,0.01,0
C2_n0.01_d000_r01,C2,202606,15.62,15.62,0.0,0.5667499999999999,0.5469697235917514,0.5557570117633106,FAR,FAR,0.0,1,,,0.01,0
C2_n0.01_d000_r01,C2,202606,15.64,15.64,0.0,0.5685,0.57403651894273,0.5603268885581655,FAR,FAR,0.0,1,,,0.01,0
C2_n0.01_d000_r01,C2,202606,15.66,15.66,0.0,0.5702499999999999,0.5582285899211894,0.5598023138989214,FAR,FAR,0.0,1,,,0.01,0
C2_n0.01_d000_r01,C2,202606,15.68,15.68,0.0,0.572,0.5658583516738883,0.5613163233426631,FAR,FAR,0.0,1,,,0.01,0
C2_n0.01_d000_r01,C2,202606,15.7,15.7,0.0,0.57375,0.5746022373264381,0.5646378018386069,FAR,FAR,0.0,1,,,0.01,0
C2_n0.01_d000_r01,C2,202606,15.72,15.72,0.0,0.5755,0.5774203867651808,0.5678334480702504,FAR,FAR,0.0,1,,,0.01,0
C2_n0.01_d000_r01,C2,202606,15.74,15.74,0.0,0.57725,0.5653585339853853,0.567214719549034,FAR,FAR,0.0,1,,,0.01,0
C2_n0.01_d000_r01,C2,202606,15.76,15.76,0.0,0.579,0.5734934199294521,0.5687843946441385,FAR,FAR,0.0,1,,,0.01,0
C2_n0.01_d000_r01,C2,202606,15.78,15.78,0.0,0.5807499999999999,0.5998944340400666,0.5765619044931205,FAR,FAR,0.0,1,,,0.01,0
C2_n0.01_d000_r01,C2,202606,15.8,15.8,0.0,0.5825,0.5676967336430249,0.5743456117805966,FAR,FAR,0.0,1,,,0.01,0
C2_n0.01_d000_r01,C2,202606,15.82,15.82,0.0,0.5842499999999999,0.5766427893757393,0.5749199061793824,FAR,FAR,0.0,1,,,0.01,0
C2_n0.01_d000_r01,C2,202606,15.84,15.84,0.0,0.586,0.5991553170238608,0.580978758890502,FAR,FAR,0.0,1,,,0.01,0
C2_n0.01_d000_r01,C2,202606,15.86,15.86,0.0,0.58775,0.5807900789132341,0.580931588896185,FAR,FAR,0.0,1,,,0.01,0
C2_n0.01_d000_r01,C2,202606,15.88,15.88,0.0,0.5895,0.596495748790979,0.5848226288698835,FAR,FAR,0.0,1,,,0.01,0
C2_n0.01_d000_r01,C2,202606,15.9,15.9,0.0,0.59125,0.5754021841178147,0.5824675176818663,FAR,FAR,0.0,1,,,0.01,0
C2_n0.01_d000_r01,C2,202606,15.92,15.92,0.0,0.593,0.5692746668110255,0.5791693049641561,FAR,FAR,0.0,1,,,0.01,0
C2_n0.01_d000_r01,C2,202606,15.94,15.94,0.0,0.5947499999999999,0.5829079335974946,0.5801039621224907,FAR,FAR,0.0,1,,,0.01,0
C2_n0.01_d000_r01,C2,202606,15.96,15.96,0.0,0.5965,0.6208548993427917,0.590291696427566,FAR,FAR,0.0,1,,,0.01,0
C2_n0.01_d000_r01,C2,202606,15.98,15.98,0.0,0.59825,0.5952150468193023,0.5915225340255,FAR,FAR,0.0,1,,,0.01,0
C2_n0.01_d000_r01,C2,202606,16.0,16.0,0.0,0.6,0.597800385921407,0.5930919969994768,FAR,FAR,0.0,1,,,0.01,0
C2_n0.01_d000_r01,C2,202606,16.02,16.02,0.0,0.6,0.5972323526961039,0.5941270859236336,FAR,FAR,0.0,1,,,0.01,0
C2_n0.01_d000_r01,C2,202606,16.04,16.04,0.0,0.6,0.6027000690025025,0.5962703316933509,FAR,FAR,0.0,1,,,0.01,0
C2_n0.01_d000_r01,C2,202606,16.06,16.06,0.0,0.6,0.6005079174052176,0.5973297281213176,FAR,FAR,0.0,1,,,0.01,0
C2_n0.01_d000_r01,C2,202606,16.08,16.08,0.0,0.6,0.5913019269968687,0.5958227778402053,FAR,FAR,0.0,1,,,0.01,0
C2_n0.01_d000_r01,C2,202606,16.1,16.1,0.0,0.6,0.6077035486341962,0.5987929705387031,FAR,FAR,0.0,1,,,0.01,0
C2_n0.01_d000_r01,C2,202606,16.12,16.12,0.0,0.6,0.5872426889109014,0.5959054001317526,FAR,FAR,0.0,1,,,0.01,0
C2_n0.01_d000_r01,C2,202606,16.14,16.14,0.0,0.6,0.6092754787859902,0.599247919795312,FAR,FAR,0.0,1,,,0.01,0
C2_n0.01_d000_r01,C2,202606,16.16,16.16,0.0,0.6,0.5911842176503623,0.5972319942590746,FAR,FAR,0.0,1,,,0.01,0
C2_n0.01_d000_r01,C2,202606,16.18,16.18,0.0,0.6,0.6123945501471199,0.601022633231086,FAR,FAR,0.0,1,,,0.01,0
C2_n0.01_d000_r01,C2,202606,16.2,16.2,0.0,0.6,0.5970265111636951,0.6000236027142383,FAR,FAR,0.0,1,,,0.01,0
C2_n0.01_d000_r01,C2,202606,16.22,16.22,0.0,0.6,0.5946992363437352,0.5986925111216125,FAR,FAR,0.0,1,,,0.01,0
C2_n0.01_d000_r01,C2,202606,16.24,16.24,0.0,0.6,0.6002359942643133,0.5990783819072877,FAR,FAR,0.0,1,,,0.01,0
C2_n0.01_d000_r01,C2,202606,16.26,16.26,0.0,0.6,0.5992029347313466,0.5991095201133024,FAR,FAR,0.0,1,,,0.01,0
C2_n0.01_d000_r01,C2,202606,16.28,16.28,0.0,0.6,0.5836548378856288,0.5952458495563839,FAR,FAR,0.0,1,,,0.01,0
C2_n0.01_d000_r01,C2,202606,16.3,16.3,0.0,0.6,0.6106976819777548,0.5991088076617266,FAR,FAR,0.0,1,,,0.01,0
C2_n0.01_d000_r01,C2,202606,16.32,16.32,0.0,0.6,0.5826689050860938,0.5949988320178183,FAR,FAR,0.0,1,,,0.01,0
C2_n0.01_d000_r01,C2,202606,16.34,16.34,0.0,0.6,0.6042444419305618,0.5973102344960042,FAR,FAR,0.0,1,,,0.01,0
C2_n0.01_d000_r01,C2,202606,16.36,16.36,0.0,0.6,0.5979290539910707,0.5974649393697709,FAR,FAR,0.0,1,,,0.01,0
C2_n0.01_d000_r01,C2,202606,16.38,16.38,0.0,0.6,0.6111416413556408,0.6008841148662383,FAR,FAR,0.0,1,,,0.01,0
C2_n0.01_d000_r01,C2,202606,16.4,16.4,0.0,0.6,0.6172489868950917,0.6049753328734516,FAR,FAR,0.0,1,,,0.01,0
C2_n0.01_d000_r01,C2,202606,16.42,16.42,0.0,0.6,0.6076178078272408,0.605635951611899,FAR,FAR,0.0,1,,,0.01,0
C2_n0.01_d000_r01,C2,202606,16.44,16.44,0.0,0.6,0.594412225049223,0.60283001997123,FAR,FAR,0.0,1,,,0.01,0
C2_n0.01_d000_r01,C2,202606,16.46,16.46,0.0,0.6,0.602390393698711,0.6027201134031002,FAR,FAR,0.0,1,,,0.01,0
C2_n0.01_d000_r01,C2,202606,16.48,16.48,0.0,0.6,0.5772197324460955,0.596345018163849,FAR,FAR,0.0,1,,,0.01,0
C2_n0.01_d000_r01,C2,202606,16.5,16.5,0.0,0.6,0.5912902893051334,0.5950813359491701,FAR,FAR,0.0,1,,,0.01,0
C2_n0.01_d000_r01,C2,202606,16.52,16.52,0.0,0.6,0.6031676252210243,0.5971029082671336,FAR,FAR,0.0,1,,,0.01,0
C2_n0.01_d000_r01,C2,202606,16.54,16.54,0.0,0.6,0.6149089514903168,0.6015544190729294,FAR,FAR,0.0,1,,,0.01,0
C2_n0.01_d000_r01,C2,202606,16.56,16.56,0.0,0.6,0.6052639730489296,0.6024818075669295,FAR,FAR,0.0,1,,,0.01,0
C2_n0.01_d000_r01,C2,202606,16.58,16.58,0.0,0.6,0.5816107787735708,0.5972640503685899,FAR,FAR,0.0,1,,,0.01,0
C2_n0.01_d000_r01,C2,202606,16.6,16.6,0.0,0.6,0.593765640558466,0.596389447916059,FAR,FAR,0.0,1,,,0.01,0
C2_n0.01_d000_r01,C2,202606,16.62,16.62,0.0,0.6,0.5893705326892169,0.5946347191093484,FAR,FAR,0.0,1,,,0.01,0
C2_n0.01_d000_r01,C2,202606,16.64,16.64,0.0,0.6,0.6020846255189938,0.5964971957117597,FAR,FAR,0.0,1,,,0.01,0
C2_n0.01_d000_r01,C2,202606,16.66,16.66,0.0,0.6,0.6074056702890067,0.5992243143560715,FAR,FAR,0.0,1,,,0.01,0
C2_n0.01_d000_r01,C2,202606,16.68,16.68,0.0,0.6,0.5927550630352115,0.5976070015258566,FAR,FAR,0.0,1,,,0.01,0
C2_n0.01_d000_r01,C2,202606,16.7,16.7,0.0,0.6,0.5933414330632598,0.5965406094102074,FAR,FAR,0.0,1,,,0.01,0
C2_n0.01_d000_r01,C2,202606,16.72,16.72,0.0,0.6,0.5844282679876237,0.5935125240545615,FAR,FAR,0.0,1,,,0.01,0
C2_n0.01_d000_r01,C2,202606,16.74,16.74,0.0,0.6,0.5941461264376919,0.593670924650344,FAR,FAR,0.0,1,,,0.01,0
C2_n0.01_d000_r01,C2,202606,16.76,16.76,0.0,0.6,0.5954813306133386,0.5941235261410927,FAR,FAR,0.0,1,,,0.01,0
C2_n0.01_d000_r01,C2,202606,16.78,16.78,0.0,0.6,0.5971839984645739,0.594888644221963,FAR,FAR,0.0,1,,,0.01,0
C2_n0.01_d000_r01,C2,202606,16.8,16.8,0.0,0.6,0.5892960342879825,0.5934904917384678,FAR,FAR,0.0,1,,,0.01,0
C2_n0.01_d000_r01,C2,202606,16.82,16.82,0.0,0.6,0.5956299711409556,0.5940253615890898,FAR,FAR,0.0,1,,,0.01,0
C2_n0.01_d000_r01,C2,202606,16.84,16.84,0.0,0.6,0.5955310278116086,0.5944017781447195,FAR,FAR,0.0,1,,,0.01,0
C2_n0.01_d000_r01,C2,202606,16.86,16.86,0.0,0.6,0.5837470847432917,0.5917381047943626,FAR,FAR,0.0,1,,,0.01,0
C2_n0.01_d000_r01,C2,202606,16.88,16.88,0.0,0.6,0.5972917881601157,0.5931265256358009,FAR,FAR,0.0,1,,,0.01,0
C2_n0.01_d000_r01,C2,202606,16.9,16.9,0.0,0.6,0.6101746893954575,0.597388566575715,FAR,FAR,0.0,1,,,0.01,0
C2_n0.01_d000_r01,C2,202606,16.92,16.92,0.0,0.6,0.6101836401525058,0.6005873349699127,FAR,FAR,0.0,1,,,0.01,0
C2_n0.01_d000_r01,C2,202606,16.94,16.94,0.0,0.6,0.6080400491658642,0.6024505135189006,FAR,FAR,0.0,1,,,0.01,0
C2_n0.01_d000_r01,C2,202606,16.96,16.96,0.0,0.6,0.5964078442511992,0.6009398462019753,FAR,FAR,0.0,1,,,0.01,0
C2_n0.01_d000_r01,C2,202606,16.98,16.98,0.0,0.6,0.6092214097556559,0.6030102370903954,FAR,FAR,0.0,1,,,0.01,0
C2_n0.01_d000_r01,C2,202606,17.0,17.0,0.0,0.6,0.6175342808930443,0.6066412480410576,FAR,FAR,0.0,1,,,0.01,0
C2_n0.01_d000_r01,C2,202606,17.02,17.02,0.0,0.6,0.5973170072242711,0.6043101878368609,FAR,FAR,0.0,1,,,0.01,0
C2_n0.01_d000_r01,C2,202606,17.04,17.04,0.0,0.6,0.6004387429584548,0.6033423266172593,FAR,FAR,0.0,1,,,0.01,0
C2_n0.01_d000_r01,C2,202606,17.06,17.06,0.0,0.6,0.6048827673441973,0.6037274367989938,FAR,FAR,0.0,1,,,0.01,0
C2_n0.01_d000_r01,C2,202606,17.08,17.08,0.0,0.6,0.6016397936220763,0.6032055260047644,FAR,FAR,0.0,1,,,0.01,0
C2_n0.01_d000_r01,C2,202606,17.1,17.1,0.0,0.6,0.5904137487068529,0.6000075816802866,FAR,FAR,0.0,1,,,0.01,0
C2_n0.01_d000_r01,C2,202606,17.12,17.12,0.0,0.6,0.6059902493142455,0.6015032485887764,FAR,FAR,0.0,1,,,0.01,0
C2_n0.01_d000_r01,C2,202606,17.14,17.14,0.0,0.6,0.5958080192433047,0.6000794412524084,FAR,FAR,0.0,1,,,0.01,0
C2_n0.01_d000_r01,C2,202606,17.16,17.16,0.0,0.6,0.5847369062729042,0.5962438075075324,FAR,FAR,0.0,1,,,0.01,0
C2_n0.01_d000_r01,C2,202606,17.18,17.18,0.0,0.6,0.5939127594010639,0.5956610454809153,FAR,FAR,0.0,1,,,0.01,0
C2_n0.01_d000_r01,C2,202606,17.2,17.2,0.0,0.6,0.6022634355020327,0.5973116429861947,FAR,FAR,0.0,1,,,0.01,0
C2_n0.01_d000_r01,C2,202606,17.22,17.22,0.0,0.6,0.6039133672303657,0.5989620740472374,FAR,FAR,0.0,1,,,0.01,0
C2_n0.01_d000_r01,C2,202606,17.24,17.24,0.0,0.6,0.5911205264154286,0.5970016871392853,FAR,FAR,0.0,1,,,0.01,0
C2_n0.01_d000_r01,C2,202606,17.26,17.26,0.0,0.6,0.5913900034579366,0.5955987662189481,FAR,FAR,0.0,1,,,0.01,0
C2_n0.01_d000_r01,C2,202606,17.28,17.28,0.0,0.6,0.602783411168834,0.5973949274564196,FAR,FAR,0.0,1,,,0.01,0
C2_n0.01_d000_r01,C2,202606,17.3,17.3,0.0,0.6,0.6071375773753104,0.5998305899361424,FAR,FAR,0.0,1,,,0.01,0
C2_n0.01_d000_r01,C2,202606,17.32,17.32,0.0,0.6,0.5945326042758808,0.598506093521077,FAR,FAR,0.0,1,,,0.01,0
C2_n0.01_d000_r01,C2,202606,17.34,17.34,0.0,0.6,0.6138474416780092,0.60234143056031,FAR,FAR,0.0,1,,,0.01,0
C2_n0.01_d000_r01,C2,202606,17.36,17.36,0.0,0.6,0.6136777006240172,0.6051754980762367,FAR,FAR,0.0,1,,,0.01,0
C2_n0.01_d000_r01,C2,202606,17.38,17.38,0.0,0.6,0.602433183448302,0.604489919419253,FAR,FAR,0.0,1,,,0.01,0
C2_n0.01_d000_r01,C2,202606,17.4,17.4,0.0,0.6,0.5926449580306637,0.6015286790721057,FAR,FAR,0.0,1,,,0.01,0
C2_n0.01_d000_r01,C2,202606,17.42,17.42,0.0,0.6,0.6136768120823126,0.6045657123246575,FAR,FAR,0.0,1,,,0.01,0
C2_n0.01_d000_r01,C2,202606,17.44,17.44,0.0,0.6,0.6076916872397369,0.6053472060534273,FAR,FAR,0.0,1,,,0.01,0
C2_n0.01_d000_r01,C2,202606,17.46,17.46,0.0,0.6,0.5988560277188293,0.6037244114697777,FAR,FAR,0.0,1,,,0.01,0
C2_n0.01_d000_r01,C2,202606,17.48,17.48,0.0,0.6,0.5813007495090934,0.5981184959796066,FAR,FAR,0.0,1,,,0.01,0
C2_n0.01_d000_r01,C2,202606,17.5,17.5,0.0,0.6,0.5913833791757999,0.596434716778655,FAR,FAR,0.0,1,,,0.01,0
C2_n0.01_d000_r01,C2,202606,17.52,17.52,0.0,0.6,0.6059401727616424,0.5988110807744018,FAR,FAR,0.0,1,,,0.01,0
C2_n0.01_d000_r01,C2,202606,17.54,17.54,0.0,0.6,0.6009443360586398,0.5993443945954613,FAR,FAR,0.0,1,,,0.01,0
C2_n0.01_d000_r01,C2,202606,17.56,17.56,0.0,0.6,0.5903443784556369,0.5970943905605052,FAR,FAR,0.0,1,,,0.01,0
C2_n0.01_d000_r01,C2,202606,17.58,17.58,0.0,0.6,0.6066443143428969,0.5994818715061031,FAR,FAR,0.0,1,,,0.01,0
C2_n0.01_d000_r01,C2,202606,17.6,17.6,0.0,0.6,0.6038462300595332,0.6005729611444606,FAR,FAR,0.0,1,,,0.01,0
C2_n0.01_d000_r01,C2,202606,17.62,17.62,0.0,0.6,0.6078818382021776,0.6024001804088899,FAR,FAR,0.0,1,,,0.01,0
C2_n0.01_d000_r01,C2,202606,17.64,17.64,0.0,0.6,0.6129047031948403,0.6050263111053775,FAR,FAR,0.0,1,,,0.01,0
C2_n0.01_d000_r01,C2,202606,17.66,17.66,0.0,0.6,0.5989930911585927,0.6035180061186813,FAR,FAR,0.0,1,,,0.01,0
C2_n0.01_d000_r01,C2,202606,17.68,17.68,0.0,0.6,0.5933216927530928,0.6009689277772842,FAR,FAR,0.0,1,,,0.01,0
C2_n0.01_d000_r01,C2,202606,17.7,17.7,0.0,0.6,0.5819042025477382,0.5962027464698977,FAR,FAR,0.0,1,,,0.01,0
C2_n0.01_d000_r01,C2,202606,17.72,17.72,0.0,0.6,0.5722547720230602,0.5902157528581883,FAR,FAR,0.0,1,,,0.01,0
C2_n0.01_d000_r01,C2,202606,17.74,17.74,0.0,0.6,0.58110091774802,0.5879370440806462,FAR,FAR,0.0,1,,,0.01,0
C2_n0.01_d000_r01,C2,202606,17.76,17.76,0.0,0.6,0.5850245740134832,0.5872089265638554,FAR,FAR,0.0,1,,,0.01,0
C2_n0.01_d000_r01,C2,202606,17.78,17.78,0.0,0.6,0.6015011086170573,0.5907819720771559,FAR,FAR,0.0,1,,,0.01,0
C2_n0.01_d000_r01,C2,202606,17.8,17.8,0.0,0.6,0.606734073673422,0.5947699974762224,FAR,FAR,0.0,1,,,0.01,0
C2_n0.01_d000_r01,C2,202606,17.82,17.82,0.0,0.6,0.6067188522625232,0.5977572111727976,FAR,FAR,0.0,1,,,0.01,0
C2_n0.01_d000_r01,C2,202606,17.84,17.84,0.0,0.6,0.5963651221760211,0.5974091889236035,FAR,FAR,0.0,1,,,0.01,0
C2_n0.01_d000_r01,C2,202606,17.86,17.86,0.0,0.6,0.6127550990438231,0.6012456664536584,FAR,FAR,0.0,1,,,0.01,0
C2_n0.01_d000_r01,C2,202606,17.88,17.88,0.0,0.6,0.5859691426170582,0.5974265354945083,FAR,FAR,0.0,1,,,0.01,0
C2_n0.01_d000_r01,C2,202606,17.9,17.9,0.0,0.6,0.5932456974305889,0.5963813259785284,FAR,FAR,0.0,1,,,0.01,0
C2_n0.01_d000_r01,C2,202606,17.92,17.92,0.0,0.6,0.6069463171551027,0.599022573772672,FAR,FAR,0.0,1,,,0.01,0
C2_n0.01_d000_r01,C2,202606,17.94,17.94,0.0,0.6,0.5976295062525326,0.5986743068926371,FAR,FAR,0.0,1,,,0.01,0
C2_n0.01_d000_r01,C2,202606,17.96,17.96,0.0,0.6,0.591040230338612,0.5967657877541308,FAR,FAR,0.0,1,,,0.01,0
C2_n0.01_d000_r01,C2,202606,17.98,17.98,0.0,0.6,0.6000023507168276,0.597574928494805,FAR,FAR,0.0,1,,,0.01,0
C2_n0.01_d000_r01,C2,202606,18.0,18.0,0.0,0.6,0.590730646405988,0.5958638579726008,FAR,FAR,0.0,1,,,0.01,0
C2_n0.01_d000_r01,C2,202606,18.02,18.02,0.0,0.6,0.5994577601494446,0.5967623335168117,FAR,FAR,0.0,1,,,0.01,0
C2_n0.01_d000_r01,C2,202606,18.04,18.04,0.0,0.6,0.6153303065749517,0.6014043267813467,FAR,FAR,0.0,1,,,0.01,0
C2_n0.01_d000_r01,C2,202606,18.06,18.06,0.0,0.6,0.591684015651852,0.598974248998973,FAR,FAR,0.0,1,,,0.01,0
C2_n0.01_d000_r01,C2,202606,18.08,18.08,0.0,0.6,0.6043652204017239,0.6003219918496607,FAR,FAR,0.0,1,,,0.01,0
C2_n0.01_d000_r01,C2,202606,18.1,18.1,0.0,0.6,0.6090845081386301,0.602512620921903,FAR,FAR,0.0,1,,,0.01,0
C2_n0.01_d000_r01,C2,202606,18.12,18.12,0.0,0.6,0.6142541885984663,0.6054480128410438,FAR,FAR,0.0,1,,,0.01,0
C2_n0.01_d000_r01,C2,202606,18.14,18.14,0.0,0.6,0.6072981189758292,0.6059105393747402,FAR,FAR,0.0,1,,,0.01,0
C2_n0.01_d000_r01,C2,202606,18.16,18.16,0.0,0.6,0.6174436599552491,0.6087938195198674,FAR,FAR,0.0,1,,,0.01,0
C2_n0.01_d000_r01,C2,202606,18.18,18.18,0.0,0.6,0.5896582894479451,0.6040099370018869,FAR,FAR,0.0,1,,,0.01,0
C2_n0.01_d000_r01,C2,202606,18.2,18.2,0.0,0.6,0.6034897605817657,0.6038798928968566,FAR,FAR,0.0,1,,,0.01,0
C2_n0.01_d000_r01,C2,202606,18.22,18.22,0.0,0.6,0.5977092377852845,0.6023372291189636,FAR,FAR,0.0,1,,,0.01,0
C2_n0.01_d000_r01,C2,202606,18.24,18.24,0.0,0.6,0.5956244538288081,0.6006590352964247,FAR,FAR,0.0,1,,,0.01,0
C2_n0.01_d000_r01,C2,202606,18.26,18.26,0.0,0.6,0.6178749803438172,0.6049630215582729,FAR,FAR,0.0,1,,,0.01,0
C2_n0.01_d000_r01,C2,202606,18.28,18.28,0.0,0.6,0.6028847530282024,0.6044434544257553,FAR,FAR,0.0,1,,,0.01,0
C2_n0.01_d000_r01,C2,202606,18.3,18.3,0.0,0.6,0.6123232561605502,0.606413404859454,FAR,FAR,0.0,1,,,0.01,0
C2_n0.01_d000_r01,C2,202606,18.32,18.32,0.0,0.6,0.6021567285039979,0.6053492357705901,FAR,FAR,0.0,1,,,0.01,0
C2_n0.01_d000_r01,C2,202606,18.34,18.34,0.0,0.6,0.5991910525831802,0.6038096899737376,FAR,FAR,0.0,1,,,0.01,0
C2_n0.01_d000_r01,C2,202606,18.36,18.36,0.0,0.6,0.6138133079167767,0.6063105944594973,FAR,FAR,0.0,1,,,0.01,0
C2_n0.01_d000_r01,C2,202606,18.38,18.38,0.0,0.6,0.5988377527614014,0.6044423840349733,FAR,FAR,0.0,1,,,0.01,0
C2_n0.01_d000_r01,C2,202606,18.4,18.4,0.0,0.6,0.6124524617230132,0.6064449034569832,FAR,FAR,0.0,1,,,0.01,0
C2_n0.01_d000_r01,C2,202606,18.42,18.42,0.0,0.6,0.6026598643162467,0.6054986436717991,FAR,FAR,0.0,1,,,0.01,0
C2_n0.01_d000_r01,C2,202606,18.44,18.44,0.0,0.6,0.6065062618718599,0.6057505482218143,FAR,FAR,0.0,1,,,0.01,0
C2_n0.01_d000_r01,C2,202606,18.46,18.46,0.0,0.6,0.5964657880228341,0.6034293581720693,FAR,FAR,0.0,1,,,0.01,0
C2_n0.01_d000_r01,C2,202606,18.48,18.48,0.0,0.6,0.6002364253956624,0.6026311249779676,FAR,FAR,0.0,1,,,0.01,0
C2_n0.01_d000_r01,C2,202606,18.5,18.5,0.0,0.6,0.6225787547095601,0.6076180324108656,FAR,FAR,0.0,1,,,0.01,0
C2_n0.01_d000_r01,C2,202606,18.52,18.52,0.0,0.6,0.6202691378844727,0.6107808087792674,FAR,FAR,0.0,1,,,0.01,0
C2_n0.01_d000_r01,C2,202606,18.54,18.54,0.0,0.6,0.6165200580425183,0.6122156210950802,FAR,FAR,0.0,1,,,0.01,0
C2_n0.01_d000_r01,C2,202606,18.56,18.56,0.0,0.6,0.5937727004735536,0.6076048909396985,FAR,FAR,0.0,1,,,0.01,0
C2_n0.01_d000_r01,C2,202606,18.58,18.58,0.0,0.6,0.5941119584395181,0.6042316578146534,FAR,FAR,0.0,1,,,0.01,0
C2_n0.01_d000_r01,C2,202606,18.6,18.6,0.0,0.6,0.6102846934505278,0.605744916723622,FAR,FAR,0.0,1,,,0.01,0
C2_n0.01_d000_r01,C2,202606,18.62,18.62,0.0,0.6,0.6061614983299579,0.605849062125206,FAR,FAR,0.0,1,,,0.01,0
C2_n0.01_d000_r01,C2,202606,18.64,18.64,0.0,0.6,0.5977530513450737,0.6038250594301728,FAR,FAR,0.0,1,,,0.01,0
C2_n0.01_d000_r01,C2,202606,18.66,18.66,0.0,0.6,0.6098026731663359,0.6053194628642136,FAR,FAR,0.0,1,,,0.01,0
C2_n0.01_d000_r01,C2,202606,18.68,18.68,0.0,0.6,0.5994788461368663,0.6038593086823767,FAR,FAR,0.0,1,,,0.01,0
C2_n0.01_d000_r01,C2,202606,18.7,18.7,0.0,0.6,0.58836935785052,0.5999868209744126,FAR,FAR,0.0,1,,,0.01,0
C2_n0.01_d000_r01,C2,202606,18.72,18.72,0.0,0.6,0.5969028378581533,0.5992158251953478,FAR,FAR,0.0,1,,,0.01,0
C2_n0.01_d000_r01,C2,202606,18.74,18.74,0.0,0.6,0.6038952948499349,0.6003856926089945,FAR,FAR,0.0,1,,,0.01,0
C2_n0.01_d000_r01,C2,202606,18.76,18.76,0.0,0.6,0.6000214511991183,0.6002946322565255,FAR,FAR,0.0,1,,,0.01,0
C2_n0.01_d000_r01,C2,202606,18.78,18.78,0.0,0.6,0.6013950213356066,0.6005697295262957,FAR,FAR,0.0,1,,,0.01,0
C2_n0.01_d000_r01,C2,202606,18.8,18.8,0.0,0.6,0.5862419304341075,0.5969877797532487,FAR,FAR,0.0,1,,,0.01,0
C2_n0.01_d000_r01,C2,202606,18.82,18.82,0.0,0.6,0.6010472388073422,0.5980026445167721,FAR,FAR,0.0,1,,,0.01,0
C2_n0.01_d000_r01,C2,202606,18.84,18.84,0.0,0.6,0.5959177230615098,0.5974814141529565,FAR,FAR,0.0,1,,,0.01,0
C2_n0.01_d000_r01,C2,202606,18.86,18.86,0.0,0.6,0.5913026028637177,0.5959367113306469,FAR,FAR,0.0,1,,,0.01,0
C2_n0.01_d000_r01,C2,202606,18.88,18.88,0.0,0.6,0.5852418009447853,0.5932629837341814,FAR,FAR,0.0,1,,,0.01,0
C2_n0.01_d000_r01,C2,202606,18.9,18.9,0.0,0.6,0.5966828630750858,0.5941179535694074,FAR,FAR,0.0,1,,,0.01,0
C2_n0.01_d000_r01,C2,202606,18.92,18.92,0.0,0.6,0.5925724346828712,0.5937315738477734,FAR,FAR,0.0,1,,,0.01,0
C2_n0.01_d000_r01,C2,202606,18.94,18.94,0.0,0.6,0.5985478778113668,0.5949356498386718,FAR,FAR,0.0,1,,,0.01,0
C2_n0.01_d000_r01,C2,202606,18.96,18.96,0.0,0.6,0.595916621068246,0.5951808926460653,FAR,FAR,0.0,1,,,0.01,0
C2_n0.01_d000_r01,C2,202606,18.98,18.98,0.0,0.6,0.604707622446848,0.597562575096261,FAR,FAR,0.0,1,,,0.01,0
C2_n0.01_d000_r01,C2,202606,19.0,19.0,0.0,0.6,0.6011271339444173,0.5984537148083,FAR,FAR,0.0,1,,,0.01,0
C2_n0.01_d000_r01,C2,202606,19.02,19.02,0.0,0.6,0.6066219310688913,0.6004957688734478,FAR,FAR,0.0,1,,,0.01,0
C2_n0.01_d000_r01,C2,202606,19.04,19.04,0.0,0.6,0.6012010589006653,0.6006720913802521,FAR,FAR,0.0,1,,,0.01,0
C2_n0.01_d000_r01,C2,202606,19.06,19.06,0.0,0.6,0.5792881577098573,0.5953261079626534,FAR,FAR,0.0,1,,,0.01,0
C2_n0.01_d000_r01,C2,202606,19.08,19.08,0.0,0.6,0.595620279504688,0.595399650848162,FAR,FAR,0.0,1,,,0.01,0
C2_n0.01_d000_r01,C2,202606,19.1,19.1,0.0,0.6,0.6107736219908472,0.5992431436338334,FAR,FAR,0.0,1,,,0.01,0
C2_n0.01_d000_r01,C2,202606,19.12,19.12,0.0,0.6,0.6076378346373321,0.6013418163847081,FAR,FAR,0.0,1,,,0.01,0
C2_n0.01_d000_r01,C2,202606,19.14,19.14,0.0,0.6,0.5799961578140709,0.5960054017420489,FAR,FAR,0.0,1,,,0.01,0
C2_n0.01_d000_r01,C2,202606,19.16,19.16,0.0,0.6,0.6007594337461868,0.5971939097430834,FAR,FAR,0.0,1,,,0.01,0
C2_n0.01_d000_r01,C2,202606,19.18,19.18,0.0,0.6,0.5915457139873141,0.5957818608041411,FAR,FAR,0.0,1,,,0.01,0
C2_n0.01_d000_r01,C2,202606,19.2,19.2,0.0,0.6,0.5775842715435997,0.5912324634890058,FAR,FAR,0.0,1,,,0.01,0
C2_n0.01_d000_r01,C2,202606,19.22,19.22,0.0,0.6,0.5953916767086226,0.59227226679391,FAR,FAR,0.0,1,,,0.01,0
C2_n0.01_d000_r01,C2,202606,19.24,19.24,0.0,0.6,0.5978609220903617,0.5936694306180229,FAR,FAR,0.0,1,,,0.01,0
C2_n0.01_d000_r01,C2,202606,19.26,19.26,0.0,0.6,0.5997298955751111,0.5951845468572949,FAR,FAR,0.0,1,,,0.01,0
C2_n0.01_d000_r01,C2,202606,19.28,19.28,0.0,0.6,0.6131926807191967,0.5996865803227704,FAR,FAR,0.0,1,,,0.01,0
C2_n0.01_d000_r01,C2,202606,19.3,19.3,0.0,0.6,0.5884467146896182,0.5968766139144823,FAR,FAR,0.0,1,,,0.01,0
C2_n0.01_d000_r01,C2,202606,19.32,19.32,0.0,0.6,0.6081011258197948,0.5996827418908104,FAR,FAR,0.0,1,,,0.01,0
C2_n0.01_d000_r01,C2,202606,19.34,19.34,0.0,0.6,0.5982611533091995,0.5993273447454077,FAR,FAR,0.0,1,,,0.01,0
C2_n0.01_d000_r01,C2,202606,19.36,19.36,0.0,0.6,0.6143878855309369,0.60309247994179,FAR,FAR,0.0,1,,,0.01,0
C2_n0.01_d000_r01,C2,202606,19.38,19.38,0.0,0.6,0.5955663573177717,0.6012109492857854,FAR,FAR,0.0,1,,,0.01,0
C2_n0.01_d000_r01,C2,202606,19.4,19.4,0.0,0.6,0.5912917913260064,0.5987311597958407,FAR,FAR,0.0,1,,,0.01,0
C2_n0.01_d000_r01,C2,202606,19.42,19.42,0.0,0.6,0.6222508858041536,0.6046110912979189,FAR,FAR,0.0,1,,,0.01,0
C2_n0.01_d000_r01,C2,202606,19.44,19.44,0.0,0.6,0.5931626316379344,0.6017489763829228,FAR,FAR,0.0,1,,,0.01,0
C2_n0.01_d000_r01,C2,202606,19.46,19.46,0.0,0.6,0.5901102964370459,0.5988393063964537,FAR,FAR,0.0,1,,,0.01,0
C2_n0.01_d000_r01,C2,202606,19.48,19.48,0.0,0.6,0.5815664790266455,0.5945210995540016,FAR,FAR,0.0,1,,,0.01,0
C2_n0.01_d000_r01,C2,202606,19.5,19.5,0.0,0.6,0.6120379635540151,0.5989003155540049,FAR,FAR,0.0,1,,,0.01,0
C2_n0.01_d000_r01,C2,202606,19.52,19.52,0.0,0.6,0.5855963784084294,0.5955743312676111,FAR,FAR,0.0,1,,,0.01,0
C2_n0.01_d000_r01,C2,202606,19.54,19.54,0.0,0.6,0.5927460188398751,0.594867253160677,FAR,FAR,0.0,1,,,0.01,0
C2_n0.01_d000_r01,C2,202606,19.56,19.56,0.0,0.6,0.5978641683975352,0.5956164819698915,FAR,FAR,0.0,1,,,0.01,0
C2_n0.01_d000_r01,C2,202606,19.58,19.58,0.0,0.6,0.5916416651743474,0.5946227777710055,FAR,FAR,0.0,1,,,0.01,0
C2_n0.01_d000_r01,C2,202606,19.6,19.6,0.0,0.6,0.60205974531229,0.5964820196563265,FAR,FAR,0.0,1,,,0.01,0
C2_n0.01_d000_r01,C2,202606,19.62,19.62,0.0,0.6,0.6003333143227905,0.5974448433229425,FAR,FAR,0.0,1,,,0.01,0
C2_n0.01_d000_r01,C2,202606,19.64,19.64,0.0,0.6,0.6103447265907117,0.6006698141398847,FAR,FAR,0.0,1,,,0.01,0
C2_n0.01_d000_r01,C2,202606,19.66,19.66,0.0,0.6,0.5818686049018701,0.595969511830381,FAR,FAR,0.0,1,,,0.01,0
C2_n0.01_d000_r01,C2,202606,19.68,19.68,0.0,0.6,0.5951059550488936,0.5957536226350092,FAR,FAR,0.0,1,,,0.01,0
C2_n0.01_d000_r01,C2,202606,19.7,19.7,0.0,0.6,0.5911470633880573,0.5946019828232713,FAR,FAR,0.0,1,,,0.01,0
C2_n0.01_d000_r01,C2,202606,19.72,19.72,0.0,0.6,0.6111798584968952,0.5987464517416773,FAR,FAR,0.0,1,,,0.01,0
C2_n0.01_d000_r01,C2,202606,19.74,19.74,0.0,0.6,0.6003078317844767,0.5991367967523772,FAR,FAR,0.0,1,,,0.01,0
C2_n0.01_d000_r01,C2,202606,19.76,19.76,0.0,0.6,0.592875008591188,0.5975713497120799,FAR,FAR,0.0,1,,,0.01,0
C2_n0.01_d000_r01,C2,202606,19.78,19.78,0.0,0.6,0.5973893703263058,0.5975258548656364,FAR,FAR,0.0,1,,,0.01,0
C2_n0.01_d000_r01,C2,202606,19.8,19.8,0.0,0.6,0.5886311469263316,0.5953021778808102,FAR,FAR,0.0,1,,,0.01,0
C2_n0.01_d000_r01,C2,202606,19.82,19.82,0.0,0.6,0.6055010487142064,0.5978518955891592,FAR,FAR,0.0,1,,,0.01,0
C2_n0.01_d000_r01,C2,202606,19.84,19.84,0.0,0.6,0.6116675888193162,0.6013058188966984,FAR,FAR,0.0,1,,,0.01,0
C2_n0.01_d000_r01,C2,202606,19.86,19.86,0.0,0.6,0.6063276707407095,0.6025612818577012,FAR,FAR,0.0,1,,,0.01,0
C2_n0.01_d000_r01,C2,202606,19.88,19.88,0.0,0.6,0.6044246864289702,0.6030271330005184,FAR,FAR,0.0,1,,,0.01,0
C2_n0.01_d000_r01,C2,202606,19.9,19.9,0.0,0.6,0.5951436106453863,0.6010562524117353,FAR,FAR,0.0,1,,,0.01,0
C2_n0.01_d000_r01,C2,202606,19.92,19.92,0.0,0.6,0.597104538734514,0.60006832399243,FAR,FAR,0.0,1,,,0.01,0
C2_n0.01_d000_r01,C2,202606,19.94,19.94,0.0,0.6,0.5797352649279518,0.5949850592263105,FAR,FAR,0.0,1,,,0.01,0
C2_n0.01_d000_r01,C2,202606,19.96,19.96,0.0,0.6,0.609035930669953,0.5984977770872212,FAR,FAR,0.0,1,,,0.01,0
C2_n0.01_d000_r01,C2,202606,19.98,19.98,0.0,0.6,0.5952798536079386,0.5976932962174005,FAR,FAR,0.0,1,,,0.01,0
C2_n0.01_d000_r01,C2,202606,20.0,20.0,0.0,0.6,0.6085625834403985,0.6004106180231501,FAR,FAR,0.0,1,,,0.01,0
