trial_id,condition,seed,time_s,sensor_time_s,sample_age_s,true_distance_m,raw_distance_m,filtered_distance_m,expected_state,state,command,valid,event_label,invalid_reason,noise_sigma_m,delay_ms
C2_n0.01_d000_r02,C2,202607,0.0,0.0,0.0,0.6,0.5968939481848521,0.5968939481848521,FAR,FAR,0.0,1,,,0.01,0
C2_n0.01_d000_r02,C2,202607,0.02,0.02,0.0,0.6,0.6000751473470344,0.5976892479753977,FAR,FAR,0.0,1,,,0.01,0
C2_n0.01_d000_r02,C2,202607,0.04,0.04,0.0,0.6,0.5914267916984189,0.596123633906153,FAR,FAR,0.0,1,,,0.01,0
C2_n0.01_d000_r02,C2,202607,0.06,0.06,0.0,0.6,0.5921743054014028,0.5951363017799655,FAR,FAR,0.0,1,,,0.01,0
C2_n0.01_d000_r02,C2,202607,0.08,0.08,0.0,0.6,0.6032054751443124,0.5971535951210521,FAR,FAR,0.0,1,,,0.01,0
C2_n0.01_d000_r02,C2,202607,0.1,0.1,0.0,0.6,0.5994472168314539,0.5977270005486526,FAR,FAR,0.0,1,,,0.01,0
C2_n0.01_d000_r02,C2,202607,0.12,0.12,0.0,0.6,0.5947186742586724,0.5969749189761575,FAR,FAR,0.0,1,,,0.01,0
C2_n0.01_d000_r02,C2,202607,0.14,0.14,0.0,0.6,0.6079015834996109,0.5997065851070209,FAR,FAR,0.0,1,,,0.01,0
C2_n0.01_d000_r02,C2,202607,0.16,0.16,0.0,0.6,0.6066684062971586,0.6014470404045553,FAR,FAR,0.0,1,,,0.01,0
C2_n0.01_d000_r02,C2,202607,0.18,0.18,0.0,0.6,0.5991362279078531,0.6008693372803797,FAR,FAR,0.0,1,,,0.01,0
C2_n0.01_d000_r02,C2,202607,0.2,0.2,0.0,0.6,0.6067835823442654,0.6023478985463512,FAR,FAR,0.0,1,,,0.01,0
C2_n0.01_d000_r02,C2,202607,0.22,0.22,0.0,0.6,0.6202885546684123,0.6068330625768665,FAR,FAR,0.0,1,,,0.01,0
C2_n0.01_d000_r02,C2,202607,0.24,0.24,0.0,0.6,0.5890687320571456,0.6023919799469363,FAR,FAR,0.0,1,,,0.01,0
C2_n0.01_d000_r02,C2,202607,0.26,0.26,0.0,0.6,0.6075042244386101,0.6036700410698547,FAR,FAR,0.0,1,,,0.01,0
C2_n0.01_d000_r02,C2,202607,0.28,0.28,0.0,0.6,0.6217617453693317,0.6081929671447239,FAR,FAR,0.0,1,,,0.01,0
C2_n0.01_d000_r02,C2,202607,0.3,0.3,0.0,0.6,0.5776208811440643,0.600549945644559,FAR,FAR,0.0,1,,,0.01,0
C2_n0.01_d000_r02,C2,202607,0.32,0.32,0.0,0.6,0.612817814415225,0.6036169128372255,FAR,FAR,0.0,1,,,0.01,0
C2_n0.01_d000_r02,C2,202607,0.34,0.34,0.0,0.6,0.5890666090746827,0.5999793368965898,FAR,FAR,0.0,1,,,0.01,0
C2_n0.01_d000_r02,C2,202607,0.36,0.36,0.0,0.6,0.5904317277601197,0.5975924346124722,FAR,FAR,0.0,1,,,0.01,0
C2_n0.01_d000_r02,C2,202607,0.38,0.38,0.0,0.6,0.6096164079674032,0.600598427951205,FAR,FAR,0.0,1,,,0.01,0
C2_n0.01_d000_r02,C2,202607,0.4,0.4,0.0,0.6,0.592959671869362,0.5986887389307443,FAR,FAR,0.0,1,,,0.01,0
C2_n0.01_d000_r02,C2,202607,0.42,0.42,0.0,0.6,0.6042236975706073,0.60007247859071,FAR,FAR,0.0,1,,,0.01,0
C2_n0.01_d000_r02,C2,202607,0.44,0.44,0.0,0.6,0.6165593943813181,0.604194207538362,FAR,FAR,0.0,1,,,0.01,0
C2_n0.01_d000_r02,C2,202607,0.46,0.46,0.0,0.6,0.5818823664560787,0.5986162472677912,FAR,FAR,0.0,1,,,0.01,0
C2_n0.01_d000_r02,C2,202607,0.48,0.48,0.0,0.6,0.5860858544747201,0.5954836490695234,FAR,FAR,0.0,1,,,0.01,0
C2_n0.01_d000_r02,C2,202607,0.5,0.5,0.0,0.6,0.5845277031855756,0.5927446625985364,FAR,FAR,0.0,1,,,0.01,0
C2_n0.01_d000_r02,C2,202607,0.52,0.52,0.0,0.6,0.5901694419388412,0.5921008574336126,FAR,FAR,0.0,1,,,0.01,0
C2_n0.01_d000_r02,C2,202607,0.54,0.54,0.0,0.6,0.5916138348174004,0.5919791017795596,FAR,FAR,0.0,1,,,0.01,0
C2_n0.01_d000_r02,C2,202607,0.56,0.56,0.0,0.6,0.5976428360660108,0.5933950353511723,FAR,FAR,0.0,1,,,0.01,0
C2_n0.01_d000_r02,C2,202607,0.58,0.58,0.0,0.6,0.5860947020881629,0.59156995203542,FAR,FAR,0.0,1,,,0.01,0
C2_n0.01_d000_r02,C2,202607,0.6,0.6,0.0,0.6,0.5904710894919705,0.5912952363995576,FAR,FAR,0.0,1,,,0.01,0
C2_n0.01_d000_r02,C2,202607,0.62,0.62,0.0,0.6,0.6031726023115613,0.5942645778775586,FAR,FAR,0.0,1,,,0.01,0
C2_n0.01_d000_r02,C2,202607,0.64,0.64,0.0,0.6,0.596647167271796,0.5948602252261179,FAR,FAR,0.0,1,,,0.01,0
C2_n0.01_d000_r02,C2,202607,0.66,0.66,0.0,0.6,0.5958643649654479,0.5951112601609504,FAR,FAR,0.0,1,,,0.01,0
C2_n0.01_d000_r02,C2,202607,0.68,0.68,0.0,0.6,0.592939457908829,0.5945683095979201,FAR,FAR,0.0,1,,,0.01,0
C2_n0.01_d000_r02,C2,202607,0.7,0.7,0.0,0.6,0.5891068458931545,0.5932029436717288,FAR,FAR,0.0,1,,,0.01,0
C2_n0.01_d000_r02,C2,202607,0.72,0.72,0.0,0.6,0.5838524895505215,0.590865330141427,FAR,FAR,0.0,1,,,0.01,0
C2_n0.01_d000_r02,C2,202607,0.74,0.74,0.0,0.6,0.608624597612417,0.5953051470091745,FAR,FAR,0.0,1,,,0.01,0
C2_n0.01_d000_r02,C2,202607,0.76,0.76,0.0,0.6,0.5874490035710425,0.5933411111496415,FAR,FAR,0.0,1,,,0.01,0
C2_n0.01_d000_r02,C2,202607,0.78,0.78,0.0,0.6,0.592047694036791,0.5930177568714289,FAR,FAR,0.0,1,,,0.01,0
C2_n0.01_d000_r02,C2,202607,0.8,0.8,0.0,0.6,0.5890240302406229,0.5920193252137274,FAR,FAR,0.0,1,,,0.01,0
C2_n0.01_d000_r02,C2,202607,0.82,0.82,0.0,0.6,0.6173304098739825,0.5983470963787911,FAR,FAR,0.0,1,,,0.01,0
C2_n0.01_d000_r02,C2,202607,0.84,0.84,0.0,0.6,0.5909085325811378,0.5964874554293778,FAR,FAR,0.0,1,,,0.01,0
C2_n0.01_d000_r02,C2,202607,0.86,0.86,0.0,0.6,0.6004688709657664,0.597482809313475,FAR,FAR,0.0,1,,,0.01,0
C2_n0.01_d000_r02,C2,202607,0.88,0.88,0.0,0.6,0.6111944054229215,0.6009107083408366,FAR,FAR,0.0,1,,,0.01,0
C2_n0.01_d000_r02,C2,202607,0.9,0.9,0.0,0.6,0.5864987186637043,0.5973077109215535,FAR,FAR,0.0,1,,,0.01,0
C2_n0.01_d000_r02,C2,202607,0.92,0.92,0.0,0.6,0.6008869840428984,0.5982025292018898,FAR,FAR,0.0,1,,,0.01,0
C2_n0.01_d000_r02,C2,202607,0.94,0.94,0.0,0.6,0.5849292092917915,0.5948841992243652,FAR,FAR,0.0,1,,,0.01,0
C2_n0.01_d000_r02,C2,202607,0.96,0.96,0.0,0.6,0.6021069171419611,0.5966898787037642,FAR,FAR,0.0,1,,,0.01,0
C2_n0.01_d000_r02,C2,202607,0.98,0.98,0.0,0.6,0.5970113391505196,0.5967702438154531,FAR,FAR,0.0,1,,,0.01,0
C2_n0.01_d000_r02,C2,202607,1.0,1.0,0.0,0.6,0.5926799239573486,0.5957476638509269,FAR,FAR,0.0,1,,,0.01,0
C2_n0.01_d000_r02,C2,202607,1.02,1.02,0.0,0.6,0.5903754219850069,0.5944046033844469,FAR,FAR,0.0,1,,,0.01,0
C2_n0.01_d000_r02,C2,202607,1.04,1.04,0.0,0.6,0.6044378598066167,0.5969129174899894,FAR,FAR,0.0,1,,,0.01,0
C2_n0.01_d000_r02,C2,202607,1.06,1.06,0.0,0.6,0.5968768176093988,0.5969038925198418,FAR,FAR,0.0,1,,,0.01,0
C2_n0.01_d000_r02,C2,202607,1.08,1.08,0.0,0.6,0.5982959766311272,0.5972519135476632,FAR,FAR,0.0,1,,,0.01,0
C2_n0.01_d000_r02,C2,202607,1.1,1.1,0.0,0.6,0.5972200490266013,0.5972439474173976,FAR,FAR,0.0,1,,,0.01,0
C2_n0.01_d000_r02,C2,202607,1.12,1.12,0.0,0.6,0.5904107611040785,0.5955356508390679,FAR,FAR,0.0,1,,,0.01,0
C2_n0.01_d000_r02,C2,202607,1.14,1.14,0.0,0.6,0.5988120889871581,0.5963547603760905,FAR,FAR,0.0,1,,,0.01,0
C2_n0.01_d000_r02,C2,202607,1.16,1.16,0.0,0.6,0.6008990089622172,0.5974908225226222,FAR,FAR,0.0,1,,,0.01,0
C2_n0.01_d000_r02,C2,202607,1.18,1.18,0.0,0.6,0.5899634947263079,0.5956089905735437,FAR,FAR,0.0,1,,,0.01,0
C2_n0.01_d000_r02,C2,202607,1.2,1.2,0.0,0.6,0.5898315598655353,0.5941646328965415,FAR,FAR,0.0,1,,,0.01,0
C2_n0.01_d000_r02,C2,202607,1.22,1.22,0.0,0.6,0.6050046501345121,0.5968746372060342,FAR,FAR,0.0,1,,,0.01,0
C2_n0.01_d000_r02,C2,202607,1.24,1.24,0.0,0.6,0.598512060148741,0.5972839929417109,FAR,FAR,0.0,1,,,0.01,0
C2_n0.01_d000_r02,C2,202607,1.26,1.26,0.0,0.6,0.5933450487096895,0.5962992568837056,FAR,FAR,0.0,1,,,0.01,0
C2_n0.01_d000_r02,C2,202607,1.28,1.28,0.0,0.6,0.6157915687881307,0.6011723348598118,FAR,FAR,0.0,1,,,0.01,0
C2_n0.01_d000_r02,C2,202607,1.3,1.3,0.0,0.6,0.5913170797244673,0.5987085210759757,FAR,FAR,0.0,1,,,0.01,0
C2_n0.01_d000_r02,C2,202607,1.32,1.32,0.0,0.6,0.601936170161726,0.5995154333474133,FAR,FAR,0.0,1,,,0.01,0
C2_n0.01_d000_r02,C2,202607,1.34,1.34,0.0,0.6,0.5989754479888245,0.5993804370077661,FAR,FAR,0.0,1,,,0.01,0
C2_n0.01_d000_r02,C2,202607,1.36,1.36,0.0,0.6,0.6060563420203953,0.6010494132609234,FAR,FAR,0.0,1,,,0.01,0
C2_n0.01_d000_r02,C2,202607,1.38,1.38,0.0,0.6,0.5991714889995011,0.6005799321955678,FAR,FAR,0.0,1,,,0.01,0
C2_n0.01_d000_r02,C2,202607,1.4,1.4,0.0,0.6,0.5974161833913518,0.5997889949945139,FAR,FAR,0.0,1,,,0.01,0
C2_n0.01_d000_r02,C2,202607,1.42,1.42,0.0,0.6,0.5966017995115594,0.5989921961237753,FAR,FAR,0.0,1,,,0.01,0
C2_n0.01_d000_r02,C2,202607,1.44,1.44,0.0,0.6,0.5939630202414515,0.5977349021531944,FAR,FAR,0.0,1,,,0.01,0
C2_n0.01_d000_r02,C2,202607,1.46,1.46,0.0,0.6,0.6047806694939243,0.5994963439883768,FAR,FAR,0.0,1,,,0.01,0
C2_n0.01_d000_r02,C2,202607,1.48,1.48,0.0,0.6,0.5842032385245071,0.5956730676224093,FAR,FAR,0.0,1,,,0.01,0
C2_n0.01_d000_r02,C2,202607,1.5,1.5,0.0,0.6,0.6121991517896919,0.59980458866423,FAR,FAR,0.0,1,,,0.01,0
C2_n0.01_d000_r02,C2,202607,1.52,1.52,0.0,0.6,0.6108194388531892,0.6025583012114698,FAR,FAR,0.0,1,,,0.01,0
C2_n0.01_d000_r02,C2,202607,1.54,1.54,0.0,0.6,0.5993936686912134,0.6017671430814058,FAR,FAR,0.0,1,,,0.01,0
C2_n0.01_d000_r02,C2,202607,1.56,1.56,0.0,0.6,0.6173324281992072,0.6056584643608561,FAR,FAR,0.0,1,,,0.01,0
C2_n0.01_d000_r02,C2,202607,1.58,1.58,0.0,0.6,0.603840429020055,0.6052039555256559,FAR,FAR,0.0,1,,,0.01,0
C2_n0.01_d000_r02,C2,202607,1.6,1.6,0.0,0.6,0.5850808101299082,0.6001731691767189,FAR,FAR,0.0,1,,,0.01,0
C2_n0.01_d000_r02,C2,202607,1.62,1.62,0.0,0.6,0.6000700811891257,0.6001473971798206,FAR,FAR,0.0,1,,,0.01,0
C2_n0.01_d000_r02,C2,202607,1.64,1.64,0.0,0.6,0.613026950548433,0.6033672855219737,FAR,FAR,0.0,1,,,0.01,0
C2_n0.01_d000_r02,C2,202607,1.66,1.66,0.0,0.6,0.5973733389492146,0.601868798878784,FAR,FAR,0.0,1,,,0.01,0
C2_n0.01_d000_r02,C2,202607,1.68,1.68,0.0,0.6,0.6018273314220255,0.6018584320145943,FAR,FAR,0.0,1,,,0.01,0
C2_n0.01_d000_r02,C2,202607,1.7,1.7,0.0,0.6,0.5996916144588383,0.6013167276256554,FAR,FAR,0.0,1,,,0.01,0
C2_n0.01_d000_r02,C2,202607,1.72,1.72,0.0,0.6,0.6004349315093918,0.6010962785965894,FAR,FAR,0.0,1,,,0.01,0
C2_n0.01_d000_r02,C2,202607,1.74,1.74,0.0,0.6,0.6207887999368495,0.6060194089316544,FAR,FAR,0.0,1,,,0.01,0
C2_n0.01_d000_r02,C2,202607,1.76,1.76,0.0,0.6,0.5998576883448042,0.6044789787849418,FAR,FAR,0.0,1,,,0.01,0
C2_n0.01_d000_r02,C2,202607,1.78,1.78,0.0,0.6,0.625594424998835,0.6097578403384152,FAR,FAR,0.0,1,,,0.01,0
C2_n0.01_d000_r02,C2,202607,1.8,1.8,0.0,0.6,0.6001141126938417,0.6073469084272718,FAR,FAR,0.0,1,,,0.01,0
C2_n0.01_d000_r02,C2,202607,1.82,1.82,0.0,0.6,0.6052603705963236,0.6068252739695348,FAR,FAR,0.0,1,,,0.01,0
C2_n0.01_d000_r02,C2,202607,1.84,1.84,0.0,0.6,0.5925735666574747,0.6032623471415197,FAR,FAR,0.0,1,,,0.01,0
C2_n0.01_d000_r02,C2,202607,1.86,1.86,0.0,0.6,0.6041281844310885,0.6034788064639119,FAR,FAR,0.0,1,,,0.01,0
C2_n0.01_d000_r02,C2,202607,1.88,1.88,0.0,0.6,0.6034886680712251,0.6034812718657402,FAR,FAR,0.0,1,,,0.01,0
C2_n0.01_d000_r02,C2,202607,1.9,1.9,0.0,0.6,0.5954625129284913,0.601476582131428,FAR,FAR,0.0,1,,,0.01,0
C2_n0.01_d000_r02,C2,202607,1.92,1.92,0.0,0.6,0.5911356175430349,0.5988913409843297,FAR,FAR,0.0,1,,,0.01,0
C2_n0.01_d000_r02,C2,202607,1.94,1.94,0.0,0.6,0.6106672143605855,0.6018353093283937,FAR,FAR,0.0,1,,,0.01,0
C2_n0.01_d000_r02,C2,202607,1.96,1.96,0.0,0.6,0.5977896721569138,0.6008239000355238,FAR,FAR,0.0,1,,,0.01,0
C2_n0.01_d000_r02,C2,202607,1.98,1.98,0.0,0.6,0.5955412255879717,0.5995032314236357,FAR,FAR,0.0,1,,,0.01,0
C2_n0.01_d000_r02,C2,202607,2.0,2.0,0.0,0.6,0.6081166336139694,0.6016565819712192,FAR,FAR,0.0,1,,,0.01,0
C2_n0.01_d000_r02,C2,202607,2.02,2.02,0.0,0.6,0.596298480112273,0.6003170565064826,FAR,FAR,0.0,1,,,0.01,0
C2_n0.01_d000_r02,C2,202607,2.04,2.04,0.0,0.6,0.590079193221035,0.5977575906851207,FAR,FAR,0.0,1,,,0.01,0
C2_n0.01_d000_r02,C2,202607,2.06,2.06,0.0,0.6,0.5939411009654104,0.5968034682551931,FAR,FAR,0.0,1,,,0.01,0
C2_n0.01_d000_r02,C2,202607,2.08,2.08,0.0,0.6,0.5903710407511746,0.5951953613791885,FAR,FAR,0.0,1,,,0.01,0
C2_n0.01_d000_r02,C2,202607,2.1,2.1,0.0,0.6,0.5947365476039213,0.5950806579353717,FAR,FAR,0.0,1,,,0.01,0
C2_n0.01_d000_r02,C2,202607,2.12,2.12,0.0,0.6,0.603147496342753,0.597097367537217,FAR,FAR,0.0,1,,,0.01,0
C2_n0.01_d000_r02,C2,202607,2.14,2.14,0.0,0.6,0.6046969822613746,0.5989972712182564,FAR,FAR,0.0,1,,,0.01,0
C2_n0.01_d000_r02,C2,202607,2.16,2.16,0.0,0.6,0.6014971029392386,0.5996222291485019,FAR,FAR,0.0,1,,,0.01,0
C2_n0.01_d000_r02,C2,202607,2.18,2.18,0.0,0.6,0.6080633047511042,0.6017324980491525,FAR,FAR,0.0,1,,,0.01,0
C2_n0.01_d000_r02,C2,202607,2.2,2.2,0.0,0.6,0.6006799821139226,0.601469369065345,FAR,FAR,0.0,1,,,0.01,0
C2_n0.01_d000_r02,C2,202607,2.22,2.22,0.0,0.6,0.611878934877786,0.6040717605184552,FAR,FAR,0.0,1,,,0.01,0
C2_n0.01_d000_r02,C2,202607,2.24,2.24,0.0,0.6,0.6033396939608863,0.603888743879063,FAR,FAR,0.0,1,,,0.01,0
C2_n0.01_d000_r02,C2,202607,2.26,2.26,0.0,0.6,0.5997813002159542,0.6028618829632858,FAR,FAR,0.0,1,,,0.01,0
C2_n0.01_d000_r02,C2,202607,2.28,2.28,0.0,0.6,0.5976840639332616,0.6015674282057797,FAR,FAR,0.0,1,,,0.01,0
C2_n0.01_d000_r02,C2,202607,2.3,2.3,0.0,0.6,0.574088217421445,0.5946976255096961,FAR,FAR,0.0,1,,,0.01,0
C2_n0.01_d000_r02,C2,202607,2.32,2.32,0.0,0.6,0.599347602378137,0.5958601197268063,FAR,FAR,0.0,1,,,0.01,0
C2_n0.01_d000_r02,C2,202607,2.34,2.34,0.0,0.6,0.5976169694720014,0.596299332163105,FAR,FAR,0.0,1,,,0.01,0
C2_n0.01_d000_r02,C2,202607,2.36,2.36,0.0,0.6,0.6062541181691525,0.5987880286646169,FAR,FAR,0.0,1,,,0.01,0
C2_n0.01_d000_r02,C2,202607,2.38,2.38,0.0,0.6,0.6046694561302615,0.6002583855310281,FAR,FAR,0.0,1,,,0.01,0
C2_n0.01_d000_r02,C2,202607,2.4,2.4,0.0,0.6,0.6053023777304173,0.6015193835808753,FAR,FAR,0.0,1,,,0.01,0
C2_n0.01_d000_r02,C2,202607,2.42,2.42,0.0,0.6,0.609235778016106,0.603448482189683,FAR,FAR,0.0,1,,,0.01,0
C2_n0.01_d000_r02,C2,202607,2.44,2.44,0.0,0.6,0.6145045088805687,0.6062124888624045,FAR,FAR,0.0,1,,,0.01,0
C2_n0.01_d000_r02,C2,202607,2.46,2.46,0.0,0.6,0.5841658968689957,0.6007008408640523,FAR,FAR,0.0,1,,,0.01,0
C2_n0.01_d000_r02,C2,202607,2.48,2.48,0.0,0.6,0.5986724112627325,0.6001937334637223,FAR,FAR,0.0,1,,,0.01,0
C2_n0.01_d000_r02,C2,202607,2.5,2.5,0.0,0.6,0.5923877028080751,0.5982422257998106,FAR,FAR,0.0,1,,,0.01,0
C2_n0.01_d000_r02,C2,202607,2.52,2.52,0.0,0.6,0.5856640965859902,0.5950976934963554,FAR,FAR,0.0,1,,,0.01,0
C2_n0.01_d000_r02,C2,202607,2.54,2.54,0.0,0.6,0.5882498339038401,0.5933857285982266,FAR,FAR,0.0,1,,,0.01,0
C2_n0.01_d000_r02,C2,202607,2.56,2.56,0.0,0.6,0.5924166576722303,0.5931434608667274,FAR,FAR,0.0,1,,,0.01,0
C2_n0.01_d000_r02,C2,202607,2.58,2.58,0.0,0.6,0.6044682890969857,0.595974667924292,FAR,FAR,0.0,1,,,0.01,0
C2_n0.01_d000_r02,C2,202607,2.6,2.6,0.0,0.6,0.6160111472695831,0.6009837877606148,FAR,FAR,0.0,1,,,0.01,0
C2_n0.01_d000_r02,C2,202607,2.62,2.62,0.0,0.6,0.6081715279773322,0.6027807228147941,FAR,FAR,0.0,1,,,0.01,0
C2_n0.01_d000_r02,C2,202607,2.64,2.64,0.0,0.6,0.6030055430735471,0.6028369278794824,FAR,FAR,0.0,1,,,0.01,0
C2_n0.01_d000_r02,C2,202607,2.66,2.66,0.0,0.6,0.5977439823473315,0.6015636914964446,FAR,FAR,0.0,1,,,0.01,0
C2_n0.01_d000_r02,C2,202607,2.68,2.68,0.0,0.6,0.6031932088907305,0.6019710708450161,FAR,FAR,0.0,1,,,0.01,0
C2_n0.01_d000_r02,C2,202607,2.7,2.7,0.0,0.6,0.6033537228864814,0.6023167338553824,FAR,FAR,0.0,1,,,0.01,0
C2_n0.01_d000_r02,C2,202607,2.72,2.72,0.0,0.6,0.6107452200947873,0.6044238554152337,FAR,FAR,0.0,1,,,0.01,0
C2_n0.01_d000_r02,C2,202607,2.74,2.74,0.0,0.6,0.6043372256055082,0.6044021979628023,FAR,FAR,0.0,1,,,0.01,0
C2_n0.01_d000_r02,C2,202607,2.76,2.76,0.0,0.6,0.6087235101557507,0.6054825260110394,FAR,FAR,0.0,1,,,0.01,0
C2_n0.01_d000_r02,C2,202607,2.78,2.78,0.0,0.6,0.5918220102570932,0.6020673970725527,FAR,FAR,0.0,1,,,0.01,0
C2_n0.01_d000_r02,C2,202607,2.8,2.8,0.0,0.6,0.6007825811555871,0.6017461930933113,FAR,FAR,0.0,1,,,0.01,0
C2_n0.01_d000_r02,C2,202607,2.82,2.82,0.0,0.6,0.6035932428002038,0.6022079555200344,FAR,FAR,0.0,1,,,0.01,0
C2_n0.01_d000_r02,C2,202607,2.84,2.84,0.0,0.6,0.6052996850142096,0.6029808878935782,FAR,FAR,0.0,1,,,0.01,0
C2_n0.01_d000_r02,C2,202607,2.86,2.86,0.0,0.6,0.6106617245741986,0.6049010970637333,FAR,FAR,0.0,1,,,0.01,0
C2_n0.01_d000_r02,C2,202607,2.88,2.88,0.0,0.6,0.6129839812795796,0.6069218181176949,FAR,FAR,0.0,1,,,0.01,0
C2_n0.01_d000_r02,C2,202607,2.9,2.9,0.0,0.6,0.6188665679373995,0.609908005572621,FAR,FAR,0.0,1,,,0.01,0
C2_n0.01_d000_r02,C2,202607,2.92,2.92,0.0,0.6,0.5925567088453969,0.605570181390815,FAR,FAR,0.0,1,,,0.01,0
C2_n0.01_d000_r02,C2,202607,2.94,2.94,0.0,0.6,0.5998904379730259,0.6041502455363676,FAR,FAR,0.0,1,,,0.01,0
C2_n0.01_d000_r02,C2,202607,2.96,2.96,0.0,0.6,0.6203905439269215,0.6082103201340061,FAR,FAR,0.0,1,,,0.01,0
C2_n0.01_d000_r02,C2,202607,2.98,2.98,0.0,0.6,0.6021710458051792,0.6067005015517994,FAR,FAR,0.0,1,,,0.01,0
C2_n0.01_d000_r02,C2,202607,3.0,3.0,0.0,0.6,0.6097755622794198,0.6074692667337045,FAR,FAR,0.0,1,,,0.01,0
C2_n0.01_d000_r02,C2,202607,3.02,3.02,0.0,0.6,0.6052385911725113,0.6069115978434062,FAR,FAR,0.0,1,,,0.01,0
C2_n0.01_d000_r02,C2,202607,3.04,3.04,0.0,0.6,0.5987482531273831,0.6048707616644005,FAR,FAR,0.0,1,,,0.01,0
C2_n0.01_d000_r02,C2,202607,3.06,3.06,0.0,0.6,0.5914325811769086,0.6015112165425275,FAR,FAR,0.0,1,,,0.01,0
C2_n0.01_d000_r02,C2,202607,3.08,3.08,0.0,0.6,0.6043045583711558,0.6022095519996846,FAR,FAR,0.0,1,,,0.01,0
C2_n0.01_d000_r02,C2,202607,3.1,3.1,0.0,0.6,0.6049342761369264,0.6028907330339951,FAR,FAR,0.0,1,,,0.01,0
C2_n0.01_d000_r02,C2,202607,3.12,3.12,0.0,0.6,0.578579709976586,0.5968129772696428,FAR,FAR,0.0,1,,,0.01,0
C2_n0.01_d000_r02,C2,202607,3.14,3.14,0.0,0.6,0.5851252859180687,0.5938910544317493,FAR,FAR,0.0,1,,,0.01,0
C2_n0.01_d000_r02,C2,202607,3.16,3.16,0.0,0.6,0.5851955928115458,0.5917171890266983,FAR,FAR,0.0,1,,,0.01,0
C2_n0.01_d000_r02,C2,202607,3.18,3.18,0.0,0.6,0.61052986019316,0.5964203568183137,FAR,FAR,0.0,1,,,0.01,0
C2_n0.01_d000_r02,C2,202607,3.2,3.2,0.0,0.6,0.6057382180079433,0.5987498221157211,FAR,FAR,0.0,1,,,0.01,0
C2_n0.01_d000_r02,C2,202607,3.22,3.22,0.0,0.6,0.6095637380092995,0.6014533010891158,FAR,FAR,0.0,1,,,0.01,0
C2_n0.01_d000_r02,C2,202607,3.24,3.24,0.0,0.6,0.5770730783022845,0.595358245392408,FAR,FAR,0.0,1,,,0.01,0
C2_n0.01_d000_r02,C2,202607,3.26,3.26,0.0,0.6,0.5869932387070814,0.5932669937210764,FAR,FAR,0.0,1,,,0.01,0
C2_n0.01_d000_r02,C2,202607,3.28,3.28,0.0,0.6,0.6124753660733193,0.5980690868091372,FAR,FAR,0.0,1,,,0.01,0
C2_n0.01_d000_r02,C2,202607,3.3,3.3,0.0,0.6,0.5934610981440758,0.5969170896428718,FAR,FAR,0.0,1,,,0.01,0
C2_n0.01_d000_r02,C2,202607,3.32,3.32,0.0,0.6,0.5945039139528858,0.5963137957203754,FAR,FAR,0.0,1,,,0.01,0
C2_n0.01_d000_r02,C2,202607,3.34,3.34,0.0,0.6,0.5837059434813489,0.5931618326606187,FAR,FAR,0.0,1,,,0.01,0
C2_n0.01_d000_r02,C2,202607,3.36,3.36,0.0,0.6,0.6060131496511353,0.5963746619082478,FAR,FAR,0.0,1,,,0.01,0
C2_n0.01_d000_r02,C2,202607,3.38,3.38,0.0,0.6,0.6059257172526119,0.5987624257443389,FAR,FAR,0.0,1,,,0.01,0
C2_n0.01_d000_r02,C2,202607,3.4,3.4,0.0,0.6,0.5769344897081133,0.5933054417352825,FAR,FAR,0.0,1,,,0.01,0
C2_n0.01_d000_r02,C2,202607,3.42,3.42,0.0,0.6,0.6183088375002281,0.5995562906765189,FAR,FAR,0.0,1,,,0.01,0
C2_n0.01_d000_r02,C2,202607,3.44,3.44,0.0,0.6,0.5826551493274994,0.595331005339264,FAR,FAR,0.0,1,,,0.01,0
C2_n0.01_d000_r02,C2,202607,3.46,3.46,0.0,0.6,0.6028092330749196,0.5972005622731779,FAR,FAR,0.0,1,,,0.01,0
C2_n0.01_d000_r02,C2,202607,3.48,3.48,0.0,0.6,0.5922228404627602,0.5959561318205735,FAR,FAR,0.0,1,,,0.01,0
C2_n0.01_d000_r02,C2,202607,3.5,3.5,0.0,0.6,0.6205009183677472,0.6020923284573669,FAR,FAR,0.0,1,,,0.01,0
C2_n0.01_d000_r02,C2,202607,3.52,3.52,0.0,0.6,0.6168721846681683,0.6057872925100672,FAR,FAR,0.0,1,,,0.01,0
C2_n0.01_d000_r02,C2,202607,3.54,3.54,0.0,0.6,0.5977925765753578,0.6037886135263899,FAR,FAR,0.0,1,,,0.01,0
C2_n0.01_d000_r02,C2,202607,3.56,3.56,0.0,0.6,0.6065816035612073,0.6044868610350942,FAR,FAR,0.0,1,,,0.01,0
C2_n0.01_d000_r02,C2,202607,3.58,3.58,0.0,0.6,0.5979591301010494,0.6028549283015829,FAR,FAR,0.0,1,,,0.01,0
C2_n0.01_d000_r02,C2,202607,3.6,3.6,0.0,0.6,0.6044145583307382,0.6032448358088718,FAR,FAR,0.0,1,,,0.01,0
C2_n0.01_d000_r02,C2,202607,3.62,3.62,0.0,0.6,0.6129402295969597,0.6056686842558938,FAR,FAR,0.0,1,,,0.01,0
C2_n0.01_d000_r02,C2,202607,3.64,3.64,0.0,0.6,0.5877463818076114,0.6011881086438232,FAR,FAR,0.0,1,,,0.01,0
C2_n0.01_d000_r02,C2,202607,3.66,3.66,0.0,0.6,0.5988538575481777,0.6006045458699119,FAR,FAR,0.0,1,,,0.01,0
C2_n0.01_d000_r02,C2,202607,3.68,3.68,0.0,0.6,0.5875426290409196,0.5973390666626638,FAR,FAR,0.0,1,,,0.01,0
C2_n0.01_d000_r02,C2,202607,3.7,3.7,0.0,0.6,0.6096790997839876,0.6004240749429948,FAR,FAR,0.0,1,,,0.01,0
C2_n0.01_d000_r02,C2,202607,3.72,3.72,0.0,0.6,0.5943352239437457,0.5989018621931825,FAR,FAR,0.0,1,,,0.01,0
C2_n0.01_d000_r02,C2,202607,3.74,3.74,0.0,0.6,0.6096696230605767,0.6015938024100311,FAR,FAR,0.0,1,,,0.01,0
C2_n0.01_d000_r02,C2,202607,3.76,3.76,0.0,0.6,0.5983312840933673,0.6007781728308652,FAR,FAR,0.0,1,,,0.01,0
C2_n0.01_d000_r02,C2,202607,3.78,3.78,0.0,0.6,0.5960909314485093,0.5996063624852762,FAR,FAR,0.0,1,,,0.01,0
C2_n0.01_d000_r02,C2,202607,3.8,3.8,0.0,0.6,0.5975360911890447,0.5990887946612183,FAR,FAR,0.0,1,,,0.01,0
C2_n0.01_d000_r02,C2,202607,3.82,3.82,0.0,0.6,0.5965760536493198,0.5984606094082437,FAR,FAR,0.0,1,,,0.01,0
C2_n0.01_d000_r02,C2,202607,3.84,3.84,0.0,0.6,0.5883693803411401,0.5959378021414679,FAR,FAR,0.0,1,,,0.01,0
C2_n0.01_d000_r02,C2,202607,3.86,3.86,0.0,0.6,0.6119373681428256,0.5999376936418073,FAR,FAR,0.0,1,,,0.01,0
C2_n0.01_d000_r02,C2,202607,3.88,3.88,0.0,0.6,0.6000973584124011,0.5999776098344557,FAR,FAR,0.0,1,,,0.01,0
C2_n0.01_d000_r02,C2,202607,3.9,3.9,0.0,0.6,0.615061611206108,0.6037486101773688,FAR,FAR,0.0,1,,,0.01,0
C2_n0.01_d000_r02,C2,202607,3.92,3.92,0.0,0.6,0.5951337374374083,0.6015948919923787,FAR,FAR,0.0,1,,,0.01,0
C2_n0.01_d000_r02,C2,202607,3.94,3.94,0.0,0.6,0.5902259581242277,0.598752658525341,FAR,FAR,0.0,1,,,0.01,0
C2_n0.01_d000_r02,C2,202607,3.96,3.96,0.0,0.6,0.6012188135197538,0.5993691972739441,FAR,FAR,0.0,1,,,0.01,0
C2_n0.01_d000_r02,C2,202607,3.98,3.98,0.0,0.6,0.599711168894383,0.5994546901790538,FAR,FAR,0.0,1,,,0.01,0
C2_n0.01_d000_r02,C2,202607,4.0,4.0,0.0,0.6,0.5865381961312528,0.5962255666671036,FAR,FAR,0.0,1,,,0.01,0
C2_n0.01_d000_r02,C2,202607,4.02,4.02,0.0,0.5982500000000001,0.5895743411990901,0.5945627603001002,FAR,FAR,0.0,1,,,0.01,0
C2_n0.01_d000_r02,C2,202607,4.04,4.04,0.0,0.5965,0.6046755195989473,0.5970909501248121,FAR,FAR,0.0,1,,,0.01,0
C2_n0.01_d000_r02,C2,202607,4.06,4.06,0.0,0.59475,0.5804279542014351,0.5929252011439679,FAR,FAR,0.0,1,,,0.01,0
C2_n0.01_d000_r02,C2,202607,4.08,4.08,0.0,0.593,0.6030484335153896,0.5954560092368233,FAR,FAR,0.0,1,,,0.01,0
C2_n0.01_d000_r02,C2,202607,4.1,4.1,0.0,0.59125,0.5933682673908374,0.5949340737753268,FAR,FAR,0.0,1,,,0.01,0
C2_n0.01_d000_r02,C2,202607,4.12,4.12,0.0,0.5894999999999999,0.5892408091781917,0.593510757626043,FAR,FAR,0.0,1,,,0.01,0
C2_n0.01_d000_r02,C2,202607,4.14,4.14,0.0,0.58775,0.585612530557521,0.5915362008589125,FAR,FAR,0.0,1,,,0.01,0
C2_n0.01_d000_r02,C2,202607,4.16,4.16,0.0,0.586,0.5900275343854811,0.5911590342405546,FAR,FAR,0.0,1,,,0.01,0
C2_n0.01_d000_r02,C2,202607,4.18,4.18,0.0,0.58425,0.5967966458431623,0.5925684371412065,FAR,FAR,0.0,1,,,0.01,0
C2_n0.01_d000_r02,C2,202607,4.2,4.2,0.0,0.5825,0.5901477543758173,0.5919632664498593,FAR,FAR,0.0,1,,,0.01,0
C2_n0.01_d000_r02,C2,202607,4.22,4.22,0.0,0.58075,0.5869499198482065,0.5907099297994461,FAR,FAR,0.0,1,,,0.01,0
C2_n0.01_d000_r02,C2,202607,4.24,4.24,0.0,0.579,0.5690988972887095,0.5853071716717619,FAR,FAR,0.0,1,,,0.01,0
C2_n0.01_d000_r02,C2,202607,4.26,4.26,0.0,0.57725,0.5684292898508468,0.5810877012165332,FAR,FAR,0.0,1,,,0.01,0
C2_n0.01_d000_r02,C2,202607,4.28,4.28,0.0,0.5754999999999999,0.5727199650625407,0.578995767178035,FAR,FAR,0.0,1,,,0.01,0
C2_n0.01_d000_r02,C2,202607,4.3,4.3,0.0,0.57375,0.5822623116967145,0.5798124033077049,FAR,FAR,0.0,1,,,0.01,0
C2_n0.01_d000_r02,C2,202607,4.32,4.32,0.0,0.572,0.5686395804307024,0.5770191975884542,FAR,FAR,0.0,1,,,0.01,0
C2_n0.01_d000_r02,C2,202607,4.34,4.34,0.0,0.57025,0.5608703854126675,0.5729819945445076,FAR,FAR,0.0,1,,,0.01,0
C2_n0.01_d000_r02,C2,202607,4.36,4.36,0.0,0.5685,0.5655891060753181,0.5711337724272102,FAR,FAR,0.0,1,,,0.01,0
C2_n0.01_d000_r02,C2,202607,4.38,4.38,0.0,0.56675,0.5734221048616153,0.5717058555358114,FAR,FAR,0.0,1,,,0.01,0
C2_n0.01_d000_r02,C2,202607,4.4,4.4,0.0,0.565,0.5690042326332596,0.5710304498101735,FAR,FAR,0.0,1,,,0.01,0
C2_n0.01_d000_r02,C2,202607,4.42,4.42,0.0,0.56325,0.5757371781031275,0.572207131883412,FAR,FAR,0.0,1,,,0.01,0
C2_n0.01_d000_r02,C2,202607,4.44,4.44,0.0,0.5614999999999999,0.5715262997311681,0.5720369238453511,FAR,FAR,0.0,1,,,0.01,0
C2_n0.01_d000_r02,C2,202607,4.46,4.46,0.0,0.55975,0.5723129148545562,0.5721059215976524,FAR,FAR,0.0,1,,,0.01,0
C2_n0.01_d000_r02,C2,202607,4.48,4.48,0.0,0.5579999999999999,0.5628150853871117,0.5697832125450172,FAR,FAR,0.0,1,,,0.01,0
C2_n0.01_d000_r02,C2,202607,4.5,4.5,0.0,0.55625,0.5528290407881179,0.5655446696057923,FAR,FAR,0.0,1,,,0.01,0
C2_n0.01_d000_r02,C2,202607,4.52,4.52,0.0,0.5545,0.5496505411194286,0.5615711374842014,FAR,FAR,0.0,1,,,0.01,0
C2_n0.01_d000_r02,C2,202607,4.54,4.54,0.0,0.55275,0.5613149847159139,0.5615070992921295,FAR,FAR,0.0,1,,,0.01,0
C2_n0.01_d000_r02,C2,202607,4.56,4.56,0.0,0.551,0.5454146102642872,0.5574839770351689,FAR,FAR,0.0,1,,,0.01,0
C2_n0.01_d000_r02,C2,202607,4.58,4.58,0.0,0.54925,0.5500195796249628,0.5556178776826174,FAR,FAR,0.0,1,,,0.01,0
C2_n0.01_d000_r02,C2,202607,4.6,4.6,0.0,0.5475,0.5592235972607054,0.5565193075771393,FAR,FAR,0.0,1,,,0.01,0
C2_n0.01_d000_r02,C2,202607,4.62,4.62,0.0,0.54575,0.5314707341479671,0.5502571642198463,FAR,FAR,0.0,1,,,0.01,0
C2_n0.01_d000_r02,C2,202607,4.64,4.64,0.0,0.544,0.5559989283046526,0.5516926052410478,FAR,FAR,0.0,1,,,0.01,0
C2_n0.01_d000_r02,C2,202607,4.66,4.66,0.0,0.54225,0.5467690989616057,0.5504617286711873,FAR,FAR,0.0,1,,,0.01,0
C2_n0.01_d000_r02,C2,202607,4.68,4.68,0.0,0.5405,0.5327527280591888,0.5460344785181876,FAR,FAR,0.0,1,,,0.01,0
C2_n0.01_d000_r02,C2,202607,4.7,4.7,0.0,0.53875,0.5392907783925565,0.5443485534867798,FAR,FAR,0.0,1,,,0.01,0
C2_n0.01_d000_r02,C2,202607,4.72,4.72,0.0,0.537,0.5379652867480704,0.5427527368021025,FAR,FAR,0.0,1,,,0.01,0
C2_n0.01_d000_r02,C2,202607,4.74,4.74,0.0,0.53525,0.5285768503475919,0.5392087651884748,FAR,FAR,0.0,1,,,0.01,0
C2_n0.01_d000_r02,C2,202607,4.76,4.76,0.0,0.5335,0.5239628494033692,0.5353972862421985,FAR,FAR,0.0,1,,,0.01,0
C2_n0.01_d000_r02,C2,202607,4.78,4.78,0.0,0.53175,0.5298641536717682,0.5340140030995909,FAR,FAR,0.0,1,,,0.01,0
C2_n0.01_d000_r02,C2,202607,4.8,4.8,0.0,0.53,0.536989669124879,0.5347579196059129,FAR,FAR,0.0,1,,,0.01,0
C2_n0.01_d000_r02,C2,202607,4.82,4.82,0.0,0.52825,0.519763881367892,0.5310094100464077,FAR,FAR,0.0,1,,,0.01,0
C2_n0.01_d000_r02,C2,202607,4.84,4.84,0.0,0.5265,0.5492650893129639,0.5355733298630467,FAR,FAR,0.0,1,,,0.01,0
C2_n0.01_d000_r02,C2,202607,4.86,4.86,0.0,0.5247499999999999,0.5343167893535901,0.5352591947356826,FAR,FAR,0.0,1,,,0.01,0
C2_n0.01_d000_r02,C2,202607,4.88,4.88,0.0,0.523,0.5192007719471884,0.5312445890385591,FAR,FAR,0.0,1,,,0.01,0
C2_n0.01_d000_r02,C2,202607,4.9,4.9,0.0,0.52125,0.5236481023501222,0.5293454673664498,FAR,FAR,0.0,1,,,0.01,0
C2_n0.01_d000_r02,C2,202607,4.92,4.92,0.0,0.5195,0.5070470433673325,0.5237708613666705,FAR,FAR,0.0,1,,,0.01,0
C2_n0.01_d000_r02,C2,202607,4.94,4.94,0.0,0.5177499999999999,0.514973060077586,0.5215714110443994,FAR,FAR,0.0,1,,,0.01,0
C2_n0.01_d000_r02,C2,202607,4.96,4.96,0.0,0.516,0.5180317777801284,0.5206865027283316,FAR,FAR,0.0,1,,,0.01,0
C2_n0.01_d000_r02,C2,202607,4.98,4.98,0.0,0.51425,0.5042027039827883,0.5165655530419457,FAR,FAR,0.0,1,,,0.01,0
C2_n0.01_d000_r02,C2,202607,5.0,5.0,0.0,0.5125,0.5050520536862128,0.5136871782030125,FAR,FAR,0.0,1,,,0.01,0
C2_n0.01_d000_r02,C2,202607,5.02,5.02,0.0,0.51075,0.5154196200550721,0.5141202886660274,FAR,FAR,0.0,1,,,0.01,0
C2_n0.01_d000_r02,C2,202607,5.04,5.04,0.0,0.509,0.5013005044252087,0.5109153426058227,FAR,FAR,0.0,1,,,0.01,0
C2_n0.01_d000_r02,C2,202607,5.06,5.06,0.0,0.50725,0.503374616534069,0.5090301610878843,FAR,FAR,0.0,1,,,0.01,0
C2_n0.01_d000_r02,C2,202607,5.08,5.08,0.0,0.5055,0.5092821157271675,0.5090931497477051,FAR,FAR,0.0,1,,,0.01,0
C2_n0.01_d000_r02,C2,202607,5.1,5.1,0.0,0.50375,0.49402798721717167,0.5053268591150718,FAR,FAR,0.0,1,,,0.01,0
C2_n0.01_d000_r02,C2,202607,5.12,5.12,0.0,0.502,0.48590653900047126,0.5004717790864217,FAR,FAR,0.0,1,,,0.01,0
C2_n0.01_d000_r02,C2,202607,5.14,5.14,0.0,0.50025,0.5118059420292556,0.5033053198221302,FAR,FAR,0.0,1,,,0.01,0
C2_n0.01_d000_r02,C2,202607,5.16,5.16,0.0,0.49849999999999994,0.4865926869620912,0.49912716160712045,FAR,FAR,0.0,1,,,0.01,0
C2_n0.01_d000_r02,C2,202607,5.18,5.18,0.0,0.49675,0.5118144488795391,0.5022989834252252,FAR,FAR,0.0,1,,,0.01,0
C2_n0.01_d000_r02,C2,202607,5.2,5.2,0.0,0.495,0.5038370967346517,0.5026835117525819,FAR,FAR,0.0,1,,,0.01,0
C2_n0.01_d000_r02,C2,202607,5.22,5.22,0.0,0.49325,0.4988031503130798,0.5017134213927064,FAR,FAR,0.0,1,,,0.01,0
C2_n0.01_d000_r02,C2,202607,5.24,5.24,0.0,0.49149999999999994,0.5075430896247293,0.5031708384507121,FAR,FAR,0.0,1,,,0.01,0
C2_n0.01_d000_r02,C2,202607,5.26,5.26,0.0,0.48975,0.4915675445752033,0.5002700149818349,FAR,FAR,0.0,1,,,0.01,0
C2_n0.01_d000_r02,C2,202607,5.28,5.28,0.0,0.488,0.4974609230688021,0.4995677420035767,FAR,FAR,0.0,1,,,0.01,0
C2_n0.01_d000_r02,C2,202607,5.3,5.3,0.0,0.48625,0.5026971306047434,0.5003500891538684,FAR,FAR,0.0,1,,,0.01,0
C2_n0.01_d000_r02,C2,202607,5.32,5.32,0.0,0.48449999999999993,0.45971982907912534,0.4901925241351826,FAR,FAR,0.0,1,,,0.01,0
C2_n0.01_d000_r02,C2,202607,5.34,5.34,0.0,0.48275,0.49288073930768894,0.4908645779283092,FAR,FAR,0.0,1,,,0.01,0
C2_n0.01_d000_r02,C2,202607,5.36,5.36,0.0,0.481,0.46837941059925753,0.4852432860960463,FAR,FAR,0.0,1,,,0.01,0
C2_n0.01_d000_r02,C2,202607,5.38,5.38,0.0,0.47925,0.46563174943334873,0.48034040193037186,FAR,FAR,0.0,1,,,0.01,0
C2_n0.01_d000_r02,C2,202607,5.4,5.4,0.0,0.4774999999999999,0.48452883258115226,0.481387509593067,FAR,FAR,0.0,1,,,0.01,0
C2_n0.01_d000_r02,C2,202607,5.42,5.42,0.0,0.47575,0.4701262972363888,0.4785722065038974,FAR,FAR,0.0,1,,,0.01,0
C2_n0.01_d000_r02,C2,202607,5.44,5.44,0.0,0.474,0.46843603373424825,0.4760381633114852,FAR,FAR,0.0,1,,,0.01,0
C2_n0.01_d000_r02,C2,202607,5.46,5.46,0.0,0.47224999999999995,0.4665848984523367,0.47367484709669805,FAR,FAR,0.0,1,,,0.01,0
C2_n0.01_d000_r02,C2,202607,5.48,5.48,0.0,0.4704999999999999,0.4746970988629164,0.47393041003825265,FAR,FAR,0.0,1,,,0.01,0
C2_n0.01_d000_r02,C2,202607,5.5,5.5,0.0,0.46875,0.46718333966182185,0.47224364244414496,FAR,FAR,0.0,1,,,0.01,0
C2_n0.01_d000_r02,C2,202607,5.52,5.52,0.0,0.467,0.4665552342894275,0.4708215404054656,FAR,FAR,0.0,1,,,0.01,0
C2_n0.01_d000_r02,C2,202607,5.54,5.54,0.0,0.46525,0.4607606934244547,0.4683063286602128,FAR,FAR,0.0,1,,,0.01,0
C2_n0.01_d000_r02,C2,202607,5.56,5.56,0.0,0.4635,0.48301236289690447,0.4719828372193857,FAR,FAR,0.0,1,,,0.01,0
C2_n0.01_d000_r02,C2,202607,5.58,5.58,0.0,0.46175,0.44558572681436287,0.46538355961813,FAR,FAR,0.0,1,,,0.01,0
C2_n0.01_d000_r02,C2,202607,5.6,5.6,0.0,0.46,0.44996721970004316,0.4615294746386083,FAR,FAR,0.0,1,,,0.01,0
C2_n0.01_d000_r02,C2,202607,5.62,5.62,0.0,0.45825,0.4538633682134696,0.4596129480323236,FAR,FAR,0.0,1,,,0.01,0
C2_n0.01_d000_r02,C2,202607,5.64,5.64,0.0,0.4565,0.45724724610536993,0.45902152255058515,FAR,FAR,0.0,1,,,0.01,0
C2_n0.01_d000_r02,C2,202607,5.66,5.66,0.0,0.45475,0.4566570805024985,0.4584304120385635,FAR,FAR,0.0,1,,,0.01,0
C2_n0.01_d000_r02,C2,202607,5.68,5.68,0.0,0.453,0.4416885453899278,0.45424494537640453,FAR,FAR,0.0,1,,,0.01,0
C2_n0.01_d000_r02,C2,202607,5.7,5.7,0.0,0.45125,0.4375498678904164,0.4500711760049075,FAR,FAR,0.0,1,,,0.01,0
C2_n0.01_d000_r02,C2,202607,5.72,5.72,0.0,0.4495,0.4503524025907529,0.45014148265136883,FAR,FAR,0.0,1,,,0.01,0
C2_n0.01_d000_r02,C2,202607,5.74,5.74,0.0,0.44775,0.4457110835183356,0.4490338828681105,FAR,FAR,0.0,1,,,0.01,0
C2_n0.01_d000_r02,C2,202607,5.76,5.76,0.0,0.446,0.44222595906126444,0.447331901916399,FAR,FAR,0.0,1,,,0.01,0
C2_n0.01_d000_r02,C2,202607,5.78,5.78,0.0,0.44425,0.45758820626452357,0.4498959780034301,FAR,FAR,0.0,1,,,0.01,0
C2_n0.01_d000_r02,C2,202607,5.8,5.8,0.0,0.4425,0.446562833609925,0.4490626919050538,FAR,FAR,0.0,1,,,0.01,0
C2_n0.01_d000_r02,C2,202607,5.82,5.82,0.0,0.44075,0.45033651614881887,0.4493811479659951,FAR,FAR,0.0,1,,,0.01,0
C2_n0.01_d000_r02,C2,202607,5.84,5.84,0.0,0.439,0.44066210049939514,0.4472013860993451,FAR,FAR,0.0,1,,,0.01,0
C2_n0.01_d000_r02,C2,202607,5.86,5.86,0.0,0.43724999999999997,0.4430376933176956,0.44616046290393274,FAR,FAR,0.0,1,,,0.01,0
C2_n0.01_d000_r02,C2,202607,5.88,5.88,0.0,0.4355,0.4483503329286147,0.4467079304101032,FAR,FAR,0.0,1,,,0.01,0
C2_n0.01_d000_r02,C2,202607,5.9,5.9,0.0,0.43374999999999997,0.4288232351247755,0.44223675658877126,FAR,FAR,0.0,1,,,0.01,0
C2_n0.01_d000_r02,C2,202607,5.92,5.92,0.0,0.432,0.4407254117581905,0.44185892038112606,FAR,FAR,0.0,1,,,0.01,0
C2_n0.01_d000_r02,C2,202607,5.94,5.94,0.0,0.43024999999999997,0.4237912616114457,0.43734200568870596,FAR,FAR,0.0,1,,,0.01,0
C2_n0.01_d000_r02,C2,202607,5.96,5.96,0.0,0.4285,0.4370401597165773,0.4372665441956738,FAR,FAR,0.0,1,,,0.01,0
C2_n0.01_d000_r02,C2,202607,5.98,5.98,0.0,0.42674999999999996,0.4290525048965444,0.4352130343708914,FAR,FAR,0.0,1,,,0.01,0
C2_n0.01_d000_r02,C2,202607,6.0,6.0,0.0,0.425,0.41575892617148114,0.4303495073210388,FAR,FAR,0.0,1,,,0.01,0
C2_n0.01_d000_r02,C2,202607,6.02,6.02,0.0,0.42325,0.41901015844912365,0.42751467010306005,FAR,FAR,0.0,1,,,0.01,0
C2_n0.01_d000_r02,C2,202607,6.04,6.04,0.0,0.4215,0.39840797963256946,0.4202379974854374,FAR,FAR,0.0,1,,,0.01,0
C2_n0.01_d000_r02,C2,202607,6.06,6.06,0.0,0.41975,0.4408821248691745,0.4253990293313717,FAR,FAR,0.0,1,,,0.01,0
C2_n0.01_d000_r02,C2,202607,6.08,6.08,0.0,0.418,0.409169478874721,0.421341641717209,FAR,FAR,0.0,1,,,0.01,0
C2_n0.01_d000_r02,C2,202607,6.1,6.1,0.0,0.41625,0.4241354351574523,0.4220400900772698,FAR,FAR,0.0,1,,,0.01,0
C2_n0.01_d000_r02,C2,202607,6.12,6.12,0.0,0.4145,0.40343491078205124,0.4173887952534651,FAR,FAR,0.0,1,,,0.01,0
C2_n0.01_d000_r02,C2,202607,6.14,6.14,0.0,0.41275,0.40811996827088526,0.4150715885078201,FAR,FAR,0.0,1,,,0.01,0
C2_n0.01_d000_r02,C2,202607,6.16,6.16,0.0,0.411,0.412562100020843,0.41444421638607587,FAR,FAR,0.0,1,,,0.01,0
C2_n0.01_d000_r02,C2,202607,6.18,6.18,0.0,0.40925,0.40641561866725756,0.41243706695637133,FAR,FAR,0.0,1,,,0.01,0
C2_n0.01_d000_r02,C2,202607,6.2,6.2,0.0,0.4075,0.39676126084213115,0.4085181154278113,FAR,FAR,0.0,1,,,0.01,0
C2_n0.01_d000_r02,C2,202607,6.22,6.22,0.0,0.40575,0.4015381722582383,0.40677312963541806,FAR,FAR,0.0,1,,,0.01,0
C2_n0.01_d000_r02,C2,202607,6.24,6.24,0.0,0.40399999999999997,0.42014165495000755,0.4101152609640655,FAR,FAR,0.0,1,,,0.01,0
C2_n0.01_d000_r02,C2,202607,6.26,6.26,0.0,0.40225,0.39184691484571715,0.4055481744344784,FAR,FAR,0.0,1,,,0.01,0
C2_n0.01_d000_r02,C2,202607,6.28,6.28,0.0,0.40049999999999997,0.40476736931325097,0.4053529731541715,FAR,FAR,0.0,1,,,0.01,0
C2_n0.01_d000_r02,C2,202607,6.3,6.3,0.0,0.39875,0.4016686014764245,0.40443188023473475,FAR,FAR,0.0,1,,,0.01,0
C2_n0.01_d000_r02,C2,202607,6.32,6.32,0.0,0.39699999999999996,0.3924877408161509,0.4014458453800888,FAR,FAR,0.0,1,,,0.01,0
C2_n0.01_d000_r02,C2,202607,6.34,6.34,0.0,0.39525,0.4251291559026768,0.4073666730107358,FAR,FAR,0.0,1,,,0.01,0
C2_n0.01_d000_r02,C2,202607,6.36,6.36,0.0,0.39349999999999996,0.39306005054243914,0.40379001739366166,FAR,FAR,0.0,1,,,0.01,0
C2_n0.01_d000_r02,C2,202607,6.38,6.38,0.0,0.39175,0.40049781649050425,0.4029669671678723,FAR,FAR,0.0,1,,,0.01,0
C2_n0.01_d000_r02,C2,202607,6.4,6.4,0.0,0.38999999999999996,0.3806258584611698,0.3973816899911967,FAR,FAR,0.0,1,,,0.01,0
C2_n0.01_d000_r02,C2,202607,6.42,6.42,0.0,0.38825,0.3827173607975748,0.39371560769279124,FAR,FAR,0.0,1,,,0.01,0
C2_n0.01_d000_r02,C2,202607,6.44,6.44,0.0,0.38649999999999995,0.36618208033148164,0.38683222585246385,FAR,FAR,0.0,1,,,0.01,0
C2_n0.01_d000_r02,C2,202607,6.46,6.46,0.0,0.38475,0.40109537230757797,0.3903980124662424,FAR,FAR,0.0,1,,,0.01,0
C2_n0.01_d000_r02,C2,202607,6.48,6.48,0.0,0.38299999999999995,0.36993966160236885,0.385283424750274,FAR,FAR,0.0,1,,,0.01,0
C2_n0.01_d000_r02,C2,202607,6.5,6.5,0.0,0.38125,0.3861679529521472,0.3855045568007423,FAR,FAR,0.0,1,,,0.01,0
C2_n0.01_d000_r02,C2,202607,6.52,6.52,0.0,0.37950000000000006,0.3629705366295889,0.379871051757954,FAR,FAR,0.0,1,,,0.01,0
C2_n0.01_d000_r02,C2,202607,6.54,6.54,0.0,0.37775000000000003,0.38981748822815726,0.3823576608755048,FAR,FAR,0.0,1,,,0.01,0
C2_n0.01_d000_r02,C2,202607,6.56,6.56,0.0,0.376,0.377137299386119,0.3810525705031584,FAR,FAR,0.0,1,,,0.01,0
C2_n0.01_d000_r02,C2,202607,6.58,6.58,0.0,0.37424999999999997,0.37698460063701866,0.38003557803662347,FAR,FAR,0.0,1,,,0.01,0
C2_n0.01_d000_r02,C2,202607,6.6,6.6,0.0,0.37250000000000005,0.3638538858523834,0.3759901549905635,FAR,FAR,0.0,1,,,0.01,0
C2_n0.01_d000_r02,C2,202607,6.62,6.62,0.0,0.37075,0.3585249121868674,0.37162384428963946,FAR,FAR,0.0,1,,,0.01,0
C2_n0.01_d000_r02,C2,202607,6.64,6.64,0.0,0.369,0.3787596620685717,0.37340779873437246,FAR,FAR,0.0,1,,,0.01,0
C2_n0.01_d000_r02,C2,202607,6.66,6.66,0.0,0.36724999999999997,0.36304135254449166,0.37081618718690224,FAR,FAR,0.0,1,,,0.01,0
C2_n0.01_d000_r02,C2,202607,6.68,6.68,0.0,0.36550000000000005,0.3546548624839774,0.366775856011171,FAR,FAR,0.0,1,,,0.01,0
C2_n0.01_d000_r02,C2,202607,6.7,6.7,0.0,0.36375,0.36514542364471164,0.3663682479195562,FAR,FAR,0.0,1,,,0.01,0
C2_n0.01_d000_r02,C2,202607,6.72,6.72,0.0,0.362,0.3526056041263073,0.36292758697124394,FAR,FAR,0.0,1,,,0.01,0
C2_n0.01_d000_r02,C2,202607,6.74,6.74,0.0,0.36024999999999996,0.35432501202896843,0.36077694323567505,FAR,FAR,0.0,1,,,0.01,0
C2_n0.01_d000_r02,C2,202607,6.76,6.76,0.0,0.35850000000000004,0.368890594460142,0.36280535604179176,FAR,FAR,0.0,1,,,0.01,0
C2_n0.01_d000_r02,C2,202607,6.78,6.78,0.0,0.35675,0.36398841349563515,0.36310112040525255,FAR,FAR,0.0,1,,,0.01,0
C2_n0.01_d000_r02,C2,202607,6.8,6.8,0.0,0.355,0.3380436327148616,0.3568367484826548,FAR,FAR,0.0,1,,,0.01,0
C2_n0.01_d000_r02,C2,202607,6.82,6.82,0.0,0.35324999999999995,0.33907646052689105,0.3523966764937138,FAR,FAR,0.0,1,,,0.01,0
C2_n0.01_d000_r02,C2,202607,6.84,6.84,0.0,0.35150000000000003,0.35122094695352973,0.35210274410866776,FAR,FAR,0.0,1,,,0.01,0
C2_n0.01_d000_r02,C2,202607,6.86,6.86,0.0,0.34974999999999995,0.3609502343944807,0.354314616680121,NEAR,FAR,0.0,1,,,0.01,0
C2_n0.01_d000_r02,C2,202607,6.88,6.88,0.0,0.348,0.366836519238083,0.3574450923196115,NEAR,FAR,0.0,1,,,0.01,0
C2_n0.01_d000_r02,C2,202607,6.9,6.9,0.0,0.34624999999999995,0.35346266692831546,0.3564494859717875,NEAR,FAR,0.0,1,,,0.01,0
C2_n0.01_d000_r02,C2,202607,6.92,6.92,0.0,0.3445,0.3499833682680482,0.3548329565458527,NEAR,FAR,0.0,1,,,0.01,0
C2_n0.01_d000_r02,C2,202607,6.94,6.94,0.0,0.34274999999999994,0.34677584521411864,0.35281867871291916,NEAR,FAR,0.0,1,,,0.01,0
C2_n0.01_d000_r02,C2,202607,6.96,6.96,0.0,0.34099999999999997,0.3329286366952073,0.3478461682084912,NEAR,FAR,0.0,1,,,0.01,0
C2_n0.01_d000_r02,C2,202607,6.98,6.98,0.0,0.33924999999999994,0.34320513766716104,0.3466859105731586,NEAR,FAR,0.0,1,,,0.01,0
C2_n0.01_d000_r02,C2,202607,7.0,7.0,0.0,0.3375,0.33131701461370494,0.3428436865832952,NEAR,FAR,0.0,1,,,0.01,0
C2_n0.01_d000_r02,C2,202607,7.02,7.02,0.0,0.33575000000000005,0.3463996834098043,0.34373268578992244,NEAR,FAR,0.0,1,,,0.01,0
C2_n0.01_d000_r02,C2,202607,7.04,7.04,0.0,0.334,0.34280140222188643,0.34349986489791345,NEAR,FAR,0.0,1,,,0.01,0
C2_n0.01_d000_r02,C2,202607,7.06,7.06,0.0,0.33225000000000005,0.3316784796141181,0.3405445185769646,NEAR,FAR,0.0,1,,,0.01,0
C2_n0.01_d000_r02,C2,202607,7.08,7.08,0.0,0.3305,0.3396799469820135,0.3403283756782268,NEAR,FAR,0.0,1,,,0.01,0
C2_n0.01_d000_r02,C2,202607,7.1,7.1,0.0,0.32875000000000004,0.33576469452662194,0.33918745539032563,NEAR,FAR,0.0,1,,,0.01,0
C2_n0.01_d000_r02,C2,202607,7.12,7.12,0.0,0.327,0.319757281053773,0.3343299118061875,NEAR,FAR,0.0,1,,,0.01,0
C2_n0.01_d000_r02,C2,202607,7.14,7.14,0.0,0.32525000000000004,0.32830629074063067,0.33282400653979827,NEAR,FAR,0.0,1,,,0.01,0
C2_n0.01_d000_r02,C2,202607,7.16,7.16,0.0,0.3235,0.34190882795249106,0.3350952118929715,NEAR,FAR,0.0,1,,,0.01,0
C2_n0.01_d000_r02,C2,202607,7.18,7.18,0.0,0.32175000000000004,0.3174758610429106,0.3306903741804562,NEAR,FAR,0.0,1,,,0.01,0
C2_n0.01_d000_r02,C2,202607,7.2,7.2,0.0,0.32,0.30657941630289876,0.3246626347110668,NEAR,FAR,0.0,1,,,0.01,0
C2_n0.01_d000_r02,C2,202607,7.22,7.22,0.0,0.31825000000000003,0.32132437753278326,0.3238280704164959,NEAR,FAR,0.0,1,,,0.01,0
C2_n0.01_d000_r02,C2,202607,7.24,7.24,0.0,0.3165,0.30578437878115594,0.31931714750766094,NEAR,NEAR,0.6,1,ENTER_NEAR,,0.01,0
C2_n0.01_d000_r02,C2,202607,7.26,7.26,0.0,0.31475000000000003,0.31775605057451584,0.31892687327437463,NEAR,NEAR,0.6,1,,,0.01,0
C2_n0.01_d000_r02,C2,202607,7.28,7.28,0.0,0.313,0.32179883610952403,0.319644863983162,NEAR,NEAR,0.6,1,,,0.01,0
C2_n0.01_d000_r02,C2,202607,7.3,7.3,0.0,0.31125,0.3211796983891929,0.32002857258466977,NEAR,NEAR,0.6,1,,,0.01,0
C2_n0.01_d000_r02,C2,202607,7.32,7.32,0.0,0.3095,0.30811170004220717,0.31704935444905413,NEAR,NEAR,0.6,1,,,0.01,0
C2_n0.01_d000_r02,C2,202607,7.34,7.34,0.0,0.30775,0.31646959957231746,0.31690441572986994,NEAR,NEAR,0.6,1,,,0.01,0
C2_n0.01_d000_r02,C2,202607,7.36,7.36,0.0,0.306,0.29768282284449127,0.31209901750852526,NEAR,NEAR,0.6,1,,,0.01,0
C2_n0.01_d000_r02,C2,202607,7.38,7.38,0.0,0.30425,0.3135024600978469,0.3124498781558557,NEAR,NEAR,0.6,1,,,0.01,0
C2_n0.01_d000_r02,C2,202607,7.4,7.4,0.0,0.3025,0.3065251208462799,0.31096868882846174,NEAR,NEAR,0.6,1,,,0.01,0
C2_n0.01_d000_r02,C2,202607,7.42,7.42,0.0,0.30075,0.2956885667008038,0.30714865829654725,NEAR,NEAR,0.6,1,,,0.01,0
C2_n0.01_d000_r02,C2,202607,7.44,7.44,0.0,0.299,0.3021119132962727,0.3058894720464786,NEAR,NEAR,0.6,1,,,0.01,0
C2_n0.01_d000_r02,C2,202607,7.46,7.46,0.0,0.29725,0.29653230689747884,0.3035501807592286,NEAR,NEAR,0.6,1,,,0.01,0
C2_n0.01_d000_r02,C2,202607,7.48,7.48,0.0,0.2955,0.2840612785321575,0.2986779552024608,NEAR,NEAR,0.6,1,,,0.01,0
C2_n0.01_d000_r02,C2,202607,7.5,7.5,0.0,0.29375,0.3068256001641398,0.3007148664428806,NEAR,NEAR,0.6,1,,,0.01,0
C2_n0.01_d000_r02,C2,202607,7.52,7.52,0.0,0.29200000000000004,0.29671718579496226,0.299715446280901,NEAR,NEAR,0.6,1,,,0.01,0
C2_n0.01_d000_r02,C2,202607,7.54,7.54,0.0,0.29025,0.2945030716614703,0.2984123526260433,NEAR,NEAR,0.6,1,,,0.01,0
C2_n0.01_d000_r02,C2,202607,7.56,7.56,0.0,0.28850000000000003,0.28354278298404473,0.29469496021554364,NEAR,NEAR,0.6,1,,,0.01,0
C2_n0.01_d000_r02,C2,202607,7.58,7.58,0.0,0.28675,0.2936610877148695,0.2944364920903751,NEAR,NEAR,0.6,1,,,0.01,0
C2_n0.01_d000_r02,C2,202607,7.6,7.6,0.0,0.28500000000000003,0.28574576104954263,0.292263809330167,NEAR,NEAR,0.6,1,,,0.01,0
C2_n0.01_d000_r02,C2,202607,7.62,7.62,0.0,0.28325,0.28738726287965494,0.291044672717539,NEAR,NEAR,0.6,1,,,0.01,0
C2_n0.01_d000_r02,C2,202607,7.64,7.64,0.0,0.28150000000000003,0.29482599128349907,0.291990002359029,NEAR,NEAR,0.6,1,,,0.01,0
C2_n0.01_d000_r02,C2,202607,7.66,7.66,0.0,0.27975,0.2772018089574027,0.2882929540086224,NEAR,NEAR,0.6,1,,,0.01,0
C2_n0.01_d000_r02,C2,202607,7.68,7.68,0.0,0.278,0.2781448985635219,0.2857559401473473,NEAR,NEAR,0.6,1,,,0.01,0
C2_n0.01_d000_r02,C2,202607,7.7,7.7,0.0,0.27625,0.2909337937628109,0.2870504035512132,NEAR,NEAR,0.6,1,,,0.01,0
C2_n0.01_d000_r02,C2,202607,7.72,7.72,0.0,0.2745,0.2765155080815848,0.28441667968380613,NEAR,NEAR,0.6,1,,,0.01,0
C2_n0.01_d000_r02,C2,202607,7.74,7.74,0.0,0.27275,0.2683685331258302,0.2804046430443121,NEAR,NEAR,0.6,1,,,0.01,0
C2_n0.01_d000_r02,C2,202607,7.76,7.76,0.0,0.271,0.2708491553633294,0.27801577112406645,NEAR,NEAR,0.6,1,,,0.01,0
C2_n0.01_d000_r02,C2,202607,7.78,7.78,0.0,0.26925,0.26621857370775076,0.2750664717699875,NEAR,NEAR,0.6,1,,,0.01,0
C2_n0.01_d000_r02,C2,202607,7.8,7.8,0.0,0.2675,0.2514188253505422,0.2691545601651262,NEAR,NEAR,0.6,1,,,0.01,0
C2_n0.01_d000_r02,C2,202607,7.82,7.82,0.0,0.26575,0.2557761753470431,0.2658099639606054,NEAR,NEAR,0.6,1,,,0.01,0
C2_n0.01_d000_r02,C2,202607,7.84,7.84,0.0,0.264,0.2459387636003792,0.26084216387054887,NEAR,NEAR,0.6,1,,,0.01,0
C2_n0.01_d000_r02,C2,202607,7.86,7.86,0.0,0.26225,0.2494191244913345,0.25798640402574524,NEAR,NEAR,0.6,1,,,0.01,0
C2_n0.01_d000_r02,C2,202607,7.88,7.88,0.0,0.2605,0.25489078235847185,0.2572124986089269,NEAR,NEAR,0.6,1,,,0.01,0
C2_n0.01_d000_r02,C2,202607,7.9,7.9,0.0,0.25875,0.246171337337595,0.25445220829109394,NEAR,NEAR,0.6,1,,,0.01,0
C2_n0.01_d000_r02,C2,202607,7.92,7.92,0.0,0.257,0.25269100932629923,0.25401190854989525,NEAR,NEAR,0.6,1,,,0.01,0
C2_n0.01_d000_r02,C2,202607,7.94,7.94,0.0,0.25525,0.2497501247720974,0.2529464626054458,NEAR,NEAR,0.6,1,,,0.01,0
C2_n0.01_d000_r02,C2,202607,7.96,7.96,0.0,0.2535,0.24885000222731,0.2519223475109118,NEAR,NEAR,0.6,1,,,0.01,0
C2_n0.01_d000_r02,C2,202607,7.98,7.98,0.0,0.25175,0.26558885395361836,0.25533897412158846,NEAR,NEAR,0.6,1,,,0.01,0
C2_n0.01_d000_r02,C2,202607,8.0,8.0,0.0,0.25,0.2643220796335527,0.2575847504995795,NEAR,NEAR,0.6,1,,,0.01,0
C2_n0.01_d000_r02,C2,202607,8.02,8.02,0.0,0.2522533838368113,0.23275448777853058,0.25137718481931726,NEAR,NEAR,0.6,1,,,0.01,0
C2_n0.01_d000_r02,C2,202607,8.04,8.04,0.0,0.25445562372365543,0.25717359075202306,0.2528262863024937,NEAR,NEAR,0.6,1,,,0.01,0
C2_n0.01_d000_r02,C2,202607,8.06,8.06,0.0,0.25655673649976407,0.25370648478482394,0.25304633592307624,NEAR,NEAR,0.6,1,,,0.01,0
C2_n0.01_d000_r02,C2,202607,8.08,8.08,0.0,0.25850903423690136,0.27441172817183623,0.25838768398526624,NEAR,NEAR,0.6,1,,,0.01,0
C2_n0.01_d000_r02,C2,202607,8.1,8.1,0.0,0.2602682065889303,0.25602425355647707,0.25779682637806894,NEAR,NEAR,0.6,1,,,0.01,0
C2_n0.01_d000_r02,C2,202607,8.12,8.12,0.0,0.26179432648204926,0.26176137315192055,0.25878796307153185,NEAR,NEAR,0.6,1,,,0.01,0
C2_n0.01_d000_r02,C2,202607,8.14,8.14,0.0,0.26305275632004294,0.27106763439099096,0.2618578809013966,NEAR,NEAR,0.6,1,,,0.01,0
C2_n0.01_d000_r02,C2,202607,8.16,8.16,0.0,0.2640149341368492,0.24995007062448954,0.25888092833216986,NEAR,NEAR,0.6,1,,,0.01,0
C2_n0.01_d000_r02,C2,202607,8.18,8.18,0.0,0.2646590218535229,0.2685044062591724,0.2612867978139205,NEAR,NEAR,0.6,1,,,0.01,0
C2_n0.01_d000_r02,C2,202607,8.2,8.2,0.0,0.26497040092642404,0.2725212608225492,0.2640954135660777,NEAR,NEAR,0.6,1,,,0.01,0
C2_n0.01_d000_r02,C2,202607,8.22,8.22,0.0,0.2649420041371476,0.2575760523238218,0.26246557325551373,NEAR,NEAR,0.6,1,,,0.01,0
C2_n0.01_d000_r02,C2,202607,8.24,8.24,0.0,0.2645744759937201,0.2692437339184407,0.26416011342124546,NEAR,NEAR,0.6,1,,,0.01,0
C2_n0.01_d000_r02,C2,202607,8.26,8.26,0.0,0.26387615810251686,0.25726321998000556,0.2624358900609355,NEAR,NEAR,0.6,1,,,0.01,0
C2_n0.01_d000_r02,C2,202607,8.28,8.28,0.0,0.26286289984290484,0.2593053628664302,0.2616532582623092,NEAR,NEAR,0.6,1,,,0.01,0
C2_n0.01_d000_r02,C2,202607,8.3,8.3,0.0,0.2615576986416368,0.24759385608358045,0.25813840771762697,NEAR,NEAR,0.6,1,,,0.01,0
C2_n0.01_d000_r02,C2,202607,8.32,8.32,0.0,0.25999017801151375,0.268676807780328,0.26077300773330225,NEAR,NEAR,0.6,1,,,0.01,0
C2_n0.01_d000_r02,C2,202607,8.34,8.34,0.0,0.25819591520101404,0.2615885726090451,0.26097689895223797,NEAR,NEAR,0.6,1,,,0.01,0
C2_n0.01_d000_r02,C2,202607,8.36,8.36,0.0,0.2562156337148993,0.2528436031542861,0.25894357500275,NEAR,NEAR,0.6,1,,,0.01,0
C2_n0.01_d000_r02,C2,202607,8.38,8.38,0.0,0.2540942790327598,0.25381077884187786,0.257660375962532,NEAR,NEAR,0.6,1,,,0.01,0
C2_n0.01_d000_r02,C2,202607,8.4,8.4,0.0,0.25187999850346454,0.2519175449278976,0.2562246682038734,NEAR,NEAR,0.6,1,,,0.01,0
C2_n0.01_d000_r02,C2,202607,8.42,8.42,0.0,0.24962304856834994,0.2463160431754989,0.2537475119467798,NEAR,NEAR,0.6,1,,,0.01,0
C2_n0.01_d000_r02,C2,202607,8.44,8.44,0.0,0.2473746541153709,0.24054321284598268,0.25044643717158055,NEAR,NEAR,0.6,1,,,0.01,0
C2_n0.01_d000_r02,C2,202607,8.46,8.46,0.0,0.24518584585289177,0.24239265415418207,0.24843299141723094,NEAR,NEAR,0.6,1,,,0.01,0
C2_n0.01_d000_r02,C2,202607,8.48,8.48,0.0,0.24310630209067763,0.24892446854812672,0.2485558606999549,NEAR,NEAR,0.6,1,,,0.01,0
C2_n0.01_d000_r02,C2,202607,8.5,8.5,0.0,0.24118322121561292,0.23371555867538948,0.24484578519381353,NEAR,NEAR,0.6,1,,,0.01,0
C2_n0.01_d000_r02,C2,202607,8.52,8.52,0.0,0.2394602504530173,0.24861078763073186,0.24578703580304312,NEAR,NEAR,0.6,1,,,0.01,0
C2_n0.01_d000_r02,C2,202607,8.54,8.54,0.0,0.23797649522693692,0.22803767625321641,0.24134969591558642,NEAR,NEAR,0.6,1,,,0.01,0
C2_n0.01_d000_r02,C2,202607,8.56,8.56,0.0,0.23676563160347566,0.23274160537010946,0.23919767327921718,NEAR,NEAR,0.6,1,,,0.01,0
C2_n0.01_d000_r02,C2,202607,8.58,8.58,0.0,0.23585514196160703,0.21546718674643042,0.2332650516460205,NEAR,NEAR,0.6,1,,,0.01,0
C2_n0.01_d000_r02,C2,202607,8.6,8.6,0.0,0.23526569123906968,0.23257038397525873,0.23309138472833005,NEAR,NEAR,0.6,1,,,0.01,0
C2_n0.01_d000_r02,C2,202607,8.62,8.62,0.0,0.23501065791039116,0.24123904348102435,0.23512829941650362,NEAR,NEAR,0.6,1,,,0.01,0
C2_n0.01_d000_r02,C2,202607,8.64,8.64,0.0,0.23509583034219989,0.21791391441747796,0.23082470316674722,NEAR,NEAR,0.6,1,,,0.01,0
C2_n0.01_d000_r02,C2,202607,8.66,8.66,0.0,0.2355192754175009,0.23066234412013223,0.23078411340509347,NEAR,NEAR,0.6,1,,,0.01,0
C2_n0.01_d000_r02,C2,202607,8.68,8.68,0.0,0.23627138241068624,0.23448029450272936,0.23170815867950245,NEAR,NEAR,0.6,1,,,0.01,0
C2_n0.01_d000_r02,C2,202607,8.7,8.7,0.0,0.23733508111746973,0.22310915211312424,0.2295584070379079,NEAR,NEAR,0.6,1,,,0.01,0
C2_n0.01_d000_r02,C2,202607,8.72,8.72,0.0,0.2386862292889585,0.24680415279348772,0.23386984347680284,NEAR,NEAR,0.6,1,,,0.01,0
C2_n0.01_d000_r02,C2,202607,8.74,8.74,0.0,0.24029416057645836,0.25582474959116763,0.23935857000539404,NEAR,NEAR,0.6,1,,,0.01,0
C2_n0.01_d000_r02,C2,202607,8.76,8.76,0.0,0.24212238055058052,0.23766917830316647,0.23893622207983714,NEAR,NEAR,0.6,1,,,0.01,0
C2_n0.01_d000_r02,C2,202607,8.78,8.78,0.0,0.24412939499744188,0.24230272673746275,0.23977784824424356,NEAR,NEAR,0.6,1,,,0.01,0
C2_n0.01_d000_r02,C2,202607,8.8,8.8,0.0,0.24626965169252724,0.2536261166213336,0.24323991533851608,NEAR,NEAR,0.6,1,,,0.01,0
C2_n0.01_d000_r02,C2,202607,8.82,8.82,0.0,0.2484945742772318,0.26000096816525486,0.24743017854520077,NEAR,NEAR,0.6,1,,,0.01,0
C2_n0.01_d000_r02,C2,202607,8.84,8.84,0.0,0.2507536647726965,0.23601083891417018,0.24457534363744313,NEAR,NEAR,0.6,1,,,0.01,0
C2_n0.01_d000_r02,C2,202607,8.86,8.86,0.0,0.25299564970771604,0.26060213790800685,0.24858204220508406,NEAR,NEAR,0.6,1,,,0.01,0
C2_n0.01_d000_r02,C2,202607,8.88,8.88,0.0,0.2551696438476178,0.24572565651013495,0.2478679457813468,NEAR,NEAR,0.6,1,,,0.01,0
C2_n0.01_d000_r02,C2,202607,8.9,8.9,0.0,0.2572263051115258,0.2674589118905344,0.2527656873086437,NEAR,NEAR,0.6,1,,,0.01,0
C2_n0.01_d000_r02,C2,202607,8.92,8.92,0.0,0.25911895446541905,0.26472055182664356,0.25575440343814365,NEAR,NEAR,0.6,1,,,0.01,0
C2_n0.01_d000_r02,C2,202607,8.94,8.94,0.0,0.26080463537331855,0.24863695665003394,0.25397504174111624,NEAR,NEAR,0.6,1,,,0.01,0
C2_n0.01_d000_r02,C2,202607,8.96,8.96,0.0,0.2622450887607578,0.2657187957319267,0.25691098023881886,NEAR,NEAR,0.6,1,,,0.01,0
C2_n0.01_d000_r02,C2,202607,8.98,8.98,0.0,0.263407621362269,0.26458104120418796,0.2588284954801611,NEAR,NEAR,0.6,1,,,0.01,0
C2_n0.01_d000_r02,C2,202607,9.0,9.0,0.0,0.2642658477444273,0.2698512414568894,0.2615841819743432,NEAR,NEAR,0.6,1,,,0.01,0
C2_n0.01_d000_r02,C2,202607,9.02,9.02,0.0,0.264800289163118,0.26636691504876225,0.26277986524294794,NEAR,NEAR,0.6,1,,,0.01,0
C2_n0.01_d000_r02,C2,202607,9.04,9.04,0.0,0.2649988156630572,0.2718332763070272,0.26504321800896774,NEAR,NEAR,0.6,1,,,0.01,0
C2_n0.01_d000_r02,C2,202607,9.06,9.06,0.0,0.26485692138544975,0.26628205371096364,0.2653529269344667,NEAR,NEAR,0.6,1,,,0.01,0
C2_n0.01_d000_r02,C2,202607,9.08,9.08,0.0,0.2643778268352606,0.2627803074477536,0.26470977206278845,NEAR,NEAR,0.6,1,,,0.01,0
C2_n0.01_d000_r02,C2,202607,9.1,9.1,0.0,0.2635724057869903,0.2707648703000732,0.2662235466221096,NEAR,NEAR,0.6,1,,,0.01,0
C2_n0.01_d000_r02,C2,202607,9.12,9.12,0.0,0.2624589384879372,0.2738830055815699,0.2681384113619747,NEAR,NEAR,0.6,1,,,0.01,0
C2_n0.01_d000_r02,C2,202607,9.14,9.14,0.0,0.2610626967603726,0.25512660969563117,0.2648854609453888,NEAR,NEAR,0.6,1,,,0.01,0
C2_n0.01_d000_r02,C2,202607,9.16,9.16,0.0,0.25941537041936047,0.2576017986348596,0.2630645453677565,NEAR,NEAR,0.6,1,,,0.01,0
C2_n0.01_d000_r02,C2,202607,9.18,9.18,0.0,0.2575543480245365,0.24277378199198307,0.2579918545238131,NEAR,NEAR,0.6,1,,,0.01,0
C2_n0.01_d000_r02,C2,202607,9.2,9.2,0.0,0.25552186829027024,0.25461230218319036,0.2571469664386574,NEAR,NEAR,0.6,1,,,0.01,0
C2_n0.01_d000_r02,C2,202607,9.22,9.22,0.0,0.25336406141424067,0.2565913490432037,0.257008062089794,NEAR,NEAR,0.6,1,,,0.01,0
C2_n0.01_d000_r02,C2,202607,9.24,9.24,0.0,0.25112990208291897,0.25319224554449926,0.2560541079534703,NEAR,NEAR,0.6,1,,,0.01,0
C2_n0.01_d000_r02,C2,202607,9.26,9.26,0.0,0.24887009791708103,0.24094955535104046,0.2522779698028628,NEAR,NEAR,0.6,1,,,0.01,0
C2_n0.01_d000_r02,C2,202607,9.28,9.28,0.0,0.24663593858575936,0.24247056175895443,0.24982611779188574,NEAR,NEAR,0.6,1,,,0.01,0
C2_n0.01_d000_r02,C2,202607,9.3,9.3,0.0,0.24447813170972976,0.23738671561480065,0.24671626724761447,NEAR,NEAR,0.6,1,,,0.01,0
C2_n0.01_d000_r02,C2,202607,9.32,9.32,0.0,0.24244565197546356,0.23773993328280943,0.24447218375641322,NEAR,NEAR,0.6,1,,,0.01,0
C2_n0.01_d000_r02,C2,202607,9.34,9.34,0.0,0.2405846295806395,0.25080835423797165,0.24605622637680283,NEAR,NEAR,0.6,1,,,0.01,0
C2_n0.01_d000_r02,C2,202607,9.36,9.36,0.0,0.23893730323962742,0.22628294446178965,0.24111290589804954,NEAR,NEAR,0.6,1,,,0.01,0
C2_n0.01_d000_r02,C2,202607,9.38,9.38,0.0,0.23754106151206275,0.25230047934791605,0.24390979926051615,NEAR,NEAR,0.6,1,,,0.01,0
C2_n0.01_d000_r02,C2,202607,9.4,9.4,0.0,0.23642759421300968,0.22402680570493896,0.23893905087162184,NEAR,NEAR,0.6,1,,,0.01,0
C2_n0.01_d000_r02,C2,202607,9.42,9.42,0.0,0.23562217316473935,0.22907348363184338,0.23647265906167725,NEAR,NEAR,0.6,1,,,0.01,0
C2_n0.01_d000_r02,C2,202607,9.44,9.44,0.0,0.23514307861455025,0.2320403270498491,0.23536457605872022,NEAR,NEAR,0.6,1,,,0.01,0
C2_n0.01_d000_r02,C2,202607,9.46,9.46,0.0,0.23500118433694275,0.23771589735851423,0.2359524063836687,NEAR,NEAR,0.6,1,,,0.01,0
C2_n0.01_d000_r02,C2,202607,9.48,9.48,0.0,0.235199710836882,0.25201689256272974,0.23996852792843398,NEAR,NEAR,0.6,1,,,0.01,0
C2_n0.01_d000_r02,C2,202607,9.5,9.5,0.0,0.2357341522555727,0.246889906550756,0.24169887258401446,NEAR,NEAR,0.6,1,,,0.01,0
C2_n0.01_d000_r02,C2,202607,9.52,9.52,0.0,0.23659237863773103,0.2502862905906707,0.24384572708567853,NEAR,NEAR,0.6,1,,,0.01,0
C2_n0.01_d000_r02,C2,202607,9.54,9.54,0.0,0.2377549112392422,0.2254085514227008,0.2392364331699341,NEAR,NEAR,0.6,1,,,0.01,0
C2_n0.01_d000_r02,C2,202607,9.56,9.56,0.0,0.23919536462668142,0.2404436670455703,0.23953824163884313,NEAR,NEAR,0.6,1,,,0.01,0
C2_n0.01_d000_r02,C2,202607,9.58,9.58,0.0,0.24088104553458092,0.24401556392650658,0.24065757221075898,NEAR,NEAR,0.6,1,,,0.01,0
C2_n0.01_d000_r02,C2,202607,9.6,9.6,0.0,0.24277369488847422,0.2600001640745292,0.24549322017670153,NEAR,NEAR,0.6,1,,,0.01,0
C2_n0.01_d000_r02,C2,202607,9.62,9.62,0.0,0.24483035615238213,0.27088148007273827,0.2518402851507107,NEAR,NEAR,0.6,1,,,0.01,0
C2_n0.01_d000_r02,C2,202607,9.64,9.64,0.0,0.24700435029228393,0.2661235948679791,0.2554111125800278,NEAR,NEAR,0.6,1,,,0.01,0
C2_n0.01_d000_r02,C2,202607,9.66,9.66,0.0,0.24924633522730347,0.24035011596094813,0.25164586342525785,NEAR,NEAR,0.6,1,,,0.01,0
C2_n0.01_d000_r02,C2,202607,9.68,9.68,0.0,0.2515054257227682,0.2525132818344769,0.2518627180275626,NEAR,NEAR,0.6,1,,,0.01,0
C2_n0.01_d000_r02,C2,202607,9.7,9.7,0.0,0.25373034830747276,0.2518619453188438,0.2518625248503829,NEAR,NEAR,0.6,1,,,0.01,0
C2_n0.01_d000_r02,C2,202607,9.72,9.72,0.0,0.2558706050025581,0.24362659155399752,0.24980354152628653,NEAR,NEAR,0.6,1,,,0.01,0
C2_n0.01_d000_r02,C2,202607,9.74,9.74,0.0,0.25787761944941945,0.2518713516094013,0.25032049404706525,NEAR,NEAR,0.6,1,,,0.01,0
C2_n0.01_d000_r02,C2,202607,9.76,9.76,0.0,0.25970583942354164,0.28398835607121986,0.2587374595531039,NEAR,NEAR,0.6,1,,,0.01,0
C2_n0.01_d000_r02,C2,202607,9.78,9.78,0.0,0.2613137707110415,0.25549691434744093,0.25792732325168816,NEAR,NEAR,0.6,1,,,0.01,0
C2_n0.01_d000_r02,C2,202607,9.8,9.8,0.0,0.26266491888253024,0.27642931206208,0.26255282045428613,NEAR,NEAR,0.6,1,,,0.01,0
C2_n0.01_d000_r02,C2,202607,9.82,9.82,0.0,0.26372861758931376,0.26092872156293934,0.2621467957314494,NEAR,NEAR,0.6,1,,,0.01,0
C2_n0.01_d000_r02,C2,202607,9.84,9.84,0.0,0.2644807245824991,0.2544527268209711,0.2602232785038298,NEAR,NEAR,0.6,1,,,0.01,0
C2_n0.01_d000_r02,C2,202607,9.86,9.86,0.0,0.2649041696578001,0.2655138987723851,0.2615459335709686,NEAR,NEAR,0.6,1,,,0.01,0
C2_n0.01_d000_r02,C2,202607,9.88,9.88,0.0,0.26498934208960884,0.26714170758553635,0.26294487707461056,NEAR,NEAR,0.6,1,,,0.01,0
C2_n0.01_d000_r02,C2,202607,9.9,9.9,0.0,0.26473430876093035,0.2765738091078865,0.2663521100829295,NEAR,NEAR,0.6,1,,,0.01,0
C2_n0.01_d000_r02,C2,202607,9.92,9.92,0.0,0.264144858038393,0.28300949677327847,0.2705164567555167,NEAR,NEAR,0.6,1,,,0.01,0
C2_n0.01_d000_r02,C2,202607,9.94,9.94,0.0,0.2632343683965243,0.26682058647937035,0.26959248918648016,NEAR,NEAR,0.6,1,,,0.01,0
C2_n0.01_d000_r02,C2,202607,9.96,9.96,0.0,0.2620235047730631,0.25892795411307357,0.2669263554181285,NEAR,NEAR,0.6,1,,,0.01,0
C2_n0.01_d000_r02,C2,202607,9.98,9.98,0.0,0.2605397495469827,0.24441303583219398,0.26129802552164483,NEAR,NEAR,0.6,1,,,0.01,0
C2_n0.01_d000_r02,C2,202607,10.0,10.0,0.0,0.2588167787843871,0.24727734826030587,0.2577928562063101,NEAR,NEAR,0.6,1,,,0.01,0
C2_n0.01_d000_r02,C2,202607,10.02,10.02,0.0,0.25689369790932237,0.2537317717614244,0.2567775850950887,NEAR,NEAR,0.6,1,,,0.01,0
C2_n0.01_d000_r02,C2,202607,10.04,10.04,0.0,0.25481415414710823,0.25218210959340137,0.2556287162196669,NEAR,NEAR,0.6,1,,,0.01,0
C2_n0.01_d000_r02,C2,202607,10.06,10.06,0.0,0.2526253458846291,0.2552354212979245,0.25553039248923126,NEAR,NEAR,0.6,1,,,0.01,0
C2_n0.01_d000_r02,C2,202607,10.08,10.08,0.0,0.25037695143165006,0.25883431425103515,0.2563563729296822,NEAR,NEAR,0.6,1,,,0.01,0
C2_n0.01_d000_r02,C2,202607,10.1,10.1,0.0,0.24812000149653549,0.23832885210294058,0.2518494927229968,NEAR,NEAR,0.6,1,,,0.01,0
C2_n0.01_d000_r02,C2,202607,10.12,10.12,0.0,0.24590572096724023,0.252859541891366,0.25210200501508906,NEAR,NEAR,0.6,1,,,0.01,0
C2_n0.01_d000_r02,C2,202607,10.14,10.14,0.0,0.24378436628510067,0.2473143073996287,0.25090508061122396,NEAR,NEAR,0.6,1,,,0.01,0
C2_n0.01_d000_r02,C2,202607,10.16,10.16,0.0,0.24180408479898596,0.23903482083776062,0.24793751566785813,NEAR,NEAR,0.6,1,,,0.01,0
C2_n0.01_d000_r02,C2,202607,10.18,10.18,0.0,0.24000982198848625,0.247657509909844,0.2478675142283546,NEAR,NEAR,0.6,1,,,0.01,0
C2_n0.01_d000_r02,C2,202607,10.2,10.2,0.0,0.23844230135836322,0.24266495901850157,0.24656687542589134,NEAR,NEAR,0.6,1,,,0.01,0
C2_n0.01_d000_r02,C2,202607,10.22,10.22,0.0,0.2371371001570952,0.2471776723994633,0.24671957466928432,NEAR,NEAR,0.6,1,,,0.01,0
C2_n0.01_d000_r02,C2,202607,10.24,10.24,0.0,0.23612384189748312,0.24014496916507364,0.24507592329323166,NEAR,NEAR,0.6,1,,,0.01,0
C2_n0.01_d000_r02,C2,202607,10.26,10.26,0.0,0.2354255240062799,0.24003595725886,0.24381593178463873,NEAR,NEAR,0.6,1,,,0.01,0
C2_n0.01_d000_r02,C2,202607,10.28,10.28,0.0,0.23505799586285242,0.228618977763121,0.2400166932792593,NEAR,NEAR,0.6,1,,,0.01,0
C2_n0.01_d000_r02,C2,202607,10.3,10.3,0.0,0.23502959907357593,0.21607073223549333,0.2340302030183178,NEAR,NEAR,0.6,1,,,0.01,0
C2_n0.01_d000_r02,C2,202607,10.32,10.32,0.0,0.23534097814647711,0.22154036723224016,0.2309077440717984,NEAR,NEAR,0.6,1,,,0.01,0
C2_n0.01_d000_r02,C2,202607,10.34,10.34,0.0,0.23598506586315082,0.2341680758091602,0.23172282700613886,NEAR,NEAR,0.6,1,,,0.01,0
C2_n0.01_d000_r02,C2,202607,10.36,10.36,0.0,0.23694724367995706,0.2302858968622947,0.23136359447017782,NEAR,NEAR,0.6,1,,,0.01,0
C2_n0.01_d000_r02,C2,202607,10.38,10.38,0.0,0.23820567351795077,0.24565507943947473,0.23493646571250204,NEAR,NEAR,0.6,1,,,0.01,0
C2_n0.01_d000_r02,C2,202607,10.4,10.4,0.0,0.2397317934110697,0.2373103004822522,0.23552992440493958,NEAR,NEAR,0.6,1,,,0.01,0
C2_n0.01_d000_r02,C2,202607,10.42,10.42,0.0,0.24149096576309861,0.2588883831451691,0.24136953908999698,NEAR,NEAR,0.6,1,,,0.01,0
C2_n0.01_d000_r02,C2,202607,10.44,10.44,0.0,0.24344326350023596,0.26592425427828525,0.24750821788706903,NEAR,NEAR,0.6,1,,,0.01,0
C2_n0.01_d000_r02,C2,202607,10.46,10.46,0.0,0.2455443762763446,0.22991908145106782,0.24311093377806875,NEAR,NEAR,0.6,1,,,0.01,0
C2_n0.01_d000_r02,C2,202607,10.48,10.48,0.0,0.24774661616318866,0.25061019416131725,0.24498574887388086,NEAR,NEAR,0.6,1,,,0.01,0
C2_n0.01_d000_r02,C2,202607,10.5,10.5,0.0,0.25,0.2543047789733001,0.24731550639873567,NEAR,NEAR,0.6,1,,,0.01,0
C2_n0.01_d000_r02,C2,202607,10.52,10.52,0.0,0.2522533838368113,0.2587270332920957,0.25016838812207565,NEAR,NEAR,0.6,1,,,0.01,0
C2_n0.01_d000_r02,C2,202607,10.54,10.54,0.0,0.2544556237236554,0.2405958493221589,0.24777525342209647,NEAR,NEAR,0.6,1,,,0.01,0
C2_n0.01_d000_r02,C2,202607,10.56,10.56,0.0,0.256556736499764,0.2527503970462335,0.24901903932813071,NEAR,NEAR,0.6,1,,,0.01,0
C2_n0.01_d000_r02,C2,202607,10.58,10.58,0.0,0.25850903423690136,0.2452209042165665,0.24806950555023966,NEAR,NEAR,0.6,1,,,0.01,0
C2_n0.01_d000_r02,C2,202607,10.6,10.6,0.0,0.2602682065889303,0.2531163609230258,0.2493312193934362,NEAR,NEAR,0.6,1,,,0.01,0
C2_n0.01_d000_r02,C2,202607,10.62,10.62,0.0,0.2617943264820492,0.2516343209101522,0.2499069947726152,NEAR,NEAR,0.6,1,,,0.01,0
C2_n0.01_d000_r02,C2,202607,10.64,10.64,0.0,0.26305275632004294,0.2639130961064129,0.2534085201060646,NEAR,NEAR,0.6,1,,,0.01,0
C2_n0.01_d000_r02,C2,202607,10.66,10.66,0.0,0.2640149341368492,0.24976579053211126,0.2524978377125763,NEAR,NEAR,0.6,1,,,0.01,0
C2_n0.01_d000_r02,C2,202607,10.68,10.68,0.0,0.2646590218535229,0.2674984510746667,0.25624799105309887,NEAR,NEAR,0.6,1,,,0.01,0
C2_n0.01_d000_r02,C2,202607,10.7,10.7,0.0,0.26497040092642404,0.2554978147786606,0.2560604469844893,NEAR,NEAR,0.6,1,,,0.01,0
C2_n0.01_d000_r02,C2,202607,10.72,10.72,0.0,0.2649420041371476,0.2556000059002943,0.25594533671344055,NEAR,NEAR,0.6,1,,,0.01,0
C2_n0.01_d000_r02,C2,202607,10.74,10.74,0.0,0.2645744759937201,0.2556376660875399,0.2558684190569654,NEAR,NEAR,0.6,1,,,0.01,0
C2_n0.01_d000_r02,C2,202607,10.76,10.76,0.0,0.26387615810251686,0.27328547928013364,0.26022268411275745,NEAR,NEAR,0.6,1,,,0.01,0
C2_n0.01_d000_r02,C2,202607,10.78,10.78,0.0,0.26286289984290484,0.259245933600459,0.25997849648468285,NEAR,NEAR,0.6,1,,,0.01,0
C2_n0.01_d000_r02,C2,202607,10.8,10.8,0.0,0.2615576986416368,0.2769764614786379,0.26422798773317163,NEAR,NEAR,0.6,1,,,0.01,0
C2_n0.01_d000_r02,C2,202607,10.82,10.82,0.0,0.25999017801151375,0.28267062954536537,0.26883864818622005,NEAR,NEAR,0.6,1,,,0.01,0
C2_n0.01_d000_r02,C2,202607,10.84,10.84,0.0,0.25819591520101404,0.26192604863969654,0.26711049829958916,NEAR,NEAR,0.6,1,,,0.01,0
C2_n0.01_d000_r02,C2,202607,10.86,10.86,0.0,0.25621563371489936,0.25325764518964644,0.2636472850221035,NEAR,NEAR,0.6,1,,,0.01,0
C2_n0.01_d000_r02,C2,202607,10.88,10.88,0.0,0.2540942790327598,0.2581361355565533,0.26226949765571594,NEAR,NEAR,0.6,1,,,0.01,0
C2_n0.01_d000_r02,C2,202607,10.9,10.9,0.0,0.2518799985034645,0.2581550332841978,0.2612408815628364,NEAR,NEAR,0.6,1,,,0.01,0
C2_n0.01_d000_r02,C2,202607,10.92,10.92,0.0,0.24962304856834996,0.24713625622492105,0.2577147252283576,NEAR,NEAR,0.6,1,,,0.01,0
C2_n0.01_d000_r02,C2,202607,10.94,10.94,0.0,0.24737465411537093,0.24537891878668663,0.25463077361793984,NEAR,NEAR,0.6,1,,,0.01,0
C2_n0.01_d000_r02,C2,202607,10.96,10.96,0.0,0.24518584585289174,0.24914140519969705,0.2532584315133791,NEAR,NEAR,0.6,1,,,0.01,0
C2_n0.01_d000_r02,C2,202607,10.98,10.98,0.0,0.24310630209067766,0.23192048597049544,0.2479239451276582,NEAR,NEAR,0.6,1,,,0.01,0
C2_n0.01_d000_r02,C2,202607,11.0,11.0,0.0,0.24118322121561292,0.25119945005706246,0.24874282136000925,NEAR,NEAR,0.6,1,,,0.01,0
C2_n0.01_d000_r02,C2,202607,11.02,11.02,0.0,0.2394602504530173,0.24252443284591693,0.24718822423148618,NEAR,NEAR,0.6,1,,,0.01,0
C2_n0.01_d000_r02,C2,202607,11.04,11.04,0.0,0.23797649522693692,0.24394903408875976,0.24637842669580456,NEAR,NEAR,0.6,1,,,0.01,0
C2_n0.01_d000_r02,C2,202607,11.06,11.06,0.0,0.2367656316034757,0.2334027801286219,0.2431345150540089,NEAR,NEAR,0.6,1,,,0.01,0
C2_n0.01_d000_r02,C2,202607,11.08,11.08,0.0,0.23585514196160703,0.23599226426152387,0.24134895235588763,NEAR,NEAR,0.6,1,,,0.01,0
C2_n0.01_d000_r02,C2,202607,11.1,11.1,0.0,0.23526569123906968,0.2331746096499772,0.23930536667941002,NEAR,NEAR,0.6,1,,,0.01,0
C2_n0.01_d000_r02,C2,202607,11.12,11.12,0.0,0.23501065791039116,0.24030746553810145,0.23955589139408287,NEAR,NEAR,0.6,1,,,0.01,0
C2_n0.01_d000_r02,C2,202607,11.14,11.14,0.0,0.23509583034219989,0.2612587962812592,0.24498161761587695,NEAR,NEAR,0.6,1,,,0.01,0
C2_n0.01_d000_r02,C2,202607,11.16,11.16,0.0,0.2355192754175009,0.24035668421442913,0.24382538426551498,NEAR,NEAR,0.6,1,,,0.01,0
C2_n0.01_d000_r02,C2,202607,11.18,11.18,0.0,0.2362713824106862,0.23547070944569617,0.24173671556056028,NEAR,NEAR,0.6,1,,,0.01,0
C2_n0.01_d000_r02,C2,202607,11.2,11.2,0.0,0.23733508111746973,0.24020218639170915,0.24135308326834748,NEAR,NEAR,0.6,1,,,0.01,0
C2_n0.01_d000_r02,C2,202607,11.22,11.22,0.0,0.23868622928895847,0.24581128662211638,0.2424676341067897,NEAR,NEAR,0.6,1,,,0.01,0
C2_n0.01_d000_r02,C2,202607,11.24,11.24,0.0,0.24029416057645833,0.23249614498357749,0.23997476182598665,NEAR,NEAR,0.6,1,,,0.01,0
C2_n0.01_d000_r02,C2,202607,11.26,11.26,0.0,0.24212238055058055,0.22625048712008486,0.2365436931495112,NEAR,NEAR,0.6,1,,,0.01,0
C2_n0.01_d000_r02,C2,202607,11.28,11.28,0.0,0.2441293949974419,0.2401858241671375,0.2374542259039178,NEAR,NEAR,0.6,1,,,0.01,0
C2_n0.01_d000_r02,C2,202607,11.3,11.3,0.0,0.24626965169252724,0.24880644467415844,0.24029228059647795,NEAR,NEAR,0.6,1,,,0.01,0
C2_n0.01_d000_r02,C2,202607,11.32,11.32,0.0,0.2484945742772318,0.24986880675559195,0.24268641213625644,NEAR,NEAR,0.6,1,,,0.01,0
C2_n0.01_d000_r02,C2,202607,11.34,11.34,0.0,0.25075366477269656,0.25956457372062036,0.24690595253234743,NEAR,NEAR,0.6,1,,,0.01,0
C2_n0.01_d000_r02,C2,202607,11.36,11.36,0.0,0.252995649707716,0.2675886189379498,0.252076619133748,NEAR,NEAR,0.6,1,,,0.01,0
C2_n0.01_d000_r02,C2,202607,11.38,11.38,0.0,0.2551696438476178,0.24983747335300607,0.2515168326885625,NEAR,NEAR,0.6,1,,,0.01,0
C2_n0.01_d000_r02,C2,202607,11.4,11.4,0.0,0.2572263051115258,0.24437152936202955,0.24973050685692927,NEAR,NEAR,0.6,1,,,0.01,0
C2_n0.01_d000_r02,C2,202607,11.42,11.42,0.0,0.25911895446541905,0.25259774025078746,0.2504473152053938,NEAR,NEAR,0.6,1,,,0.01,0
C2_n0.01_d000_r02,C2,202607,11.44,11.44,0.0,0.26080463537331855,0.26285188278640653,0.253548457100647,NEAR,NEAR,0.6,1,,,0.01,0
C2_n0.01_d000_r02,C2,202607,11.46,11.46,0.0,0.2622450887607578,0.27086619104394943,0.2578778905864726,NEAR,NEAR,0.6,1,,,0.01,0
C2_n0.01_d000_r02,C2,202607,11.48,11.48,0.0,0.263407621362269,0.2619138654413878,0.2588868843002014,NEAR,NEAR,0.6,1,,,0.01,0
C2_n0.01_d000_r02,C2,202607,11.5,11.5,0.0,0.2642658477444273,0.25375347885164606,0.25760353293806254,NEAR,NEAR,0.6,1,,,0.01,0
C2_n0.01_d000_r02,C2,202607,11.52,11.52,0.0,0.264800289163118,0.25741244685263814,0.25755576141670644,NEAR,NEAR,0.6,1,,,0.01,0
C2_n0.01_d000_r02,C2,202607,11.54,11.54,0.0,0.2649988156630572,0.2838168505769042,0.2641210337067559,NEAR,NEAR,0.6,1,,,0.01,0
C2_n0.01_d000_r02,C2,202607,11.56,11.56,0.0,0.26485692138544975,0.2734752731927799,0.2664595935782619,NEAR,NEAR,0.6,1,,,0.01,0
C2_n0.01_d000_r02,C2,202607,11.58,11.58,0.0,0.2643778268352606,0.26783382604375255,0.26680315169463453,NEAR,NEAR,0.6,1,,,0.01,0
C2_n0.01_d000_r02,C2,202607,11.6,11.6,0.0,0.2635724057869903,0.25520307494873407,0.26390313250815944,NEAR,NEAR,0.6,1,,,0.01,0
C2_n0.01_d000_r02,C2,202607,11.62,11.62,0.0,0.2624589384879373,0.24641347659610532,0.2595307185301459,NEAR,NEAR,0.6,1,,,0.01,0
C2_n0.01_d000_r02,C2,202607,11.64,11.64,0.0,0.2610626967603726,0.25502023500599785,0.2584030976491089,NEAR,NEAR,0.6,1,,,0.01,0
C2_n0.01_d000_r02,C2,202607,11.66,11.66,0.0,0.2594153704193605,0.25383347723673266,0.2572606925460148,NEAR,NEAR,0.6,1,,,0.01,0
C2_n0.01_d000_r02,C2,202607,11.68,11.68,0.0,0.2575543480245365,0.25536276432088,0.2567862104897311,NEAR,NEAR,0.6,1,,,0.01,0
C2_n0.01_d000_r02,C2,202607,11.7,11.7,0.0,0.25552186829027024,0.25363594754958896,0.2559986447546956,NEAR,NEAR,0.6,1,,,0.01,0
C2_n0.01_d000_r02,C2,202607,11.72,11.72,0.0,0.25336406141424067,0.248231712527413,0.2540569116978749,NEAR,NEAR,0.6,1,,,0.01,0
C2_n0.01_d000_r02,C2,202607,11.74,11.74,0.0,0.25112990208291897,0.26009448407716096,0.25556630479269643,NEAR,NEAR,0.6,1,,,0.01,0
C2_n0.01_d000_r02,C2,202607,11.76,11.76,0.0,0.24887009791708103,0.24816722294591037,0.25371653433099994,NEAR,NEAR,0.6,1,,,0.01,0
C2_n0.01_d000_r02,C2,202607,11.78,11.78,0.0,0.24663593858575936,0.2580895325314548,0.25480978388111364,NEAR,NEAR,0.6,1,,,0.01,0
C2_n0.01_d000_r02,C2,202607,11.8,11.8,0.0,0.2444781317097298,0.23551444501925745,0.2499859491656496,NEAR,NEAR,0.6,1,,,0.01,0
C2_n0.01_d000_r02,C2,202607,11.82,11.82,0.0,0.24244565197546356,0.244312388326397,0.24856755895583646,NEAR,NEAR,0.6,1,,,0.01,0
C2_n0.01_d000_r02,C2,202607,11.84,11.84,0.0,0.2405846295806395,0.229921626114477,0.24390607574549658,NEAR,NEAR,0.6,1,,,0.01,0
C2_n0.01_d000_r02,C2,202607,11.86,11.86,0.0,0.23893730323962745,0.21797910359459047,0.23742433270777005,NEAR,NEAR,0.6,1,,,0.01,0
C2_n0.01_d000_r02,C2,202607,11.88,11.88,0.0,0.23754106151206278,0.22991848667247164,0.23554787119894544,NEAR,NEAR,0.6,1,,,0.01,0
C2_n0.01_d000_r02,C2,202607,11.9,11.9,0.0,0.23642759421300968,0.2455815166710697,0.23805628256697653,NEAR,NEAR,0.6,1,,,0.01,0
C2_n0.01_d000_r02,C2,202607,11.92,11.92,0.0,0.23562217316473938,0.24130880497551832,0.23886941316911198,NEAR,NEAR,0.6,1,,,0.01,0
C2_n0.01_d000_r02,C2,202607,11.94,11.94,0.0,0.23514307861455025,0.2201757425394169,0.23419599551168818,NEAR,NEAR,0.6,1,,,0.01,0
C2_n0.01_d000_r02,C2,202607,11.96,11.96,0.0,0.23500118433694275,0.2310879512318425,0.23341898444172676,NEAR,NEAR,0.6,1,,,0.01,0
C2_n0.01_d000_r02,C2,202607,11.98,11.98,0.0,0.235199710836882,0.24496059711232224,0.23630438760937564,NEAR,NEAR,0.6,1,,,0.01,0
C2_n0.01_d000_r02,C2,202607,12.0,12.0,0.0,0.25,0.24970470818240117,0.23965446775263202,NEAR,NEAR,0.6,1,,,0.01,0
C2_n0.01_d000_r02,C2,202607,12.02,12.02,0.0,0.25175,0.23937176257068207,0.23958379145714453,NEAR,NEAR,0.6,1,,,0.01,0
C2_n0.01_d000_r02,C2,202607,12.04,12.04,0.0,0.25349999999999995,0.2666824765048024,0.24635846271905898,NEAR,NEAR,0.6,1,,,0.01,0
C2_n0.01_d000_r02,C2,202607,12.06,12.06,0.0,0.25525000000000003,0.26107987960737583,0.2500388169411382,NEAR,NEAR,0.6,1,,,0.01,0
C2_n0.01_d000_r02,C2,202607,12.08,12.08,0.0,0.257,0.26793965701344075,0.2545140269592138,NEAR,NEAR,0.6,1,,,0.01,0
C2_n0.01_d000_r02,C2,202607,12.1,12.1,0.0,0.25875,0.2522405076240018,0.2539456471254108,NEAR,NEAR,0.6,1,,,0.01,0
C2_n0.01_d000_r02,C2,202607,12.12,12.12,0.0,0.26049999999999995,0.2517422534467286,0.2533947987057402,NEAR,NEAR,0.6,1,,,0.01,0
C2_n0.01_d000_r02,C2,202607,12.14,12.14,0.0,0.26225000000000004,0.24618315077889902,0.25159188672402993,NEAR,NEAR,0.6,1,,,0.01,0
C2_n0.01_d000_r02,C2,202607,12.16,12.16,0.0,0.264,0.26876196855043866,0.2558844071806321,NEAR,NEAR,0.6,1,,,0.01,0
C2_n0.01_d000_r02,C2,202607,12.18,12.18,0.0,0.26575,0.25967832924594475,0.2568328876969603,NEAR,NEAR,0.6,1,,,0.01,0
C2_n0.01_d000_r02,C2,202607,12.2,12.2,0.0,0.26749999999999996,0.2625647746130075,0.2582658594259721,NEAR,NEAR,0.6,1,,,0.01,0
C2_n0.01_d000_r02,C2,202607,12.22,12.22,0.0,0.26925000000000004,0.27388831981448036,0.26217147452309914,NEAR,NEAR,0.6,1,,,0.01,0
C2_n0.01_d000_r02,C2,202607,12.24,12.24,0.0,0.271,0.2704339593120434,0.26423709572033516,NEAR,NEAR,0.6,1,,,0.01,0
C2_n0.01_d000_r02,C2,202607,12.26,12.26,0.0,0.27275,0.27473486056261204,0.26686153693090436,NEAR,NEAR,0.6,1,,,0.01,0
C2_n0.01_d000_r02,C2,202607,12.28,12.28,0.0,0.27449999999999997,0.2668517808924956,0.26685909792130214,NEAR,NEAR,0.6,1,,,0.01,0
C2_n0.01_d000_r02,C2,202607,12.3,12.3,0.0,0.27625000000000005,0.2675589040188769,0.2670340494456958,NEAR,NEAR,0.6,1,,,0.01,0
C2_n0.01_d000_r02,C2,202607,12.32,12.32,0.0,0.278,0.27757068597751866,0.26966820857865154,NEAR,NEAR,0.6,1,,,0.01,0
C2_n0.01_d000_r02,C2,202607,12.34,12.34,0.0,0.27975,0.28137088925917664,0.2725938787487828,NEAR,NEAR,0.6,1,,,0.01,0
C2_n0.01_d000_r02,C2,202607,12.36,12.36,0.0,0.2815,0.282910434071681,0.27517301757950735,NEAR,NEAR,0.6,1,,,0.01,0
C2_n0.01_d000_r02,C2,202607,12.38,12.38,0.0,0.28325000000000006,0.2757471781400184,0.27531655771963515,NEAR,NEAR,0.6,1,,,0.01,0
C2_n0.01_d000_r02,C2,202607,12.4,12.4,0.0,0.28500000000000003,0.29491341553791134,0.2802157721742042,NEAR,NEAR,0.6,1,,,0.01,0
C2_n0.01_d000_r02,C2,202607,12.42,12.42,0.0,0.28675,0.29742598444462853,0.28451832524181025,NEAR,NEAR,0.6,1,,,0.01,0
C2_n0.01_d000_r02,C2,202607,12.44,12.44,0.0,0.2885,0.2764181466402361,0.28249328059141676,NEAR,NEAR,0.6,1,,,0.01,0
C2_n0.01_d000_r02,C2,202607,12.46,12.46,0.0,0.29025000000000006,0.29704302176919983,0.28613071588586253,NEAR,NEAR,0.6,1,,,0.01,0
C2_n0.01_d000_r02,C2,202607,12.48,12.48,0.0,0.29200000000000004,0.2900686941560033,0.2871152104533977,NEAR,NEAR,0.6,1,,,0.01,0
C2_n0.01_d000_r02,C2,202607,12.5,12.5,0.0,0.29375,0.3128258570243189,0.293542872096128,NEAR,NEAR,0.6,1,,,0.01,0
C2_n0.01_d000_r02,C2,202607,12.52,12.52,0.0,0.2955,0.2874058541697464,0.2920086176145326,NEAR,NEAR,0.6,1,,,0.01,0
C2_n0.01_d000_r02,C2,202607,12.54,12.54,0.0,0.2972499999999999,0.31058523728243526,0.29665277253150824,NEAR,NEAR,0.6,1,,,0.01,0
C2_n0.01_d000_r02,C2,202607,12.56,12.56,0.0,0.29900000000000004,0.28542157312797856,0.2938449726806258,NEAR,NEAR,0.6,1,,,0.01,0
C2_n0.01_d000_r02,C2,202607,12.58,12.58,0.0,0.30075,0.28844408204371264,0.2924947500213975,NEAR,NEAR,0.6,1,,,0.01,0
C2_n0.01_d000_r02,C2,202607,12.6,12.6,0.0,0.3025,0.3156343573095069,0.29827965184342486,NEAR,NEAR,0.6,1,,,0.01,0
C2_n0.01_d000_r02,C2,202607,12.62,12.62,0.0,0.3042499999999999,0.3135041999342927,0.3020857888661418,NEAR,NEAR,0.6,1,,,0.01,0
C2_n0.01_d000_r02,C2,202607,12.64,12.64,0.0,0.30600000000000005,0.2974484388661877,0.30092645136615326,NEAR,NEAR,0.6,1,,,0.01,0
C2_n0.01_d000_r02,C2,202607,12.66,12.66,0.0,0.30775,0.3121638196092805,0.3037357934269351,NEAR,NEAR,0.6,1,,,0.01,0
C2_n0.01_d000_r02,C2,202607,12.68,12.68,0.0,0.3095,0.29052613592853904,0.300433379052336,NEAR,NEAR,0.6,1,,,0.01,0
C2_n0.01_d000_r02,C2,202607,12.7,12.7,0.0,0.3112499999999999,0.31206910855017234,0.30334231142679513,NEAR,NEAR,0.6,1,,,0.01,0
C2_n0.01_d000_r02,C2,202607,12.72,12.72,0.0,0.31300000000000006,0.3190770727288331,0.30727600175230463,NEAR,NEAR,0.6,1,,,0.01,0
C2_n0.01_d000_r02,C2,202607,12.74,12.74,0.0,0.31475000000000003,0.3225620506305029,0.3110975139718542,NEAR,NEAR,0.6,1,,,0.01,0
C2_n0.01_d000_r02,C2,202607,12.76,12.76,0.0,0.3165,0.3042242962219867,0.30937920953438736,NEAR,NEAR,0.6,1,,,0.01,0
C2_n0.01_d000_r02,C2,202607,12.78,12.78,0.0,0.3182499999999999,0.3160065080405432,0.3110360341609263,NEAR,NEAR,0.6,1,,,0.01,0
C2_n0.01_d000_r02,C2,202607,12.8,12.8,0.0,0.32000000000000006,0.3194732760822076,0.3131453446412466,NEAR,NEAR,0.6,1,,,0.01,0
C2_n0.01_d000_r02,C2,202607,12.82,12.82,0.0,0.32175000000000004,0.3173980770537753,0.3142085277443788,NEAR,NEAR,0.6,1,,,0.01,0
C2_n0.01_d000_r02,C2,202607,12.84,12.84,0.0,0.3235,0.32973037647618697,0.3180889899273308,NEAR,NEAR,0.6,1,,,0.01,0
C2_n0.01_d000_r02,C2,202607,12.86,12.86,0.0,0.32524999999999993,0.33757512658392896,0.32296052409148035,NEAR,NEAR,0.6,1,,,0.01,0
C2_n0.01_d000_r02,C2,202607,12.88,12.88,0.0,0.32700000000000007,0.3219759672549699,0.3227143848823527,NEAR,NEAR,0.6,1,,,0.01,0
C2_n0.01_d000_r02,C2,202607,12.9,12.9,0.0,0.32875000000000004,0.325848260814701,0.3234978538654398,NEAR,NEAR,0.6,1,,,0.01,0
C2_n0.01_d000_r02,C2,202607,12.92,12.92,0.0,0.3305,0.33801220426413503,0.3271264414651136,NEAR,NEAR,0.6,1,,,0.01,0
C2_n0.01_d000_r02,C2,202607,12.94,12.94,0.0,0.33224999999999993,0.34517150143479175,0.33163770645753315,NEAR,NEAR,0.6,1,,,0.01,0
C2_n0.01_d000_r02,C2,202607,12.96,12.96,0.0,0.3340000000000001,0.34094683098857126,0.3339649875902927,NEAR,NEAR,0.6,1,,,0.01,0
C2_n0.01_d000_r02,C2,202607,12.98,12.98,0.0,0.33575000000000005,0.33201648271497164,0.33347786137146246,NEAR,NEAR,0.6,1,,,0.01,0
C2_n0.01_d000_r02,C2,202607,13.0,13.0,0.0,0.3375,0.32521641072837226,0.3314124987106899,NEAR,NEAR,0.6,1,,,0.01,0
C2_n0.01_d000_r02,C2,202607,13.02,13.02,0.0,0.33924999999999994,0.3391036193882656,0.33333527888008385,NEAR,NEAR,0.6,1,,,0.01,0
C2_n0.01_d000_r02,C2,202607,13.04,13.04,0.0,0.3409999999999999,0.3400742341012261,0.33502001768536943,NEAR,NEAR,0.6,1,,,0.01,0
C2_n0.01_d000_r02,C2,202607,13.06,13.06,0.0,0.34275000000000005,0.3664454710449369,0.3428763810252613,NEAR,NEAR,0.6,1,,,0.01,0
C2_n0.01_d000_r02,C2,202607,13.08,13.08,0.0,0.34450000000000003,0.32238897074942036,0.33775452845630105,NEAR,NEAR,0.6,1,,,0.01,0
C2_n0.01_d000_r02,C2,202607,13.1,13.1,0.0,0.34624999999999995,0.3597421626735116,0.3432514370106037,NEAR,NEAR,0.6,1,,,0.01,0
C2_n0.01_d000_r02,C2,202607,13.12,13.12,0.0,0.3479999999999999,0.3512679227560101,0.34525555844695527,NEAR,NEAR,0.6,1,,,0.01,0
C2_n0.01_d000_r02,C2,202607,13.14,13.14,0.0,0.34975000000000006,0.3480115871200512,0.34594456561522924,NEAR,NEAR,0.6,1,,,0.01,0
C2_n0.01_d000_r02,C2,202607,13.16,13.16,0.0,0.35150000000000003,0.3646026459429287,0.3506090856971541,FAR,NEAR,0.6,1,,,0.01,0
C2_n0.01_d000_r02,C2,202607,13.18,13.18,0.0,0.35324999999999995,0.3532946529683517,0.3512804775149535,FAR,NEAR,0.6,1,,,0.01,0
C2_n0.01_d000_r02,C2,202607,13.2,13.2,0.0,0.3549999999999999,0.36022989539756683,0.3535178319856069,FAR,NEAR,0.6,1,,,0.01,0
C2_n0.01_d000_r02,C2,202607,13.22,13.22,0.0,0.35675000000000007,0.38314523126783157,0.36092468180616305,FAR,NEAR,0.6,1,,,0.01,0
C2_n0.01_d000_r02,C2,202607,13.24,13.24,0.0,0.35850000000000004,0.35605413767882194,0.35970704577432777,FAR,NEAR,0.6,1,,,0.01,0
C2_n0.01_d000_r02,C2,202607,13.26,13.26,0.0,0.36024999999999996,0.36948249891353036,0.36215090905912845,FAR,NEAR,0.6,1,,,0.01,0
C2_n0.01_d000_r02,C2,202607,13.28,13.28,0.0,0.36199999999999993,0.3555588862067879,0.3605029033460433,FAR,NEAR,0.6,1,,,0.01,0
C2_n0.01_d000_r02,C2,202607,13.3,13.3,0.0,0.3637500000000001,0.36423582623257045,0.3614361340676751,FAR,NEAR,0.6,1,,,0.01,0
C2_n0.01_d000_r02,C2,202607,13.32,13.32,0.0,0.36550000000000005,0.3620264635088925,0.3615837164279795,FAR,NEAR,0.6,1,,,0.01,0
C2_n0.01_d000_r02,C2,202607,13.34,13.34,0.0,0.36724999999999997,0.3581702120883218,0.36073034034306506,FAR,NEAR,0.6,1,,,0.01,0
C2_n0.01_d000_r02,C2,202607,13.36,13.36,0.0,0.36899999999999994,0.3580592464433505,0.3600625668681364,FAR,NEAR,0.6,1,,,0.01,0
C2_n0.01_d000_r02,C2,202607,13.38,13.38,0.0,0.3707500000000001,0.3806864986120821,0.3652185498041228,FAR,NEAR,0.6,1,,,0.01,0
C2_n0.01_d000_r02,C2,202607,13.4,13.4,0.0,0.37250000000000005,0.3697756126189881,0.3663578155078392,FAR,NEAR,0.6,1,,,0.01,0
C2_n0.01_d000_r02,C2,202607,13.42,13.42,0.0,0.37424999999999997,0.3593305555432541,0.36460100051669286,FAR,NEAR,0.6,1,,,0.01,0
C2_n0.01_d000_r02,C2,202607,13.44,13.44,0.0,0.37599999999999995,0.3719718682221617,0.3664437174430601,FAR,NEAR,0.6,1,,,0.01,0
C2_n0.01_d000_r02,C2,202607,13.46,13.46,0.0,0.37775000000000003,0.38726053555952383,0.371647921972176,FAR,NEAR,0.6,1,,,0.01,0
C2_n0.01_d000_r02,C2,202607,13.48,13.48,0.0,0.37950000000000006,0.38000673889118314,0.3737376262019278,FAR,NEAR,0.6,1,,,0.01,0
C2_n0.01_d000_r02,C2,202607,13.5,13.5,0.0,0.38125,0.3712933048613316,0.37312654586677874,FAR,NEAR,0.6,1,,,0.01,0
C2_n0.01_d000_r02,C2,202607,13.52,13.52,0.0,0.38299999999999995,0.3783581206761795,0.3744344395691289,FAR,NEAR,0.6,1,,,0.01,0
C2_n0.01_d000_r02,C2,202607,13.54,13.54,0.0,0.3847499999999999,0.3876415831490765,0.3777362254641158,FAR,NEAR,0.6,1,,,0.01,0
C2_n0.01_d000_r02,C2,202607,13.56,13.56,0.0,0.38650000000000007,0.3803732554311762,0.3783954829558809,FAR,NEAR,0.6,1,,,0.01,0
C2_n0.01_d000_r02,C2,202607,13.58,13.58,0.0,0.38825,0.37958031275791093,0.3786916904063884,FAR,NEAR,0.6,1,,,0.01,0
C2_n0.01_d000_r02,C2,202607,13.6,13.6,0.0,0.38999999999999996,0.400018111527825,0.38402329568674753,FAR,FAR,0.0,1,EXIT_NEAR,,0.01,0
C2_n0.01_d000_r02,C2,202607,13.62,13.62,0.0,0.39174999999999993,0.4075989835144545,0.38991721764367426,FAR,FAR,0.0,1,,,0.01,0
C2_n0.01_d000_r02,C2,202607,13.64,13.64,0.0,0.39350000000000007,0.38430517724704516,0.388514207544517,FAR,FAR,0.0,1,,,0.01,0
C2_n0.01_d000_r02,C2,202607,13.66,13.66,0.0,0.39525,0.4093285808649756,0.39371780087463165,FAR,FAR,0.0,1,,,0.01,0
C2_n0.01_d000_r02,C2,202607,13.68,13.68,0.0,0.39699999999999996,0.39987085470442785,0.3952560643320807,FAR,FAR,0.0,1,,,0.01,0
C2_n0.01_d000_r02,C2,202607,13.7,13.7,0.0,0.39874999999999994,0.4007002684606609,0.3966171153642257,FAR,FAR,0.0,1,,,0.01,0
C2_n0.01_d000_r02,C2,202607,13.72,13.72,0.0,0.4005000000000001,0.38646612593058355,0.39407936800581517,FAR,FAR,0.0,1,,,0.01,0
C2_n0.01_d000_r02,C2,202607,13.74,13.74,0.0,0.40225,0.40290125349975314,0.39628483937929965,FAR,FAR,0.0,1,,,0.01,0
C2_n0.01_d000_r02,C2,202607,13.76,13.76,0.0,0.40399999999999997,0.41048147016533687,0.3998339970758089,FAR,FAR,0.0,1,,,0.01,0
C2_n0.01_d000_r02,C2,202607,13.78,13.78,0.0,0.40574999999999994,0.42736885333758284,0.4067177111412524,FAR,FAR,0.0,1,,,0.01,0
C2_n0.01_d000_r02,C2,202607,13.8,13.8,0.0,0.4075000000000001,0.40757317395756726,0.4069315768453311,FAR,FAR,0.0,1,,,0.01,0
C2_n0.01_d000_r02,C2,202607,13.82,13.82,0.0,0.40925,0.39210628376105416,0.40322525357426187,FAR,FAR,0.0,1,,,0.01,0
C2_n0.01_d000_r02,C2,202607,13.84,13.84,0.0,0.411,0.40866474025411137,0.4045851252442242,FAR,FAR,0.0,1,,,0.01,0
C2_n0.01_d000_r02,C2,202607,13.86,13.86,0.0,0.41274999999999995,0.4042098619955218,0.4044913094320486,FAR,FAR,0.0,1,,,0.01,0
C2_n0.01_d000_r02,C2,202607,13.88,13.88,0.0,0.4145000000000001,0.40496277201751735,0.40460917507841576,FAR,FAR,0.0,1,,,0.01,0
C2_n0.01_d000_r02,C2,202607,13.9,13.9,0.0,0.41625,0.41932487867201645,0.40828810097681595,FAR,FAR,0.0,1,,,0.01,0
C2_n0.01_d000_r02,C2,202607,13.92,13.92,0.0,0.418,0.4279942138481871,0.41321462919465873,FAR,FAR,0.0,1,,,0.01,0
C2_n0.01_d000_r02,C2,202607,13.94,13.94,0.0,0.41974999999999996,0.4255478431573517,0.416297932685332,FAR,FAR,0.0,1,,,0.01,0
C2_n0.01_d000_r02,C2,202607,13.96,13.96,0.0,0.4215000000000001,0.40620703886463005,0.41377520923015654,FAR,FAR,0.0,1,,,0.01,0
C2_n0.01_d000_r02,C2,202607,13.98,13.98,0.0,0.42325,0.4067896524752475,0.41202882004142927,FAR,FAR,0.0,1,,,0.01,0
C2_n0.01_d000_r02,C2,202607,14.0,14.0,0.0,0.425,0.4338588037532293,0.4174863159693793,FAR,FAR,0.0,1,,,0.01,0
C2_n0.01_d000_r02,C2,202607,14.02,14.02,0.0,0.42674999999999996,0.41237582016412205,0.416208692018065,FAR,FAR,0.0,1,,,0.01,0
C2_n0.01_d000_r02,C2,202607,14.04,14.04,0.0,0.4284999999999999,0.42417442858383886,0.41820012615950847,FAR,FAR,0.0,1,,,0.01,0
C2_n0.01_d000_r02,C2,202607,14.06,14.06,0.0,0.43025,0.43061218215376973,0.4213031401580738,FAR,FAR,0.0,1,,,0.01,0
C2_n0.01_d000_r02,C2,202607,14.08,14.08,0.0,0.432,0.4254372111580873,0.4223366579080772,FAR,FAR,0.0,1,,,0.01,0
C2_n0.01_d000_r02,C2,202607,14.1,14.1,0.0,0.43374999999999997,0.4213948201824953,0.4221011984766817,FAR,FAR,0.0,1,,,0.01,0
C2_n0.01_d000_r02,C2,202607,14.12,14.12,0.0,0.4354999999999999,0.4302997781060716,0.42415084338402914,FAR,FAR,0.0,1,,,0.01,0
C2_n0.01_d000_r02,C2,202607,14.14,14.14,0.0,0.43725,0.43394104922392845,0.42659839484400397,FAR,FAR,0.0,1,,,0.01,0
C2_n0.01_d000_r02,C2,202607,14.16,14.16,0.0,0.439,0.43366287378577373,0.4283645145794464,FAR,FAR,0.0,1,,,0.01,0
C2_n0.01_d000_r02,C2,202607,14.18,14.18,0.0,0.44075,0.4319529158003914,0.4292616148846827,FAR,FAR,0.0,1,,,0.01,0
C2_n0.01_d000_r02,C2,202607,14.2,14.2,0.0,0.4424999999999999,0.44816489444685265,0.43398743477522517,FAR,FAR,0.0,1,,,0.01,0
C2_n0.01_d000_r02,C2,202607,14.22,14.22,0.0,0.44425000000000003,0.4336131421167834,0.4338938616106147,FAR,FAR,0.0,1,,,0.01,0
C2_n0.01_d000_r02,C2,202607,14.24,14.24,0.0,0.446,0.441715861634537,0.43584936161659527,FAR,FAR,0.0,1,,,0.01,0
C2_n0.01_d000_r02,C2,202607,14.26,14.26,0.0,0.44775,0.431421882373796,0.4347424918058954,FAR,FAR,0.0,1,,,0.01,0
C2_n0.01_d000_r02,C2,202607,14.28,14.28,0.0,0.4494999999999999,0.45071011034041264,0.4387343964395247,FAR,FAR,0.0,1,,,0.01,0
C2_n0.01_d000_r02,C2,202607,14.3,14.3,0.0,0.45125000000000004,0.4530006247217454,0.4423009535100799,FAR,FAR,0.0,1,,,0.01,0
C2_n0.01_d000_r02,C2,202607,14.32,14.32,0.0,0.453,0.4583924857101126,0.4463238365600881,FAR,FAR,0.0,1,,,0.01,0
C2_n0.01_d000_r02,C2,202607,14.34,14.34,0.0,0.45475,0.46955082281282706,0.45213058312327287,FAR,FAR,0.0,1,,,0.01,0
C2_n0.01_d000_r02,C2,202607,14.36,14.36,0.0,0.4564999999999999,0.4588435252818545,0.4538088186629183,FAR,FAR,0.0,1,,,0.01,0
C2_n0.01_d000_r02,C2,202607,14.38,14.38,0.0,0.45825000000000005,0.45616322455886454,0.4543974201369048,FAR,FAR,0.0,1,,,0.01,0
C2_n0.01_d000_r02,C2,202607,14.4,14.4,0.0,0.46,0.4638111738303155,0.4567508585602575,FAR,FAR,0.0,1,,,0.01,0
C2_n0.01_d000_r02,C2,202607,14.42,14.42,0.0,0.46175,0.463002415390563,0.45831374776783385,FAR,FAR,0.0,1,,,0.01,0
C2_n0.01_d000_r02,C2,202607,14.44,14.44,0.0,0.4634999999999999,0.45333214856393644,0.45706834796685947,FAR,FAR,0.0,1,,,0.01,0
C2_n0.01_d000_r02,C2,202607,14.46,14.46,0.0,0.46525000000000005,0.470972848373797,0.46054447306859386,FAR,FAR,0.0,1,,,0.01,0
C2_n0.01_d000_r02,C2,202607,14.48,14.48,0.0,0.467,0.4786703503821244,0.46507594239697647,FAR,FAR,0.0,1,,,0.01,0
C2_n0.01_d000_r02,C2,202607,14.5,14.5,0.0,0.46875,0.45733863780340445,0.4631416162485834,FAR,FAR,0.0,1,,,0.01,0
C2_n0.01_d000_r02,C2,202607,14.52,14.52,0.0,0.4704999999999999,0.47376106883602165,0.46579647939544294,FAR,FAR,0.0,1,,,0.01,0
C2_n0.01_d000_r02,C2,202607,14.54,14.54,0.0,0.47224999999999995,0.46515803575510983,0.4656368684853597,FAR,FAR,0.0,1,,,0.01,0
C2_n0.01_d000_r02,C2,202607,14.56,14.56,0.0,0.47400000000000003,0.45824447645318117,0.4637887704773151,FAR,FAR,0.0,1,,,0.01,0
C2_n0.01_d000_r02,C2,202607,14.58,14.58,0.0,0.47575,0.49009799463031517,0.4703660765155651,FAR,FAR,0.0,1,,,0.01,0
C2_n0.01_d000_r02,C2,202607,14.6,14.6,0.0,0.4774999999999999,0.47725120192784026,0.47208735786863393,FAR,FAR,0.0,1,,,0.01,0
C2_n0.01_d000_r02,C2,202607,14.62,14.62,0.0,0.47924999999999995,0.48120293762959404,0.47436625280887396,FAR,FAR,0.0,1,,,0.01,0
C2_n0.01_d000_r02,C2,202607,14.64,14.64,0.0,0.48100000000000004,0.4688790179773608,0.47299444410099567,FAR,FAR,0.0,1,,,0.01,0
C2_n0.01_d000_r02,C2,202607,14.66,14.66,0.0,0.48275,0.4942809479048184,0.47831607005195137,FAR,FAR,0.0,1,,,0.01,0
C2_n0.01_d000_r02,C2,202607,14.68,14.68,0.0,0.48449999999999993,0.47829102882023156,0.47830980974402143,FAR,FAR,0.0,1,,,0.01,0
C2_n0.01_d000_r02,C2,202607,14.7,14.7,0.0,0.48624999999999996,0.46519449492609893,0.4750309810395408,FAR,FAR,0.0,1,,,0.01,0
C2_n0.01_d000_r02,C2,202607,14.72,14.72,0.0,0.48800000000000004,0.47482306424846443,0.47497900184177166,FAR,FAR,0.0,1,,,0.01,0
C2_n0.01_d000_r02,C2,202607,14.74,14.74,0.0,0.48975,0.49418038776031153,0.4797793483214066,FAR,FAR,0.0,1,,,0.01,0
C2_n0.01_d000_r02,C2,202607,14.76,14.76,0.0,0.49149999999999994,0.4679681130403356,0.47682653950113885,FAR,FAR,0.0,1,,,0.01,0
C2_n0.01_d000_r02,C2,202607,14.78,14.78,0.0,0.49324999999999997,0.4853713880980657,0.47896275165037056,FAR,FAR,0.0,1,,,0.01,0
C2_n0.01_d000_r02,C2,202607,14.8,14.8,0.0,0.49500000000000005,0.4794826407761973,0.4790927239318272,FAR,FAR,0.0,1,,,0.01,0
C2_n0.01_d000_r02,C2,202607,14.82,14.82,0.0,0.49675,0.4913293232308656,0.4821518737565868,FAR,FAR,0.0,1,,,0.01,0
C2_n0.01_d000_r02,C2,202607,14.84,14.84,0.0,0.49849999999999994,0.5040866413725361,0.4876355656605741,FAR,FAR,0.0,1,,,0.01,0
C2_n0.01_d000_r02,C2,202607,14.86,14.86,0.0,0.5002499999999999,0.4822486106834824,0.4862888269163012,FAR,FAR,0.0,1,,,0.01,0
C2_n0.01_d000_r02,C2,202607,14.88,14.88,0.0,0.502,0.5054301014774224,0.49107414555658147,FAR,FAR,0.0,1,,,0.01,0
C2_n0.01_d000_r02,C2,202607,14.9,14.9,0.0,0.50375,0.5166906412695531,0.4974782694848244,FAR,FAR,0.0,1,,,0.01,0
C2_n0.01_d000_r02,C2,202607,14.92,14.92,0.0,0.5055000000000001,0.5008012327016987,0.49830901028904295,FAR,FAR,0.0,1,,,0.01,0
C2_n0.01_d000_r02,C2,202607,14.94,14.94,0.0,0.50725,0.5183069324289201,0.5033084908240123,FAR,FAR,0.0,1,,,0.01,0
C2_n0.01_d000_r02,C2,202607,14.96,14.96,0.0,0.5090000000000001,0.4971478483810281,0.5017683302132663,FAR,FAR,0.0,1,,,0.01,0
C2_n0.01_d000_r02,C2,202607,14.98,14.98,0.0,0.51075,0.5135771238961102,0.5047205286339773,FAR,FAR,0.0,1,,,0.01,0
C2_n0.01_d000_r02,C2,202607,15.0,15.0,0.0,0.5125,0.513935324618841,0.5070242276301933,FAR,FAR,0.0,1,,,0.01,0
C2_n0.01_d000_r02,C2,202607,15.02,15.02,0.0,0.5142499999999999,0.5209704166657327,0.5105107748890781,FAR,FAR,0.0,1,,,0.01,0
C2_n0.01_d000_r02,C2,202607,15.04,15.04,0.0,0.5159999999999999,0.5017903929300453,0.5083306793993199,FAR,FAR,0.0,1,,,0.01,0
C2_n0.01_d000_r02,C2,202607,15.06,15.06,0.0,0.51775,0.5159948651789565,0.510246725844229,FAR,FAR,0.0,1,,,0.01,0
C2_n0.01_d000_r02,C2,202607,15.08,15.08,0.0,0.5195,0.5156208709312267,0.5115902621159785,FAR,FAR,0.0,1,,,0.01,0
C2_n0.01_d000_r02,C2,202607,15.1,15.1,0.0,0.52125,0.5280802586591048,0.51571276125176,FAR,FAR,0.0,1,,,0.01,0
C2_n0.01_d000_r02,C2,202607,15.12,15.12,0.0,0.5229999999999999,0.5293964719748703,0.5191336889325375,FAR,FAR,0.0,1,,,0.01,0
C2_n0.01_d000_r02,C2,202607,15.14,15.14,0.0,0.52475,0.5228240567961695,0.5200562808984455,FAR,FAR,0.0,1,,,0.01,0
C2_n0.01_d000_r02,C2,202607,15.16,15.16,0.0,0.5265,0.5348014980593377,0.5237425851886686,FAR,FAR,0.0,1,,,0.01,0
C2_n0.01_d000_r02,C2,202607,15.18,15.18,0.0,0.5282499999999999,0.5344698727412882,0.5264244070768235,FAR,FAR,0.0,1,,,0.01,0
C2_n0.01_d000_r02,C2,202607,15.2,15.2,0.0,0.5299999999999999,0.5179345150715815,0.5243019340755131,FAR,FAR,0.0,1,,,0.01,0
C2_n0.01_d000_r02,C2,202607,15.22,15.22,0.0,0.5317500000000001,0.5263998702698496,0.5248264181240971,FAR,FAR,0.0,1,,,0.01,0
C2_n0.01_d000_r02,C2,202607,15.24,15.24,0.0,0.5335,0.531852877729917,0.5265830330255521,FAR,FAR,0.0,1,,,0.01,0
C2_n0.01_d000_r02,C2,202607,15.26,15.26,0.0,0.53525,0.5372127396412357,0.529240459679473,FAR,FAR,0.0,1,,,0.01,0
C2_n0.01_d000_r02,C2,202607,15.28,15.28,0.0,0.5369999999999999,0.5163840717596818,0.5260263626995252,FAR,FAR,0.0,1,,,0.01,0
C2_n0.01_d000_r02,C2,202607,15.3,15.3,0.0,0.5387500000000001,0.5376474280281778,0.5289316290316883,FAR,FAR,0.0,1,,,0.01,0
C2_n0.01_d000_r02,C2,202607,15.32,15.32,0.0,0.5405,0.5410786847004267,0.531968392948873,FAR,FAR,0.0,1,,,0.01,0
C2_n0.01_d000_r02,C2,202607,15.34,15.34,0.0,0.5422499999999999,0.5543268845221955,0.5375580158422036,FAR,FAR,0.0,1,,,0.01,0
C2_n0.01_d000_r02,C2,202607,15.36,15.36,0.0,0.5439999999999999,0.5452267253546746,0.5394751932203213,FAR,FAR,0.0,1,,,0.01,0
C2_n0.01_d000_r02,C2,202607,15.38,15.38,0.0,0.5457500000000001,0.5391663034959149,0.5393979707892197,FAR,FAR,0.0,1,,,0.01,0
C2_n0.01_d000_r02,C2,202607,15.4,15.4,0.0,0.5475,0.5414139026871714,0.5399019537637075,FAR,FAR,0.0,1,,,0.01,0
C2_n0.01_d000_r02,C2,202607,15.42,15.42,0.0,0.54925,0.5293395001064183,0.5372613403493852,FAR,FAR,0.0,1,,,0.01,0
C2_n0.01_d000_r02,C2,202607,15.44,15.44,0.0,0.5509999999999999,0.5548758583308551,0.5416649698447527,FAR,FAR,0.0,1,,,0.01,0
C2_n0.01_d000_r02,C2,202607,15.46,15.46,0.0,0.5527500000000001,0.539536637860877,0.5411328868487837,FAR,FAR,0.0,1,,,0.01,0
C2_n0.01_d000_r02,C2,202607,15.48,15.48,0.0,0.5545,0.5565126986492194,0.5449778397988926,FAR,FAR,0.0,1,,,0.01,0
C2_n0.01_d000_r02,C2,202607,15.5,15.5,0.0,0.5562499999999999,0.5409240182717665,0.5439643844171111,FAR,FAR,0.0,1,,,0.01,0
C2_n0.01_d000_r02,C2,202607,15.52,15.52,0.0,0.5579999999999999,0.5535249297617768,0.5463545207532776,FAR,FAR,0.0,1,,,0.01,0
C2_n0.01_d000_r02,C2,202607,15.54,15.54,0.0,0.55975,0.5596982142902575,0.5496904441375225,FAR,FAR,0.0,1,,,0.01,0
C2_n0.01_d000_r02,C2,202607,15.56,15.56,0.0,0.5615,0.5705611859506315,0.5549081295907998,FAR,FAR,0.0,1,,,0.01,0
C2_n0.01_d000_r02,C2,202607,15.58,15.58,0.0,0.56325,0.5738642731309147,0.5596471654758286,FAR,FAR,0.0,1,,,0.01,0
C2_n0.01_d000_r02,C2,202607,15.6,15.6,0.0,0.565,0.5557931245001154,0.5586836552319003,FAR,FAR,0.0,1,,,0.01,0
C2_n0.01_d000_r02,C2,202607,15.62,15.62,0.0,0.5667499999999999,0.5647439250783511,0.560198722693513,FAR,FAR,0.0,1,,,0.01,0
C2_n0.01_d000_r02,C2,202607,15.64,15.64,0.0,0.5685,0.5609625400606472,0.5603896770352965,FAR,FAR,0.0,1,,,0.01,0
C2_n0.01_d000_r02,C2,202607,15.66,15.66,0.0,0.5702499999999999,0.5831672063665825,0.566084059368118,FAR,FAR,0.0,1,,,0.01,0
C2_n0.01_d000_r02,C2,202607,15.68,15.68,0.0,0.572,0.5680134025507271,0.5665663951637703,FAR,FAR,0.0,1,,,0.01,0
C2_n0.01_d000_r02,C2,202607,15.7,15.7,0.0,0.57375,0.586836468605981,0.5716339135243229,FAR,FAR,0.0,1,,,0.01,0
C2_n0.01_d000_r02,C2,202607,15.72,15.72,0.0,0.5755,0.5833745854439183,0.5745690815042217,FAR,FAR,0.0,1,,,0.01,0
C2_n0.01_d000_r02,C2,202607,15.74,15.74,0.0,0.57725,0.5860457711603382,0.5774382539182508,FAR,FAR,0.0,1,,,0.01,0
C2_n0.01_d000_r02,C2,202607,15.76,15.76,0.0,0.579,0.6068237651928576,0.5847846317369025,FAR,FAR,0.0,1,,,0.01,0
C2_n0.01_d000_r02,C2,202607,15.78,15.78,0.0,0.5807499999999999,0.5643460642142034,0.5796749898562278,FAR,FAR,0.0,1,,,0.01,0
C2_n0.01_d000_r02,C2,202607,15.8,15.8,0.0,0.5825,0.5645553857560112,0.5758950888311736,FAR,FAR,0.0,1,,,0.01,0
C2_n0.01_d000_r02,C2,202607,15.82,15.82,0.0,0.5842499999999999,0.5838796421541307,0.5778912271619129,FAR,FAR,0.0,1,,,0.01,0
C2_n0.01_d000_r02,C2,202607,15.84,15.84,0.0,0.586,0.5951655883292046,0.5822098174537358,FAR,FAR,0.0,1,,,0.01,0
C2_n0.01_d000_r02,C2,202607,15.86,15.86,0.0,0.58775,0.5875600685455079,0.5835473802266788,FAR,FAR,0.0,1,,,0.01,0
C2_n0.01_d000_r02,C2,202607,15.88,15.88,0.0,0.5895,0.5753260225945498,0.5814920408186466,FAR,FAR,0.0,1,,,0.01,0
C2_n0.01_d000_r02,C2,202607,15.9,15.9,0.0,0.59125,0.6011631756354482,0.586409824522847,FAR,FAR,0.0,1,,,0.01,0
C2_n0.01_d000_r02,C2,202607,15.92,15.92,0.0,0.593,0.5876635836433983,0.5867232643029847,FAR,FAR,0.0,1,,,0.01,0
C2_n0.01_d000_r02,C2,202607,15.94,15.94,0.0,0.5947499999999999,0.5819123784541487,0.5855205428407757,FAR,FAR,0.0,1,,,0.01,0
C2_n0.01_d000_r02,C2,202607,15.96,15.96,0.0,0.5965,0.5887498815407964,0.5863278775157809,FAR,FAR,0.0,1,,,0.01,0
C2_n0.01_d000_r02,C2,202607,15.98,15.98,0.0,0.59825,0.5957624535243907,0.5886865215179333,FAR,FAR,0.0,1,,,0.01,0
C2_n0.01_d000_r02,C2,202607,16.0,16.0,0.0,0.6,0.5974546770841113,0.5908785604094778,FAR,FAR,0.0,1,,,0.01,0
C2_n0.01_d000_r02,C2,202607,16.02,16.02,0.0,0.6,0.6024154815656284,0.5937627906985155,FAR,FAR,0.0,1,,,0.01,0
C2_n0.01_d000_r02,C2,202607,16.04,16.04,0.0,0.6,0.6019458266700533,0.5958085496913998,FAR,FAR,0.0,1,,,0.01,0
C2_n0.01_d000_r02,C2,202607,16.06,16.06,0.0,0.6,0.5715136251276643,0.589734818550466,FAR,FAR,0.0,1,,,0.01,0
C2_n0.01_d000_r02,C2,202607,16.08,16.08,0.0,0.6,0.5935084125241776,0.5906782170438938,FAR,FAR,0.0,1,,,0.01,0
C2_n0.01_d000_r02,C2,202607,16.1,16.1,0.0,0.6,0.6058336290077108,0.594467070034848,FAR,FAR,0.0,1,,,0.01,0
C2_n0.01_d000_r02,C2,202607,16.12,16.12,0.0,0.6,0.5783197810098584,0.5904302477786005,FAR,FAR,0.0,1,,,0.01,0
C2_n0.01_d000_r02,C2,202607,16.14,16.14,0.0,0.6,0.5962652831192432,0.5918890066137612,FAR,FAR,0.0,1,,,0.01,0
C2_n0.01_d000_r02,C2,202607,16.16,16.16,0.0,0.6,0.583351208795119,0.5897545571591006,FAR,FAR,0.0,1,,,0.01,0
C2_n0.01_d000_r02,C2,202607,16.18,16.18,0.0,0.6,0.587222990848827,0.5891216655815322,FAR,FAR,0.0,1,,,0.01,0
C2_n0.01_d000_r02,C2,202607,16.2,16.2,0.0,0.6,0.6118150581146533,0.5947950137148126,FAR,FAR,0.0,1,,,0.01,0
C2_n0.01_d000_r02,C2,202607,16.22,16.22,0.0,0.6,0.6035226623388372,0.5969769258708187,FAR,FAR,0.0,1,,,0.01,0
C2_n0.01_d000_r02,C2,202607,16.24,16.24,0.0,0.6,0.6080795814008005,0.5997525897533141,FAR,FAR,0.0,1,,,0.01,0
C2_n0.01_d000_r02,C2,202607,16.26,16.26,0.0,0.6,0.5930368846918667,0.5980736634879522,FAR,FAR,0.0,1,,,0.01,0
C2_n0.01_d000_r02,C2,202607,16.28,16.28,0.0,0.6,0.5865396349489701,0.5951901563532067,FAR,FAR,0.0,1,,,0.01,0
C2_n0.01_d000_r02,C2,202607,16.3,16.3,0.0,0.6,0.6000068506368644,0.5963943299241211,FAR,FAR,0.0,1,,,0.01,0
C2_n0.01_d000_r02,C2,202607,16.32,16.32,0.0,0.6,0.6109981666744903,0.6000452891117134,FAR,FAR,0.0,1,,,0.01,0
C2_n0.01_d000_r02,C2,202607,16.34,16.34,0.0,0.6,0.6036190666838234,0.6009387335047409,FAR,FAR,0.0,1,,,0.01,0
C2_n0.01_d000_r02,C2,202607,16.36,16.36,0.0,0.6,0.5963082228525969,0.5997811058417049,FAR,FAR,0.0,1,,,0.01,0
C2_n0.01_d000_r02,C2,202607,16.38,16.38,0.0,0.6,0.5971482905793031,0.5991229020261044,FAR,FAR,0.0,1,,,0.01,0
C2_n0.01_d000_r02,C2,202607,16.4,16.4,0.0,0.6,0.6003551776744541,0.5994309709381919,FAR,FAR,0.0,1,,,0.01,0
C2_n0.01_d000_r02,C2,202607,16.42,16.42,0.0,0.6,0.6174394824087701,0.6039330988058365,FAR,FAR,0.0,1,,,0.01,0
C2_n0.01_d000_r02,C2,202607,16.44,16.44,0.0,0.6,0.5871858953690015,0.5997462979466277,FAR,FAR,0.0,1,,,0.01,0
C2_n0.01_d000_r02,C2,202607,16.46,16.46,0.0,0.6,0.6038632736261199,0.6007755418665007,FAR,FAR,0.0,1,,,0.01,0
C2_n0.01_d000_r02,C2,202607,16.48,16.48,0.0,0.6,0.5936755623821788,0.5990005469954203,FAR,FAR,0.0,1,,,0.01,0
C2_n0.01_d000_r02,C2,202607,16.5,16.5,0.0,0.6,0.5999117037437063,0.5992283361824917,FAR,FAR,0.0,1,,,0.01,0
C2_n0.01_d000_r02,C2,202607,16.52,16.52,0.0,0.6,0.5904281241586004,0.5970282831765189,FAR,FAR,0.0,1,,,0.01,0
C2_n0.01_d000_r02,C2,202607,16.54,16.54,0.0,0.6,0.6035662679331213,0.5986627793656695,FAR,FAR,0.0,1,,,0.01,0
C2_n0.01_d000_r02,C2,202607,16.56,16.56,0.0,0.6,0.6068201328836187,0.6007021177451568,FAR,FAR,0.0,1,,,0.01,0
C2_n0.01_d000_r02,C2,202607,16.58,16.58,0.0,0.6,0.6016614344970234,0.6009419469331234,FAR,FAR,0.0,1,,,0.01,0
C2_n0.01_d000_r02,C2,202607,16.6,16.6,0.0,0.6,0.5913011062194327,0.5985317367547007,FAR,FAR,0.0,1,,,0.01,0
C2_n0.01_d000_r02,C2,202607,16.62,16.62,0.0,0.6,0.5874771937253046,0.5957681009973517,FAR,FAR,0.0,1,,,0.01,0
C2_n0.01_d000_r02,C2,202607,16.64,16.64,0.0,0.6,0.6071318882639067,0.5986090478139905,FAR,FAR,0.0,1,,,0.01,0
C2_n0.01_d000_r02,C2,202607,16.66,16.66,0.0,0.6,0.5932352876060972,0.5972656077620172,FAR,FAR,0.0,1,,,0.01,0
C2_n0.01_d000_r02,C2,202607,16.68,16.68,0.0,0.6,0.6060503743051522,0.5994617993978009,FAR,FAR,0.0,1,,,0.01,0
C2_n0.01_d000_r02,C2,202607,16.7,16.7,0.0,0.6,0.60755053331716,0.6014839828776406,FAR,FAR,0.0,1,,,0.01,0
C2_n0.01_d000_r02,C2,202607,16.72,16.72,0.0,0.6,0.5948303527882925,0.5998205753553036,FAR,FAR,0.0,1,,,0.01,0
C2_n0.01_d000_r02,C2,202607,16.74,16.74,0.0,0.6,0.5940778820380003,0.5983849020259778,FAR,FAR,0.0,1,,,0.01,0
C2_n0.01_d000_r02,C2,202607,16.76,16.76,0.0,0.6,0.6070797795399403,0.6005586214044685,FAR,FAR,0.0,1,,,0.01,0
C2_n0.01_d000_r02,C2,202607,16.78,16.78,0.0,0.6,0.5984319829595012,0.6000269617932267,FAR,FAR,0.0,1,,,0.01,0
C2_n0.01_d000_r02,C2,202607,16.8,16.8,0.0,0.6,0.5904980322507125,0.5976447294075982,FAR,FAR,0.0,1,,,0.01,0
C2_n0.01_d000_r02,C2,202607,16.82,16.82,0.0,0.6,0.5949739747465338,0.596977040742332,FAR,FAR,0.0,1,,,0.01,0
C2_n0.01_d000_r02,C2,202607,16.84,16.84,0.0,0.6,0.6081589389594798,0.599772515296619,FAR,FAR,0.0,1,,,0.01,0
C2_n0.01_d000_r02,C2,202607,16.86,16.86,0.0,0.6,0.5850842288548589,0.596100443686179,FAR,FAR,0.0,1,,,0.01,0
C2_n0.01_d000_r02,C2,202607,16.88,16.88,0.0,0.6,0.5928057496533311,0.595276770177967,FAR,FAR,0.0,1,,,0.01,0
C2_n0.01_d000_r02,C2,202607,16.9,16.9,0.0,0.6,0.6040344310288456,0.5974661853906866,FAR,FAR,0.0,1,,,0.01,0
C2_n0.01_d000_r02,C2,202607,16.92,16.92,0.0,0.6,0.5983798221227802,0.59769459457371,FAR,FAR,0.0,1,,,0.01,0
C2_n0.01_d000_r02,C2,202607,16.94,16.94,0.0,0.6,0.5891207215230813,0.5955511263110528,FAR,FAR,0.0,1,,,0.01,0
C2_n0.01_d000_r02,C2,202607,16.96,16.96,0.0,0.6,0.5886422196531091,0.5938238996465669,FAR,FAR,0.0,1,,,0.01,0
C2_n0.01_d000_r02,C2,202607,16.98,16.98,0.0,0.6,0.5859013051643497,0.5918432510260125,FAR,FAR,0.0,1,,,0.01,0
C2_n0.01_d000_r02,C2,202607,17.0,17.0,0.0,0.6,0.6057200077425485,0.5953124402051465,FAR,FAR,0.0,1,,,0.01,0
C2_n0.01_d000_r02,C2,202607,17.02,17.02,0.0,0.6,0.6195701439480744,0.6013768661408785,FAR,FAR,0.0,1,,,0.01,0
C2_n0.01_d000_r02,C2,202607,17.04,17.04,0.0,0.6,0.589575101806786,0.5984264250573553,FAR,FAR,0.0,1,,,0.01,0
C2_n0.01_d000_r02,C2,202607,17.06,17.06,0.0,0.6,0.5995007087801335,0.5986949959880499,FAR,FAR,0.0,1,,,0.01,0
C2_n0.01_d000_r02,C2,202607,17.08,17.08,0.0,0.6,0.5917984591085489,0.5969708617681746,FAR,FAR,0.0,1,,,0.01,0
C2_n0.01_d000_r02,C2,202607,17.1,17.1,0.0,0.6,0.6113807790801987,0.6005733410961807,FAR,FAR,0.0,1,,,0.01,0
C2_n0.01_d000_r02,C2,202607,17.12,17.12,0.0,0.6,0.6047705285775128,0.6016226379665137,FAR,FAR,0.0,1,,,0.01,0
C2_n0.01_d000_r02,C2,202607,17.14,17.14,0.0,0.6,0.5788596060835304,0.5959318799957679,FAR,FAR,0.0,1,,,0.01,0
C2_n0.01_d000_r02,C2,202607,17.16,17.16,0.0,0.6,0.5977066827318585,0.5963755806797906,FAR,FAR,0.0,1,,,0.01,0
C2_n0.01_d000_r02,C2,202607,17.18,17.18,0.0,0.6,0.5881342666851561,0.5943152521811319,FAR,FAR,0.0,1,,,0.01,0
C2_n0.01_d000_r02,C2,202607,17.2,17.2,0.0,0.6,0.6018782606027904,0.5962060042865465,FAR,FAR,0.0,1,,,0.01,0
C2_n0.01_d000_r02,C2,202607,17.22,17.22,0.0,0.6,0.5909676930247215,0.5948964264710902,FAR,FAR,0.0,1,,,0.01,0
C2_n0.01_d000_r02,C2,202607,17.24,17.24,0.0,0.6,0.5954271243168334,0.5950291009325259,FAR,FAR,0.0,1,,,0.01,0
C2_n0.01_d000_r02,C2,202607,17.26,17.26,0.0,0.6,0.6141911734876808,0.5998196190713146,FAR,FAR,0.0,1,,,0.01,0
C2_n0.01_d000_r02,C2,202607,17.28,17.28,0.0,0.6,0.5820108254135982,0.5953674206568855,FAR,FAR,0.0,1,,,0.01,0
C2_n0.01_d000_r02,C2,202607,17.3,17.3,0.0,0.6,0.6070862191998532,0.5982971202926275,FAR,FAR,0.0,1,,,0.01,0
C2_n0.01_d000_r02,C2,202607,17.32,17.32,0.0,0.6,0.5969625359522103,0.5979634742075232,FAR,FAR,0.0,1,,,0.01,0
C2_n0.01_d000_r02,C2,202607,17.34,17.34,0.0,0.6,0.5847402833141501,0.5946576764841799,FAR,FAR,0.0,1,,,0.01,0
C2_n0.01_d000_r02,C2,202607,17.36,17.36,0.0,0.6,0.5856861391596706,0.5924147921530525,FAR,FAR,0.0,1,,,0.01,0
C2_n0.01_d000_r02,C2,202607,17.38,17.38,0.0,0.6,0.5914253577476073,0.5921674335516912,FAR,FAR,0.0,1,,,0.01,0
C2_n0.01_d000_r02,C2,202607,17.4,17.4,0.0,0.6,0.6006279247855716,0.5942825563601613,FAR,FAR,0.0,1,,,0.01,0
C2_n0.01_d000_r02,C2,202607,17.42,17.42,0.0,0.6,0.592752615744993,0.5939000712063692,FAR,FAR,0.0,1,,,0.01,0
C2_n0.01_d000_r02,C2,202607,17.44,17.44,0.0,0.6,0.6021417897005913,0.5959605008299247,FAR,FAR,0.0,1,,,0.01,0
C2_n0.01_d000_r02,C2,202607,17.46,17.46,0.0,0.6,0.5852174042947241,0.5932747266961246,FAR,FAR,0.0,1,,,0.01,0
C2_n0.01_d000_r02,C2,202607,17.48,17.48,0.0,0.6,0.6008246311176997,0.5951622028015183,FAR,FAR,0.0,1,,,0.01,0
C2_n0.01_d000_r02,C2,202607,17.5,17.5,0.0,0.6,0.5910716840501088,0.5941395731136659,FAR,FAR,0.0,1,,,0.01,0
C2_n0.01_d000_r02,C2,202607,17.52,17.52,0.0,0.6,0.6013855135515633,0.5959510582231402,FAR,FAR,0.0,1,,,0.01,0
C2_n0.01_d000_r02,C2,202607,17.54,17.54,0.0,0.6,0.606480547068265,0.5985834304344214,FAR,FAR,0.0,1,,,0.01,0
C2_n0.01_d000_r02,C2,202607,17.56,17.56,0.0,0.6,0.6058495607962195,0.6003999630248709,FAR,FAR,0.0,1,,,0.01,0
C2_n0.01_d000_r02,C2,202607,17.58,17.58,0.0,0.6,0.5977679424591891,0.5997419578834504,FAR,FAR,0.0,1,,,0.01,0
C2_n0.01_d000_r02,C2,202607,17.6,17.6,0.0,0.6,0.6191632609964407,0.604597283661698,FAR,FAR,0.0,1,,,0.01,0
C2_n0.01_d000_r02,C2,202607,17.62,17.62,0.0,0.6,0.5903068648270609,0.6010246789530387,FAR,FAR,0.0,1,,,0.01,0
C2_n0.01_d000_r02,C2,202607,17.64,17.64,0.0,0.6,0.602998297030817,0.6015180834724833,FAR,FAR,0.0,1,,,0.01,0
C2_n0.01_d000_r02,C2,202607,17.66,17.66,0.0,0.6,0.5953943908189849,0.5999871603091087,FAR,FAR,0.0,1,,,0.01,0
C2_n0.01_d000_r02,C2,202607,17.68,17.68,0.0,0.6,0.5775334624951012,0.5943737358556068,FAR,FAR,0.0,1,,,0.01,0
C2_n0.01_d000_r02,C2,202607,17.7,17.7,0.0,0.6,0.6115044927791095,0.5986564250864825,FAR,FAR,0.0,1,,,0.01,0
C2_n0.01_d000_r02,C2,202607,17.72,17.72,0.0,0.6,0.6080048097249302,0.6009935212460944,FAR,FAR,0.0,1,,,0.01,0
C2_n0.01_d000_r02,C2,202607,17.74,17.74,0.0,0.6,0.6076605142332443,0.6026602694928819,FAR,FAR,0.0,1,,,0.01,0
C2_n0.01_d000_r02,C2,202607,17.76,17.76,0.0,0.6,0.6142203084506236,0.6055502792323173,FAR,FAR,0.0,1,,,0.01,0
C2_n0.01_d000_r02,C2,202607,17.78,17.78,0.0,0.6,0.6039111315247988,0.6051404923054376,FAR,FAR,0.0,1,,,0.01,0
C2_n0.01_d000_r02,C2,202607,17.8,17.8,0.0,0.6,0.5922900462757555,0.6019278807980171,FAR,FAR,0.0,1,,,0.01,0
C2_n0.01_d000_r02,C2,202607,17.82,17.82,0.0,0.6,0.595432540267066,0.6003040456652793,FAR,FAR,0.0,1,,,0.01,0
C2_n0.01_d000_r02,C2,202607,17.84,17.84,0.0,0.6,0.5837423719093915,0.5961636272263073,FAR,FAR,0.0,1,,,0.01,0
C2_n0.01_d000_r02,C2,202607,17.86,17.86,0.0,0.6,0.5920221512490225,0.5951282582319861,FAR,FAR,0.0,1,,,0.01,0
C2_n0.01_d000_r02,C2,202607,17.88,17.88,0.0,0.6,0.6031297515255862,0.5971286315553861,FAR,FAR,0.0,1,,,0.01,0
C2_n0.01_d000_r02,C2,202607,17.9,17.9,0.0,0.6,0.6126983067622493,0.6010210503571018,FAR,FAR,0.0,1,,,0.01,0
C2_n0.01_d000_r02,C2,202607,17.92,17.92,0.0,0.6,0.5862179684757544,0.597320279886765,FAR,FAR,0.0,1,,,0.01,0
C2_n0.01_d000_r02,C2,202607,17.94,17.94,0.0,0.6,0.6008503801136476,0.5982028049434855,FAR,FAR,0.0,1,,,0.01,0
C2_n0.01_d000_r02,C2,202607,17.96,17.96,0.0,0.6,0.5960207468231653,0.5976572904134054,FAR,FAR,0.0,1,,,0.01,0
C2_n0.01_d000_r02,C2,202607,17.98,17.98,0.0,0.6,0.5759044366478465,0.5922190769720157,FAR,FAR,0.0,1,,,0.01,0
C2_n0.01_d000_r02,C2,202607,18.0,18.0,0.0,0.6,0.5937700894210569,0.592606830084276,FAR,FAR,0.0,1,,,0.01,0
C2_n0.01_d000_r02,C2,202607,18.02,18.02,0.0,0.6,0.5956208700137027,0.5933603400666326,FAR,FAR,0.0,1,,,0.01,0
C2_n0.01_d000_r02,C2,202607,18.04,18.04,0.0,0.6,0.5865312576510444,0.5916530694627355,FAR,FAR,0.0,1,,,0.01,0
C2_n0.01_d000_r02,C2,202607,18.06,18.06,0.0,0.6,0.60496322764567,0.5949806090084692,FAR,FAR,0.0,1,,,0.01,0
C2_n0.01_d000_r02,C2,202607,18.08,18.08,0.0,0.6,0.6068635920921693,0.5979513547793942,FAR,FAR,0.0,1,,,0.01,0
C2_n0.01_d000_r02,C2,202607,18.1,18.1,0.0,0.6,0.604281318284825,0.599533845655752,FAR,FAR,0.0,1,,,0.01,0
C2_n0.01_d000_r02,C2,202607,18.12,18.12,0.0,0.6,0.5820962834702231,0.5951744551093697,FAR,FAR,0.0,1,,,0.01,0
C2_n0.01_d000_r02,C2,202607,18.14,18.14,0.0,0.6,0.5852053152784834,0.5926821701516481,FAR,FAR,0.0,1,,,0.01,0
C2_n0.01_d000_r02,C2,202607,18.16,18.16,0.0,0.6,0.5893663725543933,0.5918532207523344,FAR,FAR,0.0,1,,,0.01,0
C2_n0.01_d000_r02,C2,202607,18.18,18.18,0.0,0.6,0.5899148871956693,0.5913686373631681,FAR,FAR,0.0,1,,,0.01,0
C2_n0.01_d000_r02,C2,202607,18.2,18.2,0.0,0.6,0.5930865865410495,0.5917981246576385,FAR,FAR,0.0,1,,,0.01,0
C2_n0.01_d000_r02,C2,202607,18.22,18.22,0.0,0.6,0.5913768794086272,0.5916928133453856,FAR,FAR,0.0,1,,,0.01,0
C2_n0.01_d000_r02,C2,202607,18.24,18.24,0.0,0.6,0.5998949963183831,0.593743359088635,FAR,FAR,0.0,1,,,0.01,0
C2_n0.01_d000_r02,C2,202607,18.26,18.26,0.0,0.6,0.6016830493085827,0.5957282816436219,FAR,FAR,0.0,1,,,0.01,0
C2_n0.01_d000_r02,C2,202607,18.28,18.28,0.0,0.6,0.6129816907150744,0.600041633911485,FAR,FAR,0.0,1,,,0.01,0
C2_n0.01_d000_r02,C2,202607,18.3,18.3,0.0,0.6,0.6045027424425781,0.6011569110442583,FAR,FAR,0.0,1,,,0.01,0
C2_n0.01_d000_r02,C2,202607,18.32,18.32,0.0,0.6,0.6090628526314477,0.6031333964410557,FAR,FAR,0.0,1,,,0.01,0
C2_n0.01_d000_r02,C2,202607,18.34,18.34,0.0,0.6,0.5938048134977848,0.6008012507052379,FAR,FAR,0.0,1,,,0.01,0
C2_n0.01_d000_r02,C2,202607,18.36,18.36,0.0,0.6,0.6025505247232897,0.6012385692097508,FAR,FAR,0.0,1,,,0.01,0
C2_n0.01_d000_r02,C2,202607,18.38,18.38,0.0,0.6,0.6085904512775369,0.6030765397266973,FAR,FAR,0.0,1,,,0.01,0
C2_n0.01_d000_r02,C2,202607,18.4,18.4,0.0,0.6,0.5982796881982131,0.6018773268445763,FAR,FAR,0.0,1,,,0.01,0
C2_n0.01_d000_r02,C2,202607,18.42,18.42,0.0,0.6,0.5989068355313111,0.60113470401626,FAR,FAR,0.0,1,,,0.01,0
C2_n0.01_d000_r02,C2,202607,18.44,18.44,0.0,0.6,0.5964965986085962,0.599975177664344,FAR,FAR,0.0,1,,,0.01,0
C2_n0.01_d000_r02,C2,202607,18.46,18.46,0.0,0.6,0.5939166230246282,0.5984605390044151,FAR,FAR,0.0,1,,,0.01,0
C2_n0.01_d000_r02,C2,202607,18.48,18.48,0.0,0.6,0.5973614362207176,0.5981857633084907,FAR,FAR,0.0,1,,,0.01,0
C2_n0.01_d000_r02,C2,202607,18.5,18.5,0.0,0.6,0.6225101735685246,0.6042668658734992,FAR,FAR,0.0,1,,,0.01,0
C2_n0.01_d000_r02,C2,202607,18.52,18.52,0.0,0.6,0.5859224780560996,0.5996807689191493,FAR,FAR,0.0,1,,,0.01,0
C2_n0.01_d000_r02,C2,202607,18.54,18.54,0.0,0.6,0.6053045193286868,0.6010867065215337,FAR,FAR,0.0,1,,,0.01,0
C2_n0.01_d000_r02,C2,202607,18.56,18.56,0.0,0.6,0.6033417647302896,0.6016504710737227,FAR,FAR,0.0,1,,,0.01,0
C2_n0.01_d000_r02,C2,202607,18.58,18.58,0.0,0.6,0.6063205058038327,0.6028179797562502,FAR,FAR,0.0,1,,,0.01,0
C2_n0.01_d000_r02,C2,202607,18.6,18.6,0.0,0.6,0.5751755305699331,0.5959073674596709,FAR,FAR,0.0,1,,,0.01,0
C2_n0.01_d000_r02,C2,202607,18.62,18.62,0.0,0.6,0.5802581983952667,0.5919950751935699,FAR,FAR,0.0,1,,,0.01,0
C2_n0.01_d000_r02,C2,202607,18.64,18.64,0.0,0.6,0.6032906367612962,0.5948189655855014,FAR,FAR,0.0,1,,,0.01,0
C2_n0.01_d000_r02,C2,202607,18.66,18.66,0.0,0.6,0.6002019763166446,0.5961647182682872,FAR,FAR,0.0,1,,,0.01,0
C2_n0.01_d000_r02,C2,202607,18.68,18.68,0.0,0.6,0.5939551458322552,0.5956123251592792,FAR,FAR,0.0,1,,,0.01,0
C2_n0.01_d000_r02,C2,202607,18.7,18.7,0.0,0.6,0.6045871987193,0.5978560435492845,FAR,FAR,0.0,1,,,0.01,0
C2_n0.01_d000_r02,C2,202607,18.72,18.72,0.0,0.6,0.5934230579550652,0.5967477971507297,FAR,FAR,0.0,1,,,0.01,0
C2_n0.01_d000_r02,C2,202607,18.74,18.74,0.0,0.6,0.5889870160563812,0.5948076018771425,FAR,FAR,0.0,1,,,0.01,0
C2_n0.01_d000_r02,C2,202607,18.76,18.76,0.0,0.6,0.6048094285619585,0.5973080585483466,FAR,FAR,0.0,1,,,0.01,0
C2_n0.01_d000_r02,C2,202607,18.78,18.78,0.0,0.6,0.5987590890957013,0.5976708161851852,FAR,FAR,0.0,1,,,0.01,0
C2_n0.01_d000_r02,C2,202607,18.8,18.8,0.0,0.6,0.5827069916621059,0.5939298600544154,FAR,FAR,0.0,1,,,0.01,0
C2_n0.01_d000_r02,C2,202607,18.82,18.82,0.0,0.6,0.6136907157407996,0.5988700739760114,FAR,FAR,0.0,1,,,0.01,0
C2_n0.01_d000_r02,C2,202607,18.84,18.84,0.0,0.6,0.6110611482842419,0.6019178425530691,FAR,FAR,0.0,1,,,0.01,0
C2_n0.01_d000_r02,C2,202607,18.86,18.86,0.0,0.6,0.5895188507073349,0.5988180945916356,FAR,FAR,0.0,1,,,0.01,0
C2_n0.01_d000_r02,C2,202607,18.88,18.88,0.0,0.6,0.5992277081787449,0.598920497988413,FAR,FAR,0.0,1,,,0.01,0
C2_n0.01_d000_r02,C2,202607,18.9,18.9,0.0,0.6,0.5977919357456775,0.5986383574277291,FAR,FAR,0.0,1,,,0.01,0
C2_n0.01_d000_r02,C2,202607,18.92,18.92,0.0,0.6,0.5928929215071905,0.5972019984475945,FAR,FAR,0.0,1,,,0.01,0
C2_n0.01_d000_r02,C2,202607,18.94,18.94,0.0,0.6,0.5907068317171909,0.5955782067649935,FAR,FAR,0.0,1,,,0.01,0
C2_n0.01_d000_r02,C2,202607,18.96,18.96,0.0,0.6,0.5888115111118765,0.5938865328517142,FAR,FAR,0.0,1,,,0.01,0
C2_n0.01_d000_r02,C2,202607,18.98,18.98,0.0,0.6,0.6194623505297676,0.6002804872712275,FAR,FAR,0.0,1,,,0.01,0
C2_n0.01_d000_r02,C2,202607,19.0,19.0,0.0,0.6,0.6021664219814442,0.6007519709487816,FAR,FAR,0.0,1,,,0.01,0
C2_n0.01_d000_r02,C2,202607,19.02,19.02,0.0,0.6,0.6099941091183003,0.6030625054911614,FAR,FAR,0.0,1,,,0.01,0
C2_n0.01_d000_r02,C2,202607,19.04,19.04,0.0,0.6,0.5882049233578673,0.5993481099578378,FAR,FAR,0.0,1,,,0.01,0
C2_n0.01_d000_r02,C2,202607,19.06,19.06,0.0,0.6,0.5950734160218474,0.5982794364738402,FAR,FAR,0.0,1,,,0.01,0
C2_n0.01_d000_r02,C2,202607,19.08,19.08,0.0,0.6,0.6042426318167784,0.5997702353095747,FAR,FAR,0.0,1,,,0.01,0
C2_n0.01_d000_r02,C2,202607,19.1,19.1,0.0,0.6,0.6048949346578435,0.6010514101466419,FAR,FAR,0.0,1,,,0.01,0
C2_n0.01_d000_r02,C2,202607,19.12,19.12,0.0,0.6,0.6110767805241276,0.6035577527410133,FAR,FAR,0.0,1,,,0.01,0
C2_n0.01_d000_r02,C2,202607,19.14,19.14,0.0,0.6,0.583530641603039,0.5985509749565197,FAR,FAR,0.0,1,,,0.01,0
C2_n0.01_d000_r02,C2,202607,19.16,19.16,0.0,0.6,0.6171959313470543,0.6032122140541534,FAR,FAR,0.0,1,,,0.01,0
C2_n0.01_d000_r02,C2,202607,19.18,19.18,0.0,0.6,0.6030768223542414,0.6031783661291754,FAR,FAR,0.0,1,,,0.01,0
C2_n0.01_d000_r02,C2,202607,19.2,19.2,0.0,0.6,0.5966249323652111,0.6015400076881843,FAR,FAR,0.0,1,,,0.01,0
C2_n0.01_d000_r02,C2,202607,19.22,19.22,0.0,0.6,0.5853521185998918,0.5974930354161112,FAR,FAR,0.0,1,,,0.01,0
C2_n0.01_d000_r02,C2,202607,19.24,19.24,0.0,0.6,0.6016966373061005,0.5985439358886085,FAR,FAR,0.0,1,,,0.01,0
C2_n0.01_d000_r02,C2,202607,19.26,19.26,0.0,0.6,0.5863684181037373,0.5955000564423907,FAR,FAR,0.0,1,,,0.01,0
C2_n0.01_d000_r02,C2,202607,19.28,19.28,0.0,0.6,0.5997544263522029,0.5965636489198437,FAR,FAR,0.0,1,,,0.01,0
C2_n0.01_d000_r02,C2,202607,19.3,19.3,0.0,0.6,0.6068691043193237,0.5991400127697137,FAR,FAR,0.0,1,,,0.01,0
C2_n0.01_d000_r02,C2,202607,19.32,19.32,0.0,0.6,0.6090022037151327,0.6016055605060685,FAR,FAR,0.0,1,,,0.01,0
C2_n0.01_d000_r02,C2,202607,19.34,19.34,0.0,0.6,0.6071840503986439,0.6030001829792124,FAR,FAR,0.0,1,,,0.01,0
C2_n0.01_d000_r02,C2,202607,19.36,19.36,0.0,0.6,0.5997503334232185,0.602187720590214,FAR,FAR,0.0,1,,,0.01,0
C2_n0.01_d000_r02,C2,202607,19.38,19.38,0.0,0.6,0.6006197692198488,0.6017957327476227,FAR,FAR,0.0,1,,,0.01,0
C2_n0.01_d000_r02,C2,202607,19.4,19.4,0.0,0.6,0.5914093271802052,0.5991991313557683,FAR,FAR,0.0,1,,,0.01,0
C2_n0.01_d000_r02,C2,202607,19.42,19.42,0.0,0.6,0.6087272409121921,0.6015811587448743,FAR,FAR,0.0,1,,,0.01,0
C2_n0.01_d000_r02,C2,202607,19.44,19.44,0.0,0.6,0.6104268125810833,0.6037925722039266,FAR,FAR,0.0,1,,,0.01,0
C2_n0.01_d000_r02,C2,202607,19.46,19.46,0.0,0.6,0.5864580269756808,0.5994589358968652,FAR,FAR,0.0,1,,,0.01,0
C2_n0.01_d000_r02,C2,202607,19.48,19.48,0.0,0.6,0.6009664657977553,0.5998358183720877,FAR,FAR,0.0,1,,,0.01,0
C2_n0.01_d000_r02,C2,202607,19.5,19.5,0.0,0.6,0.608284784073496,0.6019480597974398,FAR,FAR,0.0,1,,,0.01,0
C2_n0.01_d000_r02,C2,202607,19.52,19.52,0.0,0.6,0.5954271302719951,0.6003178274160786,FAR,FAR,0.0,1,,,0.01,0
C2_n0.01_d000_r02,C2,202607,19.54,19.54,0.0,0.6,0.5876626751075894,0.5971540393389563,FAR,FAR,0.0,1,,,0.01,0
C2_n0.01_d000_r02,C2,202607,19.56,19.56,0.0,0.6,0.5931417987987544,0.5961509792039058,FAR,FAR,0.0,1,,,0.01,0
C2_n0.01_d000_r02,C2,202607,19.58,19.58,0.0,0.6,0.5970496431599922,0.5963756451929274,FAR,FAR,0.0,1,,,0.01,0
C2_n0.01_d000_r02,C2,202607,19.6,19.6,0.0,0.6,0.5940627017750034,0.5957974093384464,FAR,FAR,0.0,1,,,0.01,0
C2_n0.01_d000_r02,C2,202607,19.62,19.62,0.0,0.6,0.5910713070243496,0.5946158837599222,FAR,FAR,0.0,1,,,0.01,0
C2_n0.01_d000_r02,C2,202607,19.64,19.64,0.0,0.6,0.6064614487156181,0.5975772749988462,FAR,FAR,0.0,1,,,0.01,0
C2_n0.01_d000_r02,C2,202607,19.66,19.66,0.0,0.6,0.5970518126124843,0.5974459094022557,FAR,FAR,0.0,1,,,0.01,0
C2_n0.01_d000_r02,C2,202607,19.68,19.68,0.0,0.6,0.5813275189296367,0.5934163117841009,FAR,FAR,0.0,1,,,0.01,0
C2_n0.01_d000_r02,C2,202607,19.7,19.7,0.0,0.6,0.579928918607164,0.5900444634898667,FAR,FAR,0.0,1,,,0.01,0
C2_n0.01_d000_r02,C2,202607,19.72,19.72,0.0,0.6,0.5998867544764872,0.5925050362365218,FAR,FAR,0.0,1,,,0.01,0
C2_n0.01_d000_r02,C2,202607,19.74,19.74,0.0,0.6,0.6084369633979415,0.5964880180268768,FAR,FAR,0.0,1,,,0.01,0
C2_n0.01_d000_r02,C2,202607,19.76,19.76,0.0,0.6,0.5942521441198436,0.5959290495501185,FAR,FAR,0.0,1,,,0.01,0
C2_n0.01_d000_r02,C2,202607,19.78,19.78,0.0,0.6,0.5833670263485473,0.5927885437497257,FAR,FAR,0.0,1,,,0.01,0
C2_n0.01_d000_r02,C2,202607,19.8,19.8,0.0,0.6,0.5808409222323418,0.5898016383703797,FAR,FAR,0.0,1,,,0.01,0
C2_n0.01_d000_r02,C2,202607,19.82,19.82,0.0,0.6,0.5828216403143055,0.5880566388563612,FAR,FAR,0.0,1,,,0.01,0
C2_n0.01_d000_r02,C2,202607,19.84,19.84,0.0,0.6,0.6076172501765856,0.5929467916864173,FAR,FAR,0.0,1,,,0.01,0
C2_n0.01_d000_r02,C2,202607,19.86,19.86,0.0,0.6,0.604847620426359,0.5959219988714027,FAR,FAR,0.0,1,,,0.01,0
C2_n0.01_d000_r02,C2,202607,19.88,19.88,0.0,0.6,0.5922641626154335,0.5950075398074104,FAR,FAR,0.0,1,,,0.01,0
C2_n0.01_d000_r02,C2,202607,19.9,19.9,0.0,0.6,0.5963970365770659,0.5953549139998242,FAR,FAR,0.0,1,,,0.01,0
C2_n0.01_d000_r02,C2,202607,19.92,19.92,0.0,0.6,0.6082158255321705,0.5985701418829108,FAR,FAR,0.0,1,,,0.01,0
C2_n0.01_d000_r02,C2,202607,19.94,19.94,0.0,0.6,0.5895213399313728,0.5963079413950263,FAR,FAR,0.0,1,,,0.01,0
C2_n0.01_d000_r02,C2,202607,19.96,19.96,0.0,0.6,0.618069345817775,0.6017482925007135,FAR,FAR,0.0,1,,,0.01,0
C2_n0.01_d000_r02,C2,202607,19.98,19.98,0.0,0.6,0.6013087748579893,0.6016384130900324,FAR,FAR,0.0,1,,,0.01,0
C2_n0.01_d000_r02,C2,202607,20.0,20.0,0.0,0.6,0.5832598967250292,0.5970437839987817,FAR,FAR,0.0,1,,,0.01,0
