trial_id,condition,seed,time_s,sensor_time_s,sample_age_s,true_distance_m,raw_distance_m,filtered_distance_m,expected_state,state,command,valid,event_label,invalid_reason,noise_sigma_m,delay_ms
C1_n0.03_d000_r03,C1,202611,0.0,0.0,0.0,0.6,0.5735912358740253,0.5735912358740253,FAR,FAR,0.0,1,,,0.03,0
C1_n0.03_d000_r03,C1,202611,0.02,0.02,0.0,0.6,0.6102305596507478,0.5827510668182059,FAR,FAR,0.0,1,,,0.03,0
C1_n0.03_d000_r03,C1,202611,0.04,0.04,0.0,0.6,0.6258299361047756,0.5935207841398483,FAR,FAR,0.0,1,,,0.03,0
C1_n0.03_d000_r03,C1,202611,0.06,0.06,0.0,0.6,0.6236940474974301,0.6010640999792437,FAR,FAR,0.0,1,,,0.03,0
C1_n0.03_d000_r03,C1,202611,0.08,0.08,0.0,0.6,0.632113703416742,0.6088265008386183,FAR,FAR,0.0,1,,,0.03,0
C1_n0.03_d000_r03,C1,202611,0.1,0.1,0.0,0.6,0.6098286106864204,0.6090770283005689,FAR,FAR,0.0,1,,,0.03,0
C1_n0.03_d000_r03,C1,202611,0.12,0.12,0.0,0.6,0.6416287235566563,0.6172149521145908,FAR,FAR,0.0,1,,,0.03,0
C1_n0.03_d000_r03,C1,202611,0.14,0.14,0.0,0.6,0.5750713480088889,0.6066790510881652,FAR,FAR,0.0,1,,,0.03,0
C1_n0.03_d000_r03,C1,202611,0.16,0.16,0.0,0.6,0.5694437477824512,0.5973702252617368,FAR,FAR,0.0,1,,,0.03,0
C1_n0.03_d000_r03,C1,202611,0.18,0.18,0.0,0.6,0.5859467066910677,0.5945143456190696,FAR,FAR,0.0,1,,,0.03,0
C1_n0.03_d000_r03,C1,202611,0.2,0.2,0.0,0.6,0.5890478722650545,0.5931477272805659,FAR,FAR,0.0,1,,,0.03,0
C1_n0.03_d000_r03,C1,202611,0.22,0.22,0.0,0.6,0.6464402392288565,0.6064708552676386,FAR,FAR,0.0,1,,,0.03,0
C1_n0.03_d000_r03,C1,202611,0.24,0.24,0.0,0.6,0.6240239754715834,0.6108591353186248,FAR,FAR,0.0,1,,,0.03,0
C1_n0.03_d000_r03,C1,202611,0.26,0.26,0.0,0.6,0.6321527012376478,0.6161825267983805,FAR,FAR,0.0,1,,,0.03,0
C1_n0.03_d000_r03,C1,202611,0.28,0.28,0.0,0.6,0.6101944870089242,0.6146855168510164,FAR,FAR,0.0,1,,,0.03,0
C1_n0.03_d000_r03,C1,202611,0.3,0.3,0.0,0.6,0.593647407229575,0.609425989445656,FAR,FAR,0.0,1,,,0.03,0
C1_n0.03_d000_r03,C1,202611,0.32,0.32,0.0,0.6,0.5818921171861424,0.6025425213807776,FAR,FAR,0.0,1,,,0.03,0
C1_n0.03_d000_r03,C1,202611,0.34,0.34,0.0,0.6,0.6095740201558147,0.6043003960745369,FAR,FAR,0.0,1,,,0.03,0
C1_n0.03_d000_r03,C1,202611,0.36,0.36,0.0,0.6,0.59678061875746,0.6024204517452676,FAR,FAR,0.0,1,,,0.03,0
C1_n0.03_d000_r03,C1,202611,0.38,0.38,0.0,0.6,0.602083217688015,0.6023361432309544,FAR,FAR,0.0,1,,,0.03,0
C1_n0.03_d000_r03,C1,202611,0.4,0.4,0.0,0.6,0.5692572127960773,0.5940664106222351,FAR,FAR,0.0,1,,,0.03,0
C1_n0.03_d000_r03,C1,202611,0.42,0.42,0.0,0.6,0.6005691981198772,0.5956921074966456,FAR,FAR,0.0,1,,,0.03,0
C1_n0.03_d000_r03,C1,202611,0.44,0.44,0.0,0.6,0.600678598544568,0.5969387302586262,FAR,FAR,0.0,1,,,0.03,0
C1_n0.03_d000_r03,C1,202611,0.46,0.46,0.0,0.6,0.6339498379914177,0.606191507191824,FAR,FAR,0.0,1,,,0.03,0
C1_n0.03_d000_r03,C1,202611,0.48,0.48,0.0,0.6,0.6044747268006315,0.6057623120940259,FAR,FAR,0.0,1,,,0.03,0
C1_n0.03_d000_r03,C1,202611,0.5,0.5,0.0,0.6,0.599844353735232,0.6042828225043274,FAR,FAR,0.0,1,,,0.03,0
C1_n0.03_d000_r03,C1,202611,0.52,0.52,0.0,0.6,0.5833593599265694,0.599051956859888,FAR,FAR,0.0,1,,,0.03,0
C1_n0.03_d000_r03,C1,202611,0.54,0.54,0.0,0.6,0.599369948784071,0.5991314548409338,FAR,FAR,0.0,1,,,0.03,0
C1_n0.03_d000_r03,C1,202611,0.56,0.56,0.0,0.6,0.56530333102912,0.5906744238879804,FAR,FAR,0.0,1,,,0.03,0
C1_n0.03_d000_r03,C1,202611,0.58,0.58,0.0,0.6,0.6320940822521196,0.6010293384790152,FAR,FAR,0.0,1,,,0.03,0
C1_n0.03_d000_r03,C1,202611,0.6,0.6,0.0,0.6,0.5615739889176354,0.5911655010886703,FAR,FAR,0.0,1,,,0.03,0
C1_n0.03_d000_r03,C1,202611,0.62,0.62,0.0,0.6,0.594751064738566,0.5920618920011442,FAR,FAR,0.0,1,,,0.03,0
C1_n0.03_d000_r03,C1,202611,0.64,0.64,0.0,0.6,0.6144631931825223,0.5976622172964887,FAR,FAR,0.0,1,,,0.03,0
C1_n0.03_d000_r03,C1,202611,0.66,0.66,0.0,0.6,0.660012718979361,0.6132498427172068,FAR,FAR,0.0,1,,,0.03,0
C1_n0.03_d000_r03,C1,202611,0.68,0.68,0.0,0.6,0.6053649521470781,0.6112786200746747,FAR,FAR,0.0,1,,,0.03,0
C1_n0.03_d000_r03,C1,202611,0.7,0.7,0.0,0.6,0.5247930352756156,0.5896572238749099,FAR,FAR,0.0,1,,,0.03,0
C1_n0.03_d000_r03,C1,202611,0.72,0.72,0.0,0.6,0.6328446437073559,0.6004540788330214,FAR,FAR,0.0,1,,,0.03,0
C1_n0.03_d000_r03,C1,202611,0.74,0.74,0.0,0.6,0.5843798711133011,0.5964355269030913,FAR,FAR,0.0,1,,,0.03,0
C1_n0.03_d000_r03,C1,202611,0.76,0.76,0.0,0.6,0.6468640960457016,0.6090426691887438,FAR,FAR,0.0,1,,,0.03,0
C1_n0.03_d000_r03,C1,202611,0.78,0.78,0.0,0.6,0.526913289482864,0.5885103242622739,FAR,FAR,0.0,1,,,0.03,0
C1_n0.03_d000_r03,C1,202611,0.8,0.8,0.0,0.6,0.575043332967738,0.5851435764386399,FAR,FAR,0.0,1,,,0.03,0
C1_n0.03_d000_r03,C1,202611,0.82,0.82,0.0,0.6,0.6392674528297608,0.5986745455364202,FAR,FAR,0.0,1,,,0.03,0
C1_n0.03_d000_r03,C1,202611,0.84,0.84,0.0,0.6,0.6084728120371938,0.6011241121616135,FAR,FAR,0.0,1,,,0.03,0
C1_n0.03_d000_r03,C1,202611,0.86,0.86,0.0,0.6,0.6587671183253923,0.6155348637025582,FAR,FAR,0.0,1,,,0.03,0
C1_n0.03_d000_r03,C1,202611,0.88,0.88,0.0,0.6,0.6125952962794498,0.614799971846781,FAR,FAR,0.0,1,,,0.03,0
C1_n0.03_d000_r03,C1,202611,0.9,0.9,0.0,0.6,0.5769980084076068,0.6053494809869875,FAR,FAR,0.0,1,,,0.03,0
C1_n0.03_d000_r03,C1,202611,0.92,0.92,0.0,0.6,0.6327225065825854,0.612192737385887,FAR,FAR,0.0,1,,,0.03,0
C1_n0.03_d000_r03,C1,202611,0.94,0.94,0.0,0.6,0.6316450666935309,0.617055819712798,FAR,FAR,0.0,1,,,0.03,0
C1_n0.03_d000_r03,C1,202611,0.96,0.96,0.0,0.6,0.6357308476598347,0.6217245766995572,FAR,FAR,0.0,1,,,0.03,0
C1_n0.03_d000_r03,C1,202611,0.98,0.98,0.0,0.6,0.5819423657521826,0.6117790239627136,FAR,FAR,0.0,1,,,0.03,0
C1_n0.03_d000_r03,C1,202611,1.0,1.0,0.0,0.6,0.5715344490915258,0.6017178802449167,FAR,FAR,0.0,1,,,0.03,0
C1_n0.03_d000_r03,C1,202611,1.02,1.02,0.0,0.6,0.5674819332271734,0.5931588934904808,FAR,FAR,0.0,1,,,0.03,0
C1_n0.03_d000_r03,C1,202611,1.04,1.04,0.0,0.6,0.6339765279123847,0.6033633020959568,FAR,FAR,0.0,1,,,0.03,0
C1_n0.03_d000_r03,C1,202611,1.06,1.06,0.0,0.6,0.6381197048001056,0.612052402771994,FAR,FAR,0.0,1,,,0.03,0
C1_n0.03_d000_r03,C1,202611,1.08,1.08,0.0,0.6,0.608395975959997,0.6111382960689947,FAR,FAR,0.0,1,,,0.03,0
C1_n0.03_d000_r03,C1,202611,1.1,1.1,0.0,0.6,0.5952090258923929,0.6071559785248443,FAR,FAR,0.0,1,,,0.03,0
C1_n0.03_d000_r03,C1,202611,1.12,1.12,0.0,0.6,0.6767843856698241,0.6245630803110892,FAR,FAR,0.0,1,,,0.03,0
C1_n0.03_d000_r03,C1,202611,1.14,1.14,0.0,0.6,0.5785289662134236,0.6130545517866728,FAR,FAR,0.0,1,,,0.03,0
C1_n0.03_d000_r03,C1,202611,1.16,1.16,0.0,0.6,0.5743627837621189,0.6033816097805343,FAR,FAR,0.0,1,,,0.03,0
C1_n0.03_d000_r03,C1,202611,1.18,1.18,0.0,0.6,0.5712353249914875,0.5953450385832727,FAR,FAR,0.0,1,,,0.03,0
C1_n0.03_d000_r03,C1,202611,1.2,1.2,0.0,0.6,0.6155425314313108,0.6003944117952822,FAR,FAR,0.0,1,,,0.03,0
C1_n0.03_d000_r03,C1,202611,1.22,1.22,0.0,0.6,0.6016013058759352,0.6006961353154454,FAR,FAR,0.0,1,,,0.03,0
C1_n0.03_d000_r03,C1,202611,1.24,1.24,0.0,0.6,0.5958327490318523,0.5994802887445472,FAR,FAR,0.0,1,,,0.03,0
C1_n0.03_d000_r03,C1,202611,1.26,1.26,0.0,0.6,0.5952719044660212,0.5984281926749156,FAR,FAR,0.0,1,,,0.03,0
C1_n0.03_d000_r03,C1,202611,1.28,1.28,0.0,0.6,0.5775887482995086,0.5932183315810639,FAR,FAR,0.0,1,,,0.03,0
C1_n0.03_d000_r03,C1,202611,1.3,1.3,0.0,0.6,0.5358914597466604,0.5788866136224631,FAR,FAR,0.0,1,,,0.03,0
C1_n0.03_d000_r03,C1,202611,1.32,1.32,0.0,0.6,0.6532639515478316,0.5974809481038053,FAR,FAR,0.0,1,,,0.03,0
C1_n0.03_d000_r03,C1,202611,1.34,1.34,0.0,0.6,0.5827395008904717,0.5937955863004718,FAR,FAR,0.0,1,,,0.03,0
C1_n0.03_d000_r03,C1,202611,1.36,1.36,0.0,0.6,0.6097826201308878,0.5977923447580757,FAR,FAR,0.0,1,,,0.03,0
C1_n0.03_d000_r03,C1,202611,1.38,1.38,0.0,0.6,0.5943216106556268,0.5969246612324635,FAR,FAR,0.0,1,,,0.03,0
C1_n0.03_d000_r03,C1,202611,1.4,1.4,0.0,0.6,0.6150305755721005,0.6014511398173727,FAR,FAR,0.0,1,,,0.03,0
C1_n0.03_d000_r03,C1,202611,1.42,1.42,0.0,0.6,0.6136790915268938,0.604508127744753,FAR,FAR,0.0,1,,,0.03,0
C1_n0.03_d000_r03,C1,202611,1.44,1.44,0.0,0.6,0.587458437587589,0.600245705205462,FAR,FAR,0.0,1,,,0.03,0
C1_n0.03_d000_r03,C1,202611,1.46,1.46,0.0,0.6,0.6085183113594631,0.6023138567439623,FAR,FAR,0.0,1,,,0.03,0
C1_n0.03_d000_r03,C1,202611,1.48,1.48,0.0,0.6,0.5456889842754762,0.5881576386268408,FAR,FAR,0.0,1,,,0.03,0
C1_n0.03_d000_r03,C1,202611,1.5,1.5,0.0,0.6,0.6334854111475413,0.5994895817570159,FAR,FAR,0.0,1,,,0.03,0
C1_n0.03_d000_r03,C1,202611,1.52,1.52,0.0,0.6,0.5839499355156991,0.5956046701966867,FAR,FAR,0.0,1,,,0.03,0
C1_n0.03_d000_r03,C1,202611,1.54,1.54,0.0,0.6,0.6267612940396523,0.6033938261574281,FAR,FAR,0.0,1,,,0.03,0
C1_n0.03_d000_r03,C1,202611,1.56,1.56,0.0,0.6,0.5566880437125135,0.5917173805461995,FAR,FAR,0.0,1,,,0.03,0
C1_n0.03_d000_r03,C1,202611,1.58,1.58,0.0,0.6,0.5587140322252063,0.5834665434659512,FAR,FAR,0.0,1,,,0.03,0
C1_n0.03_d000_r03,C1,202611,1.6,1.6,0.0,0.6,0.6425890097609854,0.5982471600397097,FAR,FAR,0.0,1,,,0.03,0
C1_n0.03_d000_r03,C1,202611,1.62,1.62,0.0,0.6,0.6524363856645164,0.6117944664459114,FAR,FAR,0.0,1,,,0.03,0
C1_n0.03_d000_r03,C1,202611,1.64,1.64,0.0,0.6,0.5436335954369882,0.5947542486936805,FAR,FAR,0.0,1,,,0.03,0
C1_n0.03_d000_r03,C1,202611,1.66,1.66,0.0,0.6,0.5430386854077625,0.581825357872201,FAR,FAR,0.0,1,,,0.03,0
C1_n0.03_d000_r03,C1,202611,1.68,1.68,0.0,0.6,0.5589927732809666,0.5761172117243925,FAR,FAR,0.0,1,,,0.03,0
C1_n0.03_d000_r03,C1,202611,1.7,1.7,0.0,0.6,0.607091973033969,0.5838609020517866,FAR,FAR,0.0,1,,,0.03,0
C1_n0.03_d000_r03,C1,202611,1.72,1.72,0.0,0.6,0.6179188139237834,0.5923753800197858,FAR,FAR,0.0,1,,,0.03,0
C1_n0.03_d000_r03,C1,202611,1.74,1.74,0.0,0.6,0.5664449189934727,0.5858927647632075,FAR,FAR,0.0,1,,,0.03,0
C1_n0.03_d000_r03,C1,202611,1.76,1.76,0.0,0.6,0.6320443431395767,0.5974306593572998,FAR,FAR,0.0,1,,,0.03,0
C1_n0.03_d000_r03,C1,202611,1.78,1.78,0.0,0.6,0.6178020215793697,0.6025234999128173,FAR,FAR,0.0,1,,,0.03,0
C1_n0.03_d000_r03,C1,202611,1.8,1.8,0.0,0.6,0.5702828087866783,0.5944633271312825,FAR,FAR,0.0,1,,,0.03,0
C1_n0.03_d000_r03,C1,202611,1.82,1.82,0.0,0.6,0.5374443457607038,0.5802085817886378,FAR,FAR,0.0,1,,,0.03,0
C1_n0.03_d000_r03,C1,202611,1.84,1.84,0.0,0.6,0.6216951364392685,0.5905802204512954,FAR,FAR,0.0,1,,,0.03,0
C1_n0.03_d000_r03,C1,202611,1.86,1.86,0.0,0.6,0.6178028689208948,0.5973858825686953,FAR,FAR,0.0,1,,,0.03,0
C1_n0.03_d000_r03,C1,202611,1.88,1.88,0.0,0.6,0.6321572189233843,0.6060787166573676,FAR,FAR,0.0,1,,,0.03,0
C1_n0.03_d000_r03,C1,202611,1.9,1.9,0.0,0.6,0.5855472783806486,0.6009458570881878,FAR,FAR,0.0,1,,,0.03,0
C1_n0.03_d000_r03,C1,202611,1.92,1.92,0.0,0.6,0.6203985625227126,0.605809033446819,FAR,FAR,0.0,1,,,0.03,0
C1_n0.03_d000_r03,C1,202611,1.94,1.94,0.0,0.6,0.6279830019606522,0.6113525255752773,FAR,FAR,0.0,1,,,0.03,0
C1_n0.03_d000_r03,C1,202611,1.96,1.96,0.0,0.6,0.6002538398527354,0.6085778541446418,FAR,FAR,0.0,1,,,0.03,0
C1_n0.03_d000_r03,C1,202611,1.98,1.98,0.0,0.6,0.5649080591369705,0.597660405392724,FAR,FAR,0.0,1,,,0.03,0
C1_n0.03_d000_r03,C1,202611,2.0,2.0,0.0,0.6,0.5675110400992738,0.5901230640693614,FAR,FAR,0.0,1,,,0.03,0
C1_n0.03_d000_r03,C1,202611,2.02,2.02,0.0,0.6,0.6256413317697211,0.5990026309944514,FAR,FAR,0.0,1,,,0.03,0
C1_n0.03_d000_r03,C1,202611,2.04,2.04,0.0,0.6,0.566583235609288,0.5908977821481606,FAR,FAR,0.0,1,,,0.03,0
C1_n0.03_d000_r03,C1,202611,2.06,2.06,0.0,0.6,0.6216332612903744,0.598581651933714,FAR,FAR,0.0,1,,,0.03,0
C1_n0.03_d000_r03,C1,202611,2.08,2.08,0.0,0.6,0.5772196782177218,0.593241158504716,FAR,FAR,0.0,1,,,0.03,0
C1_n0.03_d000_r03,C1,202611,2.1,2.1,0.0,0.6,0.5968496621420903,0.5941432844140596,FAR,FAR,0.0,1,,,0.03,0
C1_n0.03_d000_r03,C1,202611,2.12,2.12,0.0,0.6,0.584190757193738,0.5916551526089792,FAR,FAR,0.0,1,,,0.03,0
C1_n0.03_d000_r03,C1,202611,2.14,2.14,0.0,0.6,0.6320120473324367,0.6017443762898436,FAR,FAR,0.0,1,,,0.03,0
C1_n0.03_d000_r03,C1,202611,2.16,2.16,0.0,0.6,0.634991670648372,0.6100561998794757,FAR,FAR,0.0,1,,,0.03,0
C1_n0.03_d000_r03,C1,202611,2.18,2.18,0.0,0.6,0.6276644113270536,0.6144582527413701,FAR,FAR,0.0,1,,,0.03,0
C1_n0.03_d000_r03,C1,202611,2.2,2.2,0.0,0.6,0.6363955804628381,0.6199425846717371,FAR,FAR,0.0,1,,,0.03,0
C1_n0.03_d000_r03,C1,202611,2.22,2.22,0.0,0.6,0.5825979964571704,0.6106064376180954,FAR,FAR,0.0,1,,,0.03,0
C1_n0.03_d000_r03,C1,202611,2.24,2.24,0.0,0.6,0.5863998991643915,0.6045548030046695,FAR,FAR,0.0,1,,,0.03,0
C1_n0.03_d000_r03,C1,202611,2.26,2.26,0.0,0.6,0.5873913965817119,0.6002639513989301,FAR,FAR,0.0,1,,,0.03,0
C1_n0.03_d000_r03,C1,202611,2.28,2.28,0.0,0.6,0.6623985579865905,0.6157976030458452,FAR,FAR,0.0,1,,,0.03,0
C1_n0.03_d000_r03,C1,202611,2.3,2.3,0.0,0.6,0.6431933725419994,0.6226465454198837,FAR,FAR,0.0,1,,,0.03,0
C1_n0.03_d000_r03,C1,202611,2.32,2.32,0.0,0.6,0.6477820848447379,0.6289304302760973,FAR,FAR,0.0,1,,,0.03,0
C1_n0.03_d000_r03,C1,202611,2.34,2.34,0.0,0.6,0.5989234804551478,0.6214286928208599,FAR,FAR,0.0,1,,,0.03,0
C1_n0.03_d000_r03,C1,202611,2.36,2.36,0.0,0.6,0.6282122490202147,0.6231245818706985,FAR,FAR,0.0,1,,,0.03,0
C1_n0.03_d000_r03,C1,202611,2.38,2.38,0.0,0.6,0.5835123511983012,0.6132215242025992,FAR,FAR,0.0,1,,,0.03,0
C1_n0.03_d000_r03,C1,202611,2.4,2.4,0.0,0.6,0.6153974739778327,0.6137655116464076,FAR,FAR,0.0,1,,,0.03,0
C1_n0.03_d000_r03,C1,202611,2.42,2.42,0.0,0.6,0.5744984459896159,0.6039487452322096,FAR,FAR,0.0,1,,,0.03,0
C1_n0.03_d000_r03,C1,202611,2.44,2.44,0.0,0.6,0.5750497184442502,0.5967239885352198,FAR,FAR,0.0,1,,,0.03,0
C1_n0.03_d000_r03,C1,202611,2.46,2.46,0.0,0.6,0.6281112249018151,0.6045707976268686,FAR,FAR,0.0,1,,,0.03,0
C1_n0.03_d000_r03,C1,202611,2.48,2.48,0.0,0.6,0.656967610123214,0.617670000750955,FAR,FAR,0.0,1,,,0.03,0
C1_n0.03_d000_r03,C1,202611,2.5,2.5,0.0,0.6,0.5795457100763324,0.6081389280822993,FAR,FAR,0.0,1,,,0.03,0
C1_n0.03_d000_r03,C1,202611,2.52,2.52,0.0,0.6,0.6066532553175159,0.6077675098911035,FAR,FAR,0.0,1,,,0.03,0
C1_n0.03_d000_r03,C1,202611,2.54,2.54,0.0,0.6,0.5660912696742083,0.5973484498368797,FAR,FAR,0.0,1,,,0.03,0
C1_n0.03_d000_r03,C1,202611,2.56,2.56,0.0,0.6,0.5423575041936983,0.5836007134260843,FAR,FAR,0.0,1,,,0.03,0
C1_n0.03_d000_r03,C1,202611,2.58,2.58,0.0,0.6,0.6223907794082554,0.5932982299216271,FAR,FAR,0.0,1,,,0.03,0
C1_n0.03_d000_r03,C1,202611,2.6,2.6,0.0,0.6,0.58474235337201,0.5911592607842229,FAR,FAR,0.0,1,,,0.03,0
C1_n0.03_d000_r03,C1,202611,2.62,2.62,0.0,0.6,0.648181444197339,0.6054148066375019,FAR,FAR,0.0,1,,,0.03,0
C1_n0.03_d000_r03,C1,202611,2.64,2.64,0.0,0.6,0.6190066345269749,0.6088127636098701,FAR,FAR,0.0,1,,,0.03,0
C1_n0.03_d000_r03,C1,202611,2.66,2.66,0.0,0.6,0.6331133717386027,0.6148879156420533,FAR,FAR,0.0,1,,,0.03,0
C1_n0.03_d000_r03,C1,202611,2.68,2.68,0.0,0.6,0.5807627450380032,0.6063566229910408,FAR,FAR,0.0,1,,,0.03,0
C1_n0.03_d000_r03,C1,202611,2.7,2.7,0.0,0.6,0.6220648820009942,0.6102836877435291,FAR,FAR,0.0,1,,,0.03,0
C1_n0.03_d000_r03,C1,202611,2.72,2.72,0.0,0.6,0.536219730550382,0.5917676984452424,FAR,FAR,0.0,1,,,0.03,0
C1_n0.03_d000_r03,C1,202611,2.74,2.74,0.0,0.6,0.5934938569168787,0.5921992380631514,FAR,FAR,0.0,1,,,0.03,0
C1_n0.03_d000_r03,C1,202611,2.76,2.76,0.0,0.6,0.5739870772444486,0.5876461978584757,FAR,FAR,0.0,1,,,0.03,0
C1_n0.03_d000_r03,C1,202611,2.78,2.78,0.0,0.6,0.5893840830534703,0.5880806691572243,FAR,FAR,0.0,1,,,0.03,0
C1_n0.03_d000_r03,C1,202611,2.8,2.8,0.0,0.6,0.5934730283499458,0.5894287589554047,FAR,FAR,0.0,1,,,0.03,0
C1_n0.03_d000_r03,C1,202611,2.82,2.82,0.0,0.6,0.649734063115534,0.6045050849954371,FAR,FAR,0.0,1,,,0.03,0
C1_n0.03_d000_r03,C1,202611,2.84,2.84,0.0,0.6,0.5815554882667126,0.598767685813256,FAR,FAR,0.0,1,,,0.03,0
C1_n0.03_d000_r03,C1,202611,2.86,2.86,0.0,0.6,0.6014242946038403,0.599431838010902,FAR,FAR,0.0,1,,,0.03,0
C1_n0.03_d000_r03,C1,202611,2.88,2.88,0.0,0.6,0.6287415686332171,0.6067592706664808,FAR,FAR,0.0,1,,,0.03,0
C1_n0.03_d000_r03,C1,202611,2.9,2.9,0.0,0.6,0.6143584710565486,0.6086590707639978,FAR,FAR,0.0,1,,,0.03,0
C1_n0.03_d000_r03,C1,202611,2.92,2.92,0.0,0.6,0.5107579451294779,0.5841837893553679,FAR,FAR,0.0,1,,,0.03,0
C1_n0.03_d000_r03,C1,202611,2.94,2.94,0.0,0.6,0.5627591906982302,0.5788276396910834,FAR,FAR,0.0,1,,,0.03,0
C1_n0.03_d000_r03,C1,202611,2.96,2.96,0.0,0.6,0.5843395384648329,0.5802056143845208,FAR,FAR,0.0,1,,,0.03,0
C1_n0.03_d000_r03,C1,202611,2.98,2.98,0.0,0.6,0.5876380421189235,0.5820637213181215,FAR,FAR,0.0,1,,,0.03,0
C1_n0.03_d000_r03,C1,202611,3.0,3.0,0.0,0.6,0.5760365692444641,0.5805569332997071,FAR,FAR,0.0,1,,,0.03,0
C1_n0.03_d000_r03,C1,202611,3.02,3.02,0.0,0.6,0.6069329036006565,0.5871509258749446,FAR,FAR,0.0,1,,,0.03,0
C1_n0.03_d000_r03,C1,202611,3.04,3.04,0.0,0.6,0.590063734079568,0.5878791279261004,FAR,FAR,0.0,1,,,0.03,0
C1_n0.03_d000_r03,C1,202611,3.06,3.06,0.0,0.6,0.5751734270554254,0.5847027027084317,FAR,FAR,0.0,1,,,0.03,0
C1_n0.03_d000_r03,C1,202611,3.08,3.08,0.0,0.6,0.6170375411198707,0.5927864123112915,FAR,FAR,0.0,1,,,0.03,0
C1_n0.03_d000_r03,C1,202611,3.1,3.1,0.0,0.6,0.5453756452054754,0.5809337205348375,FAR,FAR,0.0,1,,,0.03,0
C1_n0.03_d000_r03,C1,202611,3.12,3.12,0.0,0.6,0.5868288621737562,0.5824075059445671,FAR,FAR,0.0,1,,,0.03,0
C1_n0.03_d000_r03,C1,202611,3.14,3.14,0.0,0.6,0.6025247278781354,0.5874368114279592,FAR,FAR,0.0,1,,,0.03,0
C1_n0.03_d000_r03,C1,202611,3.16,3.16,0.0,0.6,0.6401368095489974,0.6006118109582188,FAR,FAR,0.0,1,,,0.03,0
C1_n0.03_d000_r03,C1,202611,3.18,3.18,0.0,0.6,0.6113604539930709,0.6032989717169318,FAR,FAR,0.0,1,,,0.03,0
C1_n0.03_d000_r03,C1,202611,3.2,3.2,0.0,0.6,0.6239336035282448,0.60845762966976,FAR,FAR,0.0,1,,,0.03,0
C1_n0.03_d000_r03,C1,202611,3.22,3.22,0.0,0.6,0.5371879509731475,0.590640209995607,FAR,FAR,0.0,1,,,0.03,0
C1_n0.03_d000_r03,C1,202611,3.24,3.24,0.0,0.6,0.6047725106337764,0.5941732851551493,FAR,FAR,0.0,1,,,0.03,0
C1_n0.03_d000_r03,C1,202611,3.26,3.26,0.0,0.6,0.5932840539114603,0.5939509773442271,FAR,FAR,0.0,1,,,0.03,0
C1_n0.03_d000_r03,C1,202611,3.28,3.28,0.0,0.6,0.5875841768638699,0.5923592772241377,FAR,FAR,0.0,1,,,0.03,0
C1_n0.03_d000_r03,C1,202611,3.3,3.3,0.0,0.6,0.6467142435471738,0.6059480188048967,FAR,FAR,0.0,1,,,0.03,0
C1_n0.03_d000_r03,C1,202611,3.32,3.32,0.0,0.6,0.5686393000142815,0.596620839107243,FAR,FAR,0.0,1,,,0.03,0
C1_n0.03_d000_r03,C1,202611,3.34,3.34,0.0,0.6,0.58339420790533,0.5933141813067647,FAR,FAR,0.0,1,,,0.03,0
C1_n0.03_d000_r03,C1,202611,3.36,3.36,0.0,0.6,0.6194536112335294,0.5998490387884559,FAR,FAR,0.0,1,,,0.03,0
C1_n0.03_d000_r03,C1,202611,3.38,3.38,0.0,0.6,0.618348694504142,0.6044739527173774,FAR,FAR,0.0,1,,,0.03,0
C1_n0.03_d000_r03,C1,202611,3.4,3.4,0.0,0.6,0.605782937053944,0.604801198801519,FAR,FAR,0.0,1,,,0.03,0
C1_n0.03_d000_r03,C1,202611,3.42,3.42,0.0,0.6,0.607771430885473,0.6055437568225075,FAR,FAR,0.0,1,,,0.03,0
C1_n0.03_d000_r03,C1,202611,3.44,3.44,0.0,0.6,0.5796177883827974,0.59906226471258,FAR,FAR,0.0,1,,,0.03,0
C1_n0.03_d000_r03,C1,202611,3.46,3.46,0.0,0.6,0.5251597618915167,0.5805866390073142,FAR,FAR,0.0,1,,,0.03,0
C1_n0.03_d000_r03,C1,202611,3.48,3.48,0.0,0.6,0.571442295185615,0.5783005530518894,FAR,FAR,0.0,1,,,0.03,0
C1_n0.03_d000_r03,C1,202611,3.5,3.5,0.0,0.6,0.6365055839953123,0.5928518107877452,FAR,FAR,0.0,1,,,0.03,0
C1_n0.03_d000_r03,C1,202611,3.52,3.52,0.0,0.6,0.5447040905858461,0.5808148807372704,FAR,FAR,0.0,1,,,0.03,0
C1_n0.03_d000_r03,C1,202611,3.54,3.54,0.0,0.6,0.599013698945737,0.5853645852893871,FAR,FAR,0.0,1,,,0.03,0
C1_n0.03_d000_r03,C1,202611,3.56,3.56,0.0,0.6,0.5943794524656992,0.5876183020834651,FAR,FAR,0.0,1,,,0.03,0
C1_n0.03_d000_r03,C1,202611,3.58,3.58,0.0,0.6,0.5876454411668837,0.5876250868543198,FAR,FAR,0.0,1,,,0.03,0
C1_n0.03_d000_r03,C1,202611,3.6,3.6,0.0,0.6,0.6207075307676226,0.5958956978326455,FAR,FAR,0.0,1,,,0.03,0
C1_n0.03_d000_r03,C1,202611,3.62,3.62,0.0,0.6,0.5800640553985329,0.5919377872241174,FAR,FAR,0.0,1,,,0.03,0
C1_n0.03_d000_r03,C1,202611,3.64,3.64,0.0,0.6,0.5762067768581095,0.5880050346326154,FAR,FAR,0.0,1,,,0.03,0
C1_n0.03_d000_r03,C1,202611,3.66,3.66,0.0,0.6,0.5988828659225442,0.5907244924550976,FAR,FAR,0.0,1,,,0.03,0
C1_n0.03_d000_r03,C1,202611,3.68,3.68,0.0,0.6,0.5853471695677259,0.5893801617332547,FAR,FAR,0.0,1,,,0.03,0
C1_n0.03_d000_r03,C1,202611,3.7,3.7,0.0,0.6,0.5738531887476176,0.5854984184868455,FAR,FAR,0.0,1,,,0.03,0
C1_n0.03_d000_r03,C1,202611,3.72,3.72,0.0,0.6,0.6166572369979529,0.5932881231146223,FAR,FAR,0.0,1,,,0.03,0
C1_n0.03_d000_r03,C1,202611,3.74,3.74,0.0,0.6,0.6352991030189961,0.6037908680907158,FAR,FAR,0.0,1,,,0.03,0
C1_n0.03_d000_r03,C1,202611,3.76,3.76,0.0,0.6,0.602103747782377,0.6033690880136311,FAR,FAR,0.0,1,,,0.03,0
C1_n0.03_d000_r03,C1,202611,3.78,3.78,0.0,0.6,0.6074674430021949,0.604393676760772,FAR,FAR,0.0,1,,,0.03,0
C1_n0.03_d000_r03,C1,202611,3.8,3.8,0.0,0.6,0.5864412322354213,0.5999055656294343,FAR,FAR,0.0,1,,,0.03,0
C1_n0.03_d000_r03,C1,202611,3.82,3.82,0.0,0.6,0.5610383575047252,0.590188763598257,FAR,FAR,0.0,1,,,0.03,0
C1_n0.03_d000_r03,C1,202611,3.84,3.84,0.0,0.6,0.5442873570147483,0.5787134119523798,FAR,FAR,0.0,1,,,0.03,0
C1_n0.03_d000_r03,C1,202611,3.86,3.86,0.0,0.6,0.5948210621791034,0.5827403245090607,FAR,FAR,0.0,1,,,0.03,0
C1_n0.03_d000_r03,C1,202611,3.88,3.88,0.0,0.6,0.5871645724457514,0.5838463864932333,FAR,FAR,0.0,1,,,0.03,0
C1_n0.03_d000_r03,C1,202611,3.9,3.9,0.0,0.6,0.5931315575567886,0.5861676792591222,FAR,FAR,0.0,1,,,0.03,0
C1_n0.03_d000_r03,C1,202611,3.92,3.92,0.0,0.6,0.6004022403363131,0.5897263195284199,FAR,FAR,0.0,1,,,0.03,0
C1_n0.03_d000_r03,C1,202611,3.94,3.94,0.0,0.6,0.6291696416630213,0.5995871500620702,FAR,FAR,0.0,1,,,0.03,0
C1_n0.03_d000_r03,C1,202611,3.96,3.96,0.0,0.6,0.6074131986835375,0.601543662217437,FAR,FAR,0.0,1,,,0.03,0
C1_n0.03_d000_r03,C1,202611,3.98,3.98,0.0,0.6,0.598718441696999,0.6008373570873276,FAR,FAR,0.0,1,,,0.03,0
C1_n0.03_d000_r03,C1,202611,4.0,4.0,0.0,0.6,0.6089344149078557,0.6028616215424596,FAR,FAR,0.0,1,,,0.03,0
C1_n0.03_d000_r03,C1,202611,4.02,4.02,0.0,0.5982500000000001,0.6159292195295809,0.60612852103924,FAR,FAR,0.0,1,,,0.03,0
C1_n0.03_d000_r03,C1,202611,4.04,4.04,0.0,0.5965,0.6252008167655329,0.6108965949708132,FAR,FAR,0.0,1,,,0.03,0
C1_n0.03_d000_r03,C1,202611,4.06,4.06,0.0,0.59475,0.6000033207078266,0.6081732764050665,FAR,FAR,0.0,1,,,0.03,0
C1_n0.03_d000_r03,C1,202611,4.08,4.08,0.0,0.593,0.5875644692845022,0.6030210746249254,FAR,FAR,0.0,1,,,0.03,0
C1_n0.03_d000_r03,C1,202611,4.1,4.1,0.0,0.59125,0.5863381591844826,0.5988503457648147,FAR,FAR,0.0,1,,,0.03,0
C1_n0.03_d000_r03,C1,202611,4.12,4.12,0.0,0.5894999999999999,0.5448440118887656,0.5853487622958025,FAR,FAR,0.0,1,,,0.03,0
C1_n0.03_d000_r03,C1,202611,4.14,4.14,0.0,0.58775,0.5825039802795005,0.584637566791727,FAR,FAR,0.0,1,,,0.03,0
C1_n0.03_d000_r03,C1,202611,4.16,4.16,0.0,0.586,0.5744994996182138,0.5821030499983486,FAR,FAR,0.0,1,,,0.03,0
C1_n0.03_d000_r03,C1,202611,4.18,4.18,0.0,0.58425,0.5715303514456443,0.5794598753601725,FAR,FAR,0.0,1,,,0.03,0
C1_n0.03_d000_r03,C1,202611,4.2,4.2,0.0,0.5825,0.5668233822640488,0.5763007520861416,FAR,FAR,0.0,1,,,0.03,0
C1_n0.03_d000_r03,C1,202611,4.22,4.22,0.0,0.58075,0.6222875974080841,0.5877974634166272,FAR,FAR,0.0,1,,,0.03,0
C1_n0.03_d000_r03,C1,202611,4.24,4.24,0.0,0.579,0.6013381520366545,0.5911826355716341,FAR,FAR,0.0,1,,,0.03,0
C1_n0.03_d000_r03,C1,202611,4.26,4.26,0.0,0.57725,0.6079131691121177,0.595365268956755,FAR,FAR,0.0,1,,,0.03,0
C1_n0.03_d000_r03,C1,202611,4.28,4.28,0.0,0.5754999999999999,0.5659361537272821,0.5880079901493868,FAR,FAR,0.0,1,,,0.03,0
C1_n0.03_d000_r03,C1,202611,4.3,4.3,0.0,0.57375,0.552074219993359,0.5790245476103799,FAR,FAR,0.0,1,,,0.03,0
C1_n0.03_d000_r03,C1,202611,4.32,4.32,0.0,0.572,0.5023789119278225,0.5598631386897406,FAR,FAR,0.0,1,,,0.03,0
C1_n0.03_d000_r03,C1,202611,4.34,4.34,0.0,0.57025,0.5928052708322096,0.5680986717253578,FAR,FAR,0.0,1,,,0.03,0
C1_n0.03_d000_r03,C1,202611,4.36,4.36,0.0,0.5685,0.5626147094503212,0.5667276811565987,FAR,FAR,0.0,1,,,0.03,0
C1_n0.03_d000_r03,C1,202611,4.38,4.38,0.0,0.56675,0.5319755847368558,0.5580396570516629,FAR,FAR,0.0,1,,,0.03,0
C1_n0.03_d000_r03,C1,202611,4.4,4.4,0.0,0.565,0.557148730650109,0.5578169254512745,FAR,FAR,0.0,1,,,0.03,0
C1_n0.03_d000_r03,C1,202611,4.42,4.42,0.0,0.56325,0.5199351762601908,0.5483464881535035,FAR,FAR,0.0,1,,,0.03,0
C1_n0.03_d000_r03,C1,202611,4.44,4.44,0.0,0.5614999999999999,0.5654324694481823,0.5526179834771732,FAR,FAR,0.0,1,,,0.03,0
C1_n0.03_d000_r03,C1,202611,4.46,4.46,0.0,0.55975,0.5907336060849059,0.5621468891291064,FAR,FAR,0.0,1,,,0.03,0
C1_n0.03_d000_r03,C1,202611,4.48,4.48,0.0,0.5579999999999999,0.6137923459453228,0.5750582533331605,FAR,FAR,0.0,1,,,0.03,0
C1_n0.03_d000_r03,C1,202611,4.5,4.5,0.0,0.55625,0.5808986765171646,0.5765183591291616,FAR,FAR,0.0,1,,,0.03,0
C1_n0.03_d000_r03,C1,202611,4.52,4.52,0.0,0.5545,0.5509577742989572,0.5701282129216105,FAR,FAR,0.0,1,,,0.03,0
C1_n0.03_d000_r03,C1,202611,4.54,4.54,0.0,0.55275,0.5662683877130771,0.5691632566194772,FAR,FAR,0.0,1,,,0.03,0
C1_n0.03_d000_r03,C1,202611,4.56,4.56,0.0,0.551,0.49492655532702623,0.5506040812963644,FAR,FAR,0.0,1,,,0.03,0
C1_n0.03_d000_r03,C1,202611,4.58,4.58,0.0,0.54925,0.5399943964355491,0.5479516600811606,FAR,FAR,0.0,1,,,0.03,0
C1_n0.03_d000_r03,C1,202611,4.6,4.6,0.0,0.5475,0.5692486522083141,0.5532759081129489,FAR,FAR,0.0,1,,,0.03,0
C1_n0.03_d000_r03,C1,202611,4.62,4.62,0.0,0.54575,0.5595479162925434,0.5548439101578475,FAR,FAR,0.0,1,,,0.03,0
C1_n0.03_d000_r03,C1,202611,4.64,4.64,0.0,0.544,0.5202693448710235,0.5462002688361415,FAR,FAR,0.0,1,,,0.03,0
C1_n0.03_d000_r03,C1,202611,4.66,4.66,0.0,0.54225,0.5486574925244347,0.5468145747582147,FAR,FAR,0.0,1,,,0.03,0
C1_n0.03_d000_r03,C1,202611,4.68,4.68,0.0,0.5405,0.5435045498188539,0.5459870685233745,FAR,FAR,0.0,1,,,0.03,0
C1_n0.03_d000_r03,C1,202611,4.7,4.7,0.0,0.53875,0.574744471322835,0.5531764192232397,FAR,FAR,0.0,1,,,0.03,0
C1_n0.03_d000_r03,C1,202611,4.72,4.72,0.0,0.537,0.5209152454490937,0.5451111257797032,FAR,FAR,0.0,1,,,0.03,0
C1_n0.03_d000_r03,C1,202611,4.74,4.74,0.0,0.53525,0.522302466664676,0.5394089610009464,FAR,FAR,0.0,1,,,0.03,0
C1_n0.03_d000_r03,C1,202611,4.76,4.76,0.0,0.5335,0.5274066043092249,0.536408371828016,FAR,FAR,0.0,1,,,0.03,0
C1_n0.03_d000_r03,C1,202611,4.78,4.78,0.0,0.53175,0.4782410184949859,0.5218665334947585,FAR,FAR,0.0,1,,,0.03,0
C1_n0.03_d000_r03,C1,202611,4.8,4.8,0.0,0.53,0.5518417603328166,0.529360340204273,FAR,FAR,0.0,1,,,0.03,0
C1_n0.03_d000_r03,C1,202611,4.82,4.82,0.0,0.52825,0.5152466637099179,0.5258319210806842,FAR,FAR,0.0,1,,,0.03,0
C1_n0.03_d000_r03,C1,202611,4.84,4.84,0.0,0.5265,0.5839123524234215,0.5403520289163686,FAR,FAR,0.0,1,,,0.03,0
C1_n0.03_d000_r03,C1,202611,4.86,4.86,0.0,0.5247499999999999,0.585674682195992,0.5516826922362744,FAR,FAR,0.0,1,,,0.03,0
C1_n0.03_d000_r03,C1,202611,4.88,4.88,0.0,0.523,0.5202439559635175,0.5438230081680852,FAR,FAR,0.0,1,,,0.03,0
C1_n0.03_d000_r03,C1,202611,4.9,4.9,0.0,0.52125,0.508016622333587,0.5348714117094606,FAR,FAR,0.0,1,,,0.03,0
C1_n0.03_d000_r03,C1,202611,4.92,4.92,0.0,0.5195,0.5190491799482154,0.5309158537691493,FAR,FAR,0.0,1,,,0.03,0
C1_n0.03_d000_r03,C1,202611,4.94,4.94,0.0,0.5177499999999999,0.5489939575898568,0.5354353797243261,FAR,FAR,0.0,1,,,0.03,0
C1_n0.03_d000_r03,C1,202611,4.96,4.96,0.0,0.516,0.4991678660625291,0.5263685013088768,FAR,FAR,0.0,1,,,0.03,0
C1_n0.03_d000_r03,C1,202611,4.98,4.98,0.0,0.51425,0.49072344107808696,0.5174572362511793,FAR,FAR,0.0,1,,,0.03,0
C1_n0.03_d000_r03,C1,202611,5.0,5.0,0.0,0.5125,0.5079146565336845,0.5150715913218056,FAR,FAR,0.0,1,,,0.03,0
C1_n0.03_d000_r03,C1,202611,5.02,5.02,0.0,0.51075,0.5371864223794262,0.5206002990862107,FAR,FAR,0.0,1,,,0.03,0
C1_n0.03_d000_r03,C1,202611,5.04,5.04,0.0,0.509,0.5218422374096624,0.5209107836670737,FAR,FAR,0.0,1,,,0.03,0
C1_n0.03_d000_r03,C1,202611,5.06,5.06,0.0,0.50725,0.4596646088695642,0.5055992399676963,FAR,FAR,0.0,1,,,0.03,0
C1_n0.03_d000_r03,C1,202611,5.08,5.08,0.0,0.5055,0.523106731856745,0.5099761129399585,FAR,FAR,0.0,1,,,0.03,0
C1_n0.03_d000_r03,C1,202611,5.1,5.1,0.0,0.50375,0.5155329812602335,0.5113653300200273,FAR,FAR,0.0,1,,,0.03,0
C1_n0.03_d000_r03,C1,202611,5.12,5.12,0.0,0.502,0.4720269918085163,0.5015307454671495,FAR,FAR,0.0,1,,,0.03,0
C1_n0.03_d000_r03,C1,202611,5.14,5.14,0.0,0.50025,0.48691973536655747,0.49787799294200147,FAR,FAR,0.0,1,,,0.03,0
C1_n0.03_d000_r03,C1,202611,5.16,5.16,0.0,0.49849999999999994,0.48233319155300647,0.49399179259475273,FAR,FAR,0.0,1,,,0.03,0
C1_n0.03_d000_r03,C1,202611,5.18,5.18,0.0,0.49675,0.44634772958009233,0.48208077684108763,FAR,FAR,0.0,1,,,0.03,0
C1_n0.03_d000_r03,C1,202611,5.2,5.2,0.0,0.495,0.48847155611909854,0.4836784716605903,FAR,FAR,0.0,1,,,0.03,0
C1_n0.03_d000_r03,C1,202611,5.22,5.22,0.0,0.49325,0.45733904644193857,0.4770936153559273,FAR,FAR,0.0,1,,,0.03,0
C1_n0.03_d000_r03,C1,202611,5.24,5.24,0.0,0.49149999999999994,0.5055167947689676,0.4841994102091874,FAR,FAR,0.0,1,,,0.03,0
C1_n0.03_d000_r03,C1,202611,5.26,5.26,0.0,0.48975,0.5250567950937494,0.4944137564303279,FAR,FAR,0.0,1,,,0.03,0
C1_n0.03_d000_r03,C1,202611,5.28,5.28,0.0,0.488,0.49057880573493634,0.49345501875648,FAR,FAR,0.0,1,,,0.03,0
C1_n0.03_d000_r03,C1,202611,5.3,5.3,0.0,0.48625,0.5050574160539674,0.4963556180808519,FAR,FAR,0.0,1,,,0.03,0
C1_n0.03_d000_r03,C1,202611,5.32,5.32,0.0,0.48449999999999993,0.5239984326742585,0.5032663217292035,FAR,FAR,0.0,1,,,0.03,0
C1_n0.03_d000_r03,C1,202611,5.34,5.34,0.0,0.48275,0.426045554467513,0.4839611299137809,FAR,FAR,0.0,1,,,0.03,0
C1_n0.03_d000_r03,C1,202611,5.36,5.36,0.0,0.481,0.4087471608105051,0.4651576376379619,FAR,FAR,0.0,1,,,0.03,0
C1_n0.03_d000_r03,C1,202611,5.38,5.38,0.0,0.47925,0.5111886557187271,0.4766653921581532,FAR,FAR,0.0,1,,,0.03,0
C1_n0.03_d000_r03,C1,202611,5.4,5.4,0.0,0.4774999999999999,0.4566507483785007,0.47166173121324007,FAR,FAR,0.0,1,,,0.03,0
C1_n0.03_d000_r03,C1,202611,5.42,5.42,0.0,0.47575,0.46374317793793707,0.4696820928944143,FAR,FAR,0.0,1,,,0.03,0
C1_n0.03_d000_r03,C1,202611,5.44,5.44,0.0,0.474,0.4357475378593308,0.4611984541356434,FAR,FAR,0.0,1,,,0.03,0
C1_n0.03_d000_r03,C1,202611,5.46,5.46,0.0,0.47224999999999995,0.47779944969219673,0.46534870302478176,FAR,FAR,0.0,1,,,0.03,0
C1_n0.03_d000_r03,C1,202611,5.48,5.48,0.0,0.4704999999999999,0.4421414956875584,0.4595469011904759,FAR,FAR,0.0,1,,,0.03,0
C1_n0.03_d000_r03,C1,202611,5.5,5.5,0.0,0.46875,0.46700279528063465,0.46141087471301556,FAR,FAR,0.0,1,,,0.03,0
C1_n0.03_d000_r03,C1,202611,5.52,5.52,0.0,0.467,0.46698145562351423,0.4628035199406402,FAR,FAR,0.0,1,,,0.03,0
C1_n0.03_d000_r03,C1,202611,5.54,5.54,0.0,0.46525,0.46981136522729744,0.4645554812623045,FAR,FAR,0.0,1,,,0.03,0
C1_n0.03_d000_r03,C1,202611,5.56,5.56,0.0,0.4635,0.49551760571046655,0.47229601237434504,FAR,FAR,0.0,1,,,0.03,0
C1_n0.03_d000_r03,C1,202611,5.58,5.58,0.0,0.46175,0.4477718774458294,0.4661649786422161,FAR,FAR,0.0,1,,,0.03,0
C1_n0.03_d000_r03,C1,202611,5.6,5.6,0.0,0.46,0.482305513363096,0.4702001123224361,FAR,FAR,0.0,1,,,0.03,0
C1_n0.03_d000_r03,C1,202611,5.62,5.62,0.0,0.45825,0.5057828227705079,0.47909578993445406,FAR,FAR,0.0,1,,,0.03,0
C1_n0.03_d000_r03,C1,202611,5.64,5.64,0.0,0.4565,0.45767272426254246,0.47374002351647615,FAR,FAR,0.0,1,,,0.03,0
C1_n0.03_d000_r03,C1,202611,5.66,5.66,0.0,0.45475,0.4674786788604321,0.47217468735246515,FAR,FAR,0.0,1,,,0.03,0
C1_n0.03_d000_r03,C1,202611,5.68,5.68,0.0,0.453,0.42052359497214203,0.4592619142573844,FAR,FAR,0.0,1,,,0.03,0
C1_n0.03_d000_r03,C1,202611,5.7,5.7,0.0,0.45125,0.5079046119735945,0.47142258868643694,FAR,FAR,0.0,1,,,0.03,0
C1_n0.03_d000_r03,C1,202611,5.72,5.72,0.0,0.4495,0.46354839953654714,0.4694540413989645,FAR,FAR,0.0,1,,,0.03,0
C1_n0.03_d000_r03,C1,202611,5.74,5.74,0.0,0.44775,0.4352012771631667,0.4608908503400151,FAR,FAR,0.0,1,,,0.03,0
C1_n0.03_d000_r03,C1,202611,5.76,5.76,0.0,0.446,0.4442169480923888,0.4567223747781085,FAR,FAR,0.0,1,,,0.03,0
C1_n0.03_d000_r03,C1,202611,5.78,5.78,0.0,0.44425,0.4318253909711515,0.45049812882636925,FAR,FAR,0.0,1,,,0.03,0
C1_n0.03_d000_r03,C1,202611,5.8,5.8,0.0,0.4425,0.45425227389784767,0.45143666509423885,FAR,FAR,0.0,1,,,0.03,0
C1_n0.03_d000_r03,C1,202611,5.82,5.82,0.0,0.44075,0.4357982470723413,0.44752706058876446,FAR,FAR,0.0,1,,,0.03,0
C1_n0.03_d000_r03,C1,202611,5.84,5.84,0.0,0.439,0.4085133604289639,0.4377736355488143,FAR,FAR,0.0,1,,,0.03,0
C1_n0.03_d000_r03,C1,202611,5.86,5.86,0.0,0.43724999999999997,0.3582400065874544,0.41789022830847433,FAR,FAR,0.0,1,,,0.03,0
C1_n0.03_d000_r03,C1,202611,5.88,5.88,0.0,0.4355,0.460487812313889,0.42853962430982806,FAR,FAR,0.0,1,,,0.03,0
C1_n0.03_d000_r03,C1,202611,5.9,5.9,0.0,0.43374999999999997,0.44787279455695883,0.4333729168716107,FAR,FAR,0.0,1,,,0.03,0
C1_n0.03_d000_r03,C1,202611,5.92,5.92,0.0,0.432,0.4389261582292638,0.434761227211024,FAR,FAR,0.0,1,,,0.03,0
C1_n0.03_d000_r03,C1,202611,5.94,5.94,0.0,0.43024999999999997,0.4524853125507837,0.43919224854596395,FAR,FAR,0.0,1,,,0.03,0
C1_n0.03_d000_r03,C1,202611,5.96,5.96,0.0,0.4285,0.4421148271227065,0.43992289319014954,FAR,FAR,0.0,1,,,0.03,0
C1_n0.03_d000_r03,C1,202611,5.98,5.98,0.0,0.42674999999999996,0.4141648018750188,0.43348337036136686,FAR,FAR,0.0,1,,,0.03,0
C1_n0.03_d000_r03,C1,202611,6.0,6.0,0.0,0.425,0.39541497876675574,0.4239662724627141,FAR,FAR,0.0,1,,,0.03,0
C1_n0.03_d000_r03,C1,202611,6.02,6.02,0.0,0.42325,0.4240697007043003,0.4239921295231106,FAR,FAR,0.0,1,,,0.03,0
C1_n0.03_d000_r03,C1,202611,6.04,6.04,0.0,0.4215,0.4506704582024659,0.4306617116929494,FAR,FAR,0.0,1,,,0.03,0
C1_n0.03_d000_r03,C1,202611,6.06,6.06,0.0,0.41975,0.39844003527234695,0.4226062925877988,FAR,FAR,0.0,1,,,0.03,0
C1_n0.03_d000_r03,C1,202611,6.08,6.08,0.0,0.418,0.4209125430157214,0.42218285519477944,FAR,FAR,0.0,1,,,0.03,0
C1_n0.03_d000_r03,C1,202611,6.1,6.1,0.0,0.41625,0.405754171023171,0.41807568415187735,FAR,FAR,0.0,1,,,0.03,0
C1_n0.03_d000_r03,C1,202611,6.12,6.12,0.0,0.4145,0.4791049314613858,0.43333299597925445,FAR,FAR,0.0,1,,,0.03,0
C1_n0.03_d000_r03,C1,202611,6.14,6.14,0.0,0.41275,0.44872225421729156,0.4371803105387637,FAR,FAR,0.0,1,,,0.03,0
C1_n0.03_d000_r03,C1,202611,6.16,6.16,0.0,0.411,0.45273379539554687,0.4410686817529595,FAR,FAR,0.0,1,,,0.03,0
C1_n0.03_d000_r03,C1,202611,6.18,6.18,0.0,0.40925,0.4168009745135416,0.435001754943105,FAR,FAR,0.0,1,,,0.03,0
C1_n0.03_d000_r03,C1,202611,6.2,6.2,0.0,0.4075,0.43184267411748056,0.43421198473669886,FAR,FAR,0.0,1,,,0.03,0
C1_n0.03_d000_r03,C1,202611,6.22,6.22,0.0,0.40575,0.345511130549238,0.4120367711898337,FAR,NEAR,0.6,1,ENTER_NEAR,,0.03,0
C1_n0.03_d000_r03,C1,202611,6.24,6.24,0.0,0.40399999999999997,0.3728864256749254,0.4022491848111066,FAR,FAR,0.0,1,EXIT_NEAR,,0.03,0
C1_n0.03_d000_r03,C1,202611,6.26,6.26,0.0,0.40225,0.4389133808093507,0.4114152338106676,FAR,FAR,0.0,1,,,0.03,0
C1_n0.03_d000_r03,C1,202611,6.28,6.28,0.0,0.40049999999999997,0.40238232294477755,0.4091570060941951,FAR,FAR,0.0,1,,,0.03,0
C1_n0.03_d000_r03,C1,202611,6.3,6.3,0.0,0.39875,0.44763245035120947,0.41877586715844867,FAR,FAR,0.0,1,,,0.03,0
C1_n0.03_d000_r03,C1,202611,6.32,6.32,0.0,0.39699999999999996,0.3826836185160942,0.40975280499786004,FAR,FAR,0.0,1,,,0.03,0
C1_n0.03_d000_r03,C1,202611,6.34,6.34,0.0,0.39525,0.3720072088987219,0.4003164059730755,FAR,FAR,0.0,1,,,0.03,0
C1_n0.03_d000_r03,C1,202611,6.36,6.36,0.0,0.39349999999999996,0.3768985928230163,0.3944619526855607,FAR,FAR,0.0,1,,,0.03,0
C1_n0.03_d000_r03,C1,202611,6.38,6.38,0.0,0.39175,0.37827317592982007,0.39041475849662555,FAR,FAR,0.0,1,,,0.03,0
C1_n0.03_d000_r03,C1,202611,6.4,6.4,0.0,0.38999999999999996,0.4081591510744212,0.39485085664107444,FAR,FAR,0.0,1,,,0.03,0
C1_n0.03_d000_r03,C1,202611,6.42,6.42,0.0,0.38825,0.4407478318285498,0.4063251004379433,FAR,FAR,0.0,1,,,0.03,0
C1_n0.03_d000_r03,C1,202611,6.44,6.44,0.0,0.38649999999999995,0.4020995905396487,0.40526872296336963,FAR,FAR,0.0,1,,,0.03,0
C1_n0.03_d000_r03,C1,202611,6.46,6.46,0.0,0.38475,0.4249009576534983,0.4101767816359018,FAR,FAR,0.0,1,,,0.03,0
C1_n0.03_d000_r03,C1,202611,6.48,6.48,0.0,0.38299999999999995,0.40758418230257865,0.40952863180257104,FAR,FAR,0.0,1,,,0.03,0
C1_n0.03_d000_r03,C1,202611,6.5,6.5,0.0,0.38125,0.32900196483828725,0.3893969650615001,FAR,NEAR,0.6,1,ENTER_NEAR,,0.03,0
C1_n0.03_d000_r03,C1,202611,6.52,6.52,0.0,0.37950000000000006,0.32597561970116806,0.3735416287214171,FAR,NEAR,0.6,1,,,0.03,0
C1_n0.03_d000_r03,C1,202611,6.54,6.54,0.0,0.37775000000000003,0.3687317591695977,0.3723391613334623,FAR,FAR,0.0,1,EXIT_NEAR,,0.03,0
C1_n0.03_d000_r03,C1,202611,6.56,6.56,0.0,0.376,0.3811944903194772,0.374552993579966,FAR,FAR,0.0,1,,,0.03,0
C1_n0.03_d000_r03,C1,202611,6.58,6.58,0.0,0.37424999999999997,0.33956121426301317,0.3658050487507278,FAR,NEAR,0.6,1,ENTER_NEAR,,0.03,0
C1_n0.03_d000_r03,C1,202611,6.6,6.6,0.0,0.37250000000000005,0.27477858600852445,0.34304843306517696,FAR,NEAR,0.6,1,,,0.03,0
C1_n0.03_d000_r03,C1,202611,6.62,6.62,0.0,0.37075,0.3750751576370632,0.3510551142081485,FAR,FAR,0.0,1,EXIT_NEAR,,0.03,0
C1_n0.03_d000_r03,C1,202611,6.64,6.64,0.0,0.369,0.3385238480255929,0.3479222976625096,FAR,NEAR,0.6,1,ENTER_NEAR,,0.03,0
C1_n0.03_d000_r03,C1,202611,6.66,6.66,0.0,0.36724999999999997,0.39670002523282866,0.36011672955508933,FAR,FAR,0.0,1,EXIT_NEAR,,0.03,0
C1_n0.03_d000_r03,C1,202611,6.68,6.68,0.0,0.36550000000000005,0.39599241787965567,0.3690856516362309,FAR,FAR,0.0,1,,,0.03,0
C1_n0.03_d000_r03,C1,202611,6.7,6.7,0.0,0.36375,0.35441776934080765,0.36541868106237513,FAR,FAR,0.0,1,,,0.03,0
C1_n0.03_d000_r03,C1,202611,6.72,6.72,0.0,0.362,0.3949475770694174,0.37280090506413566,FAR,FAR,0.0,1,,,0.03,0
C1_n0.03_d000_r03,C1,202611,6.74,6.74,0.0,0.36024999999999996,0.28275753700891876,0.35029006305033145,FAR,NEAR,0.6,1,ENTER_NEAR,,0.03,0
C1_n0.03_d000_r03,C1,202611,6.76,6.76,0.0,0.35850000000000004,0.4026196423234249,0.36337245786860484,FAR,FAR,0.0,1,EXIT_NEAR,,0.03,0
C1_n0.03_d000_r03,C1,202611,6.78,6.78,0.0,0.35675,0.3408160246820398,0.35773334957196357,FAR,NEAR,0.6,1,ENTER_NEAR,,0.03,0
C1_n0.03_d000_r03,C1,202611,6.8,6.8,0.0,0.355,0.3420292528455687,0.35380732539036486,FAR,NEAR,0.6,1,,,0.03,0
C1_n0.03_d000_r03,C1,202611,6.82,6.82,0.0,0.35324999999999995,0.3150169800702708,0.34410973906034137,FAR,NEAR,0.6,1,,,0.03,0
C1_n0.03_d000_r03,C1,202611,6.84,6.84,0.0,0.35150000000000003,0.377776004281693,0.3525263053656793,FAR,FAR,0.0,1,EXIT_NEAR,,0.03,0
C1_n0.03_d000_r03,C1,202611,6.86,6.86,0.0,0.34974999999999995,0.3430345002454917,0.3501533540856324,NEAR,NEAR,0.6,1,ENTER_NEAR,,0.03,0
C1_n0.03_d000_r03,C1,202611,6.88,6.88,0.0,0.348,0.3674374338786928,0.3544743740338975,NEAR,FAR,0.0,1,EXIT_NEAR,,0.03,0
C1_n0.03_d000_r03,C1,202611,6.9,6.9,0.0,0.34624999999999995,0.3753176882441415,0.35968520258645853,NEAR,FAR,0.0,1,,,0.03,0
C1_n0.03_d000_r03,C1,202611,6.92,6.92,0.0,0.3445,0.33992091841214606,0.3547441315428804,NEAR,NEAR,0.6,1,ENTER_NEAR,,0.03,0
C1_n0.03_d000_r03,C1,202611,6.94,6.94,0.0,0.34274999999999994,0.3682942616195214,0.35813166406204067,NEAR,FAR,0.0,1,EXIT_NEAR,,0.03,0
C1_n0.03_d000_r03,C1,202611,6.96,6.96,0.0,0.34099999999999997,0.34238429362995754,0.35419482145401987,NEAR,NEAR,0.6,1,ENTER_NEAR,,0.03,0
C1_n0.03_d000_r03,C1,202611,6.98,6.98,0.0,0.33924999999999994,0.31939012680456125,0.34549364779165526,NEAR,NEAR,0.6,1,,,0.03,0
C1_n0.03_d000_r03,C1,202611,7.0,7.0,0.0,0.3375,0.3173959491307435,0.3384692231264273,NEAR,NEAR,0.6,1,,,0.03,0
C1_n0.03_d000_r03,C1,202611,7.02,7.02,0.0,0.33575000000000005,0.3539007907173836,0.3423271150241664,NEAR,FAR,0.0,1,EXIT_NEAR,,0.03,0
C1_n0.03_d000_r03,C1,202611,7.04,7.04,0.0,0.334,0.3439984702041932,0.3427449538191731,NEAR,NEAR,0.6,1,ENTER_NEAR,,0.03,0
C1_n0.03_d000_r03,C1,202611,7.06,7.06,0.0,0.33225000000000005,0.34420355849904816,0.34310960498914184,NEAR,NEAR,0.6,1,,,0.03,0
C1_n0.03_d000_r03,C1,202611,7.08,7.08,0.0,0.3305,0.27926357188679435,0.327148096713555,NEAR,NEAR,0.6,1,,,0.03,0
C1_n0.03_d000_r03,C1,202611,7.1,7.1,0.0,0.32875000000000004,0.4042807389421693,0.34643125727070856,NEAR,FAR,0.0,1,EXIT_NEAR,,0.03,0
C1_n0.03_d000_r03,C1,202611,7.12,7.12,0.0,0.327,0.3490749081101152,0.3470921699805602,NEAR,NEAR,0.6,1,ENTER_NEAR,,0.03,0
C1_n0.03_d000_r03,C1,202611,7.14,7.14,0.0,0.32525000000000004,0.33462633888501614,0.34397571220667417,NEAR,NEAR,0.6,1,,,0.03,0
C1_n0.03_d000_r03,C1,202611,7.16,7.16,0.0,0.3235,0.265318744617243,0.32431147030931634,NEAR,NEAR,0.6,1,,,0.03,0
C1_n0.03_d000_r03,C1,202611,7.18,7.18,0.0,0.32175000000000004,0.28806854877936294,0.31525073992682795,NEAR,NEAR,0.6,1,,,0.03,0
C1_n0.03_d000_r03,C1,202611,7.2,7.2,0.0,0.32,0.27742578856530886,0.3057945020864482,NEAR,NEAR,0.6,1,,,0.03,0
C1_n0.03_d000_r03,C1,202611,7.22,7.22,0.0,0.31825000000000003,0.2811260415576767,0.29962738695425534,NEAR,NEAR,0.6,1,,,0.03,0
C1_n0.03_d000_r03,C1,202611,7.24,7.24,0.0,0.3165,0.29166450069212374,0.2976366653887224,NEAR,NEAR,0.6,1,,,0.03,0
C1_n0.03_d000_r03,C1,202611,7.26,7.26,0.0,0.31475000000000003,0.2973821988361947,0.2975730487505905,NEAR,NEAR,0.6,1,,,0.03,0
C1_n0.03_d000_r03,C1,202611,7.28,7.28,0.0,0.313,0.2841938770765637,0.2942282558320838,NEAR,NEAR,0.6,1,,,0.03,0
C1_n0.03_d000_r03,C1,202611,7.3,7.3,0.0,0.31125,0.3699349680694156,0.31315493389141674,NEAR,FAR,0.0,1,EXIT_NEAR,,0.03,0
C1_n0.03_d000_r03,C1,202611,7.32,7.32,0.0,0.3095,0.314169645063134,0.31340861168434603,NEAR,NEAR,0.6,1,ENTER_NEAR,,0.03,0
C1_n0.03_d000_r03,C1,202611,7.34,7.34,0.0,0.30775,0.35796108015119626,0.3245467288010586,NEAR,FAR,0.0,1,EXIT_NEAR,,0.03,0
C1_n0.03_d000_r03,C1,202611,7.36,7.36,0.0,0.306,0.34455463456175417,0.3295487052412325,NEAR,NEAR,0.6,1,ENTER_NEAR,,0.03,0
C1_n0.03_d000_r03,C1,202611,7.38,7.38,0.0,0.30425,0.26872065519895927,0.31434169273066415,NEAR,NEAR,0.6,1,,,0.03,0
C1_n0.03_d000_r03,C1,202611,7.4,7.4,0.0,0.3025,0.34526990570048693,0.32207374597311983,NEAR,NEAR,0.6,1,,,0.03,0
C1_n0.03_d000_r03,C1,202611,7.42,7.42,0.0,0.30075,0.3012224547271611,0.31686092316163017,NEAR,NEAR,0.6,1,,,0.03,0
C1_n0.03_d000_r03,C1,202611,7.44,7.44,0.0,0.299,0.27311390205909164,0.3059241678859955,NEAR,NEAR,0.6,1,,,0.03,0
C1_n0.03_d000_r03,C1,202611,7.46,7.46,0.0,0.29725,0.33871379251889616,0.3141215740442207,NEAR,NEAR,0.6,1,,,0.03,0
C1_n0.03_d000_r03,C1,202611,7.48,7.48,0.0,0.2955,0.336216016895731,0.31964518475709824,NEAR,NEAR,0.6,1,,,0.03,0
C1_n0.03_d000_r03,C1,202611,7.5,7.5,0.0,0.29375,0.31036044895343096,0.3173240008061814,NEAR,NEAR,0.6,1,,,0.03,0
C1_n0.03_d000_r03,C1,202611,7.52,7.52,0.0,0.29200000000000004,0.2680500489937274,0.3050055128530679,NEAR,NEAR,0.6,1,,,0.03,0
C1_n0.03_d000_r03,C1,202611,7.54,7.54,0.0,0.29025,0.26067031279004477,0.2939217128373121,NEAR,NEAR,0.6,1,,,0.03,0
C1_n0.03_d000_r03,C1,202611,7.56,7.56,0.0,0.28850000000000003,0.3233917365504557,0.301289218765598,NEAR,NEAR,0.6,1,,,0.03,0
C1_n0.03_d000_r03,C1,202611,7.58,7.58,0.0,0.28675,0.257227954018565,0.2902739025788398,NEAR,NEAR,0.6,1,,,0.03,0
C1_n0.03_d000_r03,C1,202611,7.6,7.6,0.0,0.28500000000000003,0.31554070973322,0.29659060436743484,NEAR,NEAR,0.6,1,,,0.03,0
C1_n0.03_d000_r03,C1,202611,7.62,7.62,0.0,0.28325,0.28554688194658157,0.2938296737622215,NEAR,NEAR,0.6,1,,,0.03,0
C1_n0.03_d000_r03,C1,202611,7.64,7.64,0.0,0.28150000000000003,0.2674762750902195,0.28724132409422104,NEAR,NEAR,0.6,1,,,0.03,0
C1_n0.03_d000_r03,C1,202611,7.66,7.66,0.0,0.27975,0.2606512524385667,0.28059380618030744,NEAR,NEAR,0.6,1,,,0.03,0
C1_n0.03_d000_r03,C1,202611,7.68,7.68,0.0,0.278,0.26402953187749945,0.2764527376046054,NEAR,NEAR,0.6,1,,,0.03,0
C1_n0.03_d000_r03,C1,202611,7.7,7.7,0.0,0.27625,0.2895483555969859,0.27972664210270054,NEAR,NEAR,0.6,1,,,0.03,0
C1_n0.03_d000_r03,C1,202611,7.72,7.72,0.0,0.2745,0.27925396437450145,0.2796084726706508,NEAR,NEAR,0.6,1,,,0.03,0
C1_n0.03_d000_r03,C1,202611,7.74,7.74,0.0,0.27275,0.28829205696869203,0.28177936874516113,NEAR,NEAR,0.6,1,,,0.03,0
C1_n0.03_d000_r03,C1,202611,7.76,7.76,0.0,0.271,0.22184874939532068,0.26679671390770104,NEAR,NEAR,0.6,1,,,0.03,0
C1_n0.03_d000_r03,C1,202611,7.78,7.78,0.0,0.26925,0.23788283098728635,0.2595682431775974,NEAR,NEAR,0.6,1,,,0.03,0
C1_n0.03_d000_r03,C1,202611,7.8,7.8,0.0,0.2675,0.2721801692903725,0.2627212247057912,NEAR,NEAR,0.6,1,,,0.03,0
C1_n0.03_d000_r03,C1,202611,7.82,7.82,0.0,0.26575,0.3008025407516845,0.2722415537172645,NEAR,NEAR,0.6,1,,,0.03,0
C1_n0.03_d000_r03,C1,202611,7.84,7.84,0.0,0.264,0.2643370136469165,0.2702654186996775,NEAR,NEAR,0.6,1,,,0.03,0
C1_n0.03_d000_r03,C1,202611,7.86,7.86,0.0,0.26225,0.24386228200906906,0.2636646345270254,NEAR,NEAR,0.6,1,,,0.03,0
C1_n0.03_d000_r03,C1,202611,7.88,7.88,0.0,0.2605,0.3199525282403256,0.27773660795535043,NEAR,NEAR,0.6,1,,,0.03,0
C1_n0.03_d000_r03,C1,202611,7.9,7.9,0.0,0.25875,0.280489727112762,0.2784248877447033,NEAR,NEAR,0.6,1,,,0.03,0
C1_n0.03_d000_r03,C1,202611,7.92,7.92,0.0,0.257,0.2696822961681492,0.27623923985056476,NEAR,NEAR,0.6,1,,,0.03,0
C1_n0.03_d000_r03,C1,202611,7.94,7.94,0.0,0.25525,0.2491502644765266,0.2694669960070552,NEAR,NEAR,0.6,1,,,0.03,0
C1_n0.03_d000_r03,C1,202611,7.96,7.96,0.0,0.2535,0.228007308369826,0.2591020740977479,NEAR,NEAR,0.6,1,,,0.03,0
C1_n0.03_d000_r03,C1,202611,7.98,7.98,0.0,0.25175,0.28694614474428193,0.26606309175938136,NEAR,NEAR,0.6,1,,,0.03,0
C1_n0.03_d000_r03,C1,202611,8.0,8.0,0.0,0.25,0.3027282372715045,0.27522937813741216,NEAR,NEAR,0.6,1,,,0.03,0
C1_n0.03_d000_r03,C1,202611,8.02,8.02,0.0,0.2522533838368113,0.2928679209408611,0.2796390138382744,NEAR,NEAR,0.6,1,,,0.03,0
C1_n0.03_d000_r03,C1,202611,8.04,8.04,0.0,0.25445562372365543,0.24552809398851033,0.2711112838758334,NEAR,NEAR,0.6,1,,,0.03,0
C1_n0.03_d000_r03,C1,202611,8.06,8.06,0.0,0.25655673649976407,0.27266275822567143,0.2714991524632929,NEAR,NEAR,0.6,1,,,0.03,0
C1_n0.03_d000_r03,C1,202611,8.08,8.08,0.0,0.25850903423690136,0.2681525676418698,0.27066250625793714,NEAR,NEAR,0.6,1,,,0.03,0
C1_n0.03_d000_r03,C1,202611,8.1,8.1,0.0,0.2602682065889303,0.28024161043962426,0.2730572823033589,NEAR,NEAR,0.6,1,,,0.03,0
C1_n0.03_d000_r03,C1,202611,8.12,8.12,0.0,0.26179432648204926,0.22985281565274307,0.262256165640705,NEAR,NEAR,0.6,1,,,0.03,0
C1_n0.03_d000_r03,C1,202611,8.14,8.14,0.0,0.26305275632004294,0.3024818543019737,0.2723125878060222,NEAR,NEAR,0.6,1,,,0.03,0
C1_n0.03_d000_r03,C1,202611,8.16,8.16,0.0,0.2640149341368492,0.29054759951657344,0.27687134073366,NEAR,NEAR,0.6,1,,,0.03,0
C1_n0.03_d000_r03,C1,202611,8.18,8.18,0.0,0.2646590218535229,0.27753052213978135,0.2770361360851903,NEAR,NEAR,0.6,1,,,0.03,0
C1_n0.03_d000_r03,C1,202611,8.2,8.2,0.0,0.26497040092642404,0.3184296577299013,0.28738451649636804,NEAR,NEAR,0.6,1,,,0.03,0
C1_n0.03_d000_r03,C1,202611,8.22,8.22,0.0,0.2649420041371476,0.2156718540081072,0.26945635087430286,NEAR,NEAR,0.6,1,,,0.03,0
C1_n0.03_d000_r03,C1,202611,8.24,8.24,0.0,0.2645744759937201,0.2299731953742145,0.2595855619992808,NEAR,NEAR,0.6,1,,,0.03,0
C1_n0.03_d000_r03,C1,202611,8.26,8.26,0.0,0.26387615810251686,0.25250412605870304,0.25781520301413635,NEAR,NEAR,0.6,1,,,0.03,0
C1_n0.03_d000_r03,C1,202611,8.28,8.28,0.0,0.26286289984290484,0.24512179395491257,0.25464185074933043,NEAR,NEAR,0.6,1,,,0.03,0
C1_n0.03_d000_r03,C1,202611,8.3,8.3,0.0,0.2615576986416368,0.23126555152207345,0.24879777594251618,NEAR,NEAR,0.6,1,,,0.03,0
C1_n0.03_d000_r03,C1,202611,8.32,8.32,0.0,0.25999017801151375,0.2739151755081376,0.2550771258339215,NEAR,NEAR,0.6,1,,,0.03,0
C1_n0.03_d000_r03,C1,202611,8.34,8.34,0.0,0.25819591520101404,0.25020915025088375,0.25386013193816204,NEAR,NEAR,0.6,1,,,0.03,0
C1_n0.03_d000_r03,C1,202611,8.36,8.36,0.0,0.2562156337148993,0.26166962323486437,0.25581250476233763,NEAR,NEAR,0.6,1,,,0.03,0
C1_n0.03_d000_r03,C1,202611,8.38,8.38,0.0,0.2540942790327598,0.2790460802756242,0.2616208986406593,NEAR,NEAR,0.6,1,,,0.03,0
C1_n0.03_d000_r03,C1,202611,8.4,8.4,0.0,0.25187999850346454,0.22472452771446105,0.25239680590910973,NEAR,NEAR,0.6,1,,,0.03,0
C1_n0.03_d000_r03,C1,202611,8.42,8.42,0.0,0.24962304856834994,0.26929006864114474,0.2566201215921185,NEAR,NEAR,0.6,1,,,0.03,0
C1_n0.03_d000_r03,C1,202611,8.44,8.44,0.0,0.2473746541153709,0.26550400989039963,0.2588410936666888,NEAR,NEAR,0.6,1,,,0.03,0
C1_n0.03_d000_r03,C1,202611,8.46,8.46,0.0,0.24518584585289177,0.28270952599537796,0.2648082017488611,NEAR,NEAR,0.6,1,,,0.03,0
C1_n0.03_d000_r03,C1,202611,8.48,8.48,0.0,0.24310630209067763,0.22344176291367712,0.2544665920400651,NEAR,NEAR,0.6,1,,,0.03,0
C1_n0.03_d000_r03,C1,202611,8.5,8.5,0.0,0.24118322121561292,0.2306478870629045,0.24851191579577497,NEAR,NEAR,0.6,1,,,0.03,0
C1_n0.03_d000_r03,C1,202611,8.52,8.52,0.0,0.2394602504530173,0.29111160815362297,0.259161838885237,NEAR,NEAR,0.6,1,,,0.03,0
C1_n0.03_d000_r03,C1,202611,8.54,8.54,0.0,0.23797649522693692,0.25642684704185514,0.2584780909243915,NEAR,NEAR,0.6,1,,,0.03,0
C1_n0.03_d000_r03,C1,202611,8.56,8.56,0.0,0.23676563160347566,0.25178218444684214,0.25680411430500416,NEAR,NEAR,0.6,1,,,0.03,0
C1_n0.03_d000_r03,C1,202611,8.58,8.58,0.0,0.23585514196160703,0.23856074797541435,0.2522432727226067,NEAR,NEAR,0.6,1,,,0.03,0
C1_n0.03_d000_r03,C1,202611,8.6,8.6,0.0,0.23526569123906968,0.3239920772783373,0.27018047386153937,NEAR,NEAR,0.6,1,,,0.03,0
C1_n0.03_d000_r03,C1,202611,8.62,8.62,0.0,0.23501065791039116,0.19363723708809444,0.2510446646681781,NEAR,NEAR,0.6,1,,,0.03,0
C1_n0.03_d000_r03,C1,202611,8.64,8.64,0.0,0.23509583034219989,0.22325299708416269,0.24409674777217424,NEAR,NEAR,0.6,1,,,0.03,0
C1_n0.03_d000_r03,C1,202611,8.66,8.66,0.0,0.2355192754175009,0.23947035853861945,0.24294015046378553,NEAR,NEAR,0.6,1,,,0.03,0
C1_n0.03_d000_r03,C1,202611,8.68,8.68,0.0,0.23627138241068624,0.21421344999620998,0.23575847534689162,NEAR,NEAR,0.6,1,,,0.03,0
C1_n0.03_d000_r03,C1,202611,8.7,8.7,0.0,0.23733508111746973,0.29039226444904587,0.24941692262243018,NEAR,NEAR,0.6,1,,,0.03,0
C1_n0.03_d000_r03,C1,202611,8.72,8.72,0.0,0.2386862292889585,0.21659610589360034,0.2412117184402227,NEAR,NEAR,0.6,1,,,0.03,0
C1_n0.03_d000_r03,C1,202611,8.74,8.74,0.0,0.24029416057645836,0.2405511684898608,0.24104658095263223,NEAR,NEAR,0.6,1,,,0.03,0
C1_n0.03_d000_r03,C1,202611,8.76,8.76,0.0,0.24212238055058052,0.21734411114550375,0.23512096350085013,NEAR,NEAR,0.6,1,,,0.03,0
C1_n0.03_d000_r03,C1,202611,8.78,8.78,0.0,0.24412939499744188,0.22042939156713304,0.23144807051742086,NEAR,NEAR,0.6,1,,,0.03,0
C1_n0.03_d000_r03,C1,202611,8.8,8.8,0.0,0.24626965169252724,0.23074549254375012,0.23127242602400316,NEAR,NEAR,0.6,1,,,0.03,0
C1_n0.03_d000_r03,C1,202611,8.82,8.82,0.0,0.2484945742772318,0.2546654789603655,0.23712068925809376,NEAR,NEAR,0.6,1,,,0.03,0
C1_n0.03_d000_r03,C1,202611,8.84,8.84,0.0,0.2507536647726965,0.2360802816249325,0.23686058734980348,NEAR,NEAR,0.6,1,,,0.03,0
C1_n0.03_d000_r03,C1,202611,8.86,8.86,0.0,0.25299564970771604,0.19947171228284305,0.22751336858306337,NEAR,NEAR,0.6,1,,,0.03,0
C1_n0.03_d000_r03,C1,202611,8.88,8.88,0.0,0.2551696438476178,0.2559807003674969,0.23463020152917174,NEAR,NEAR,0.6,1,,,0.03,0
C1_n0.03_d000_r03,C1,202611,8.9,8.9,0.0,0.2572263051115258,0.24682750435119577,0.23767952723467778,NEAR,NEAR,0.6,1,,,0.03,0
C1_n0.03_d000_r03,C1,202611,8.92,8.92,0.0,0.25911895446541905,0.24116186169164727,0.23855011084892014,NEAR,NEAR,0.6,1,,,0.03,0
C1_n0.03_d000_r03,C1,202611,8.94,8.94,0.0,0.26080463537331855,0.25304831909058023,0.24217466290933518,NEAR,NEAR,0.6,1,,,0.03,0
C1_n0.03_d000_r03,C1,202611,8.96,8.96,0.0,0.2622450887607578,0.23811222992975256,0.24115905466443951,NEAR,NEAR,0.6,1,,,0.03,0
C1_n0.03_d000_r03,C1,202611,8.98,8.98,0.0,0.263407621362269,0.23712179211127518,0.24014973902614842,NEAR,NEAR,0.6,1,,,0.03,0
C1_n0.03_d000_r03,C1,202611,9.0,9.0,0.0,0.2642658477444273,0.24792291231885047,0.24209303234932392,NEAR,NEAR,0.6,1,,,0.03,0
C1_n0.03_d000_r03,C1,202611,9.02,9.02,0.0,0.264800289163118,0.2984579489982187,0.2561842615115476,NEAR,NEAR,0.6,1,,,0.03,0
C1_n0.03_d000_r03,C1,202611,9.04,9.04,0.0,0.2649988156630572,0.2687958271572112,0.2593371529229635,NEAR,NEAR,0.6,1,,,0.03,0
C1_n0.03_d000_r03,C1,202611,9.06,9.06,0.0,0.26485692138544975,0.24570070006427264,0.25592803970829076,NEAR,NEAR,0.6,1,,,0.03,0
C1_n0.03_d000_r03,C1,202611,9.08,9.08,0.0,0.2643778268352606,0.27727494902120275,0.26126476703651874,NEAR,NEAR,0.6,1,,,0.03,0
C1_n0.03_d000_r03,C1,202611,9.1,9.1,0.0,0.2635724057869903,0.2836310558458116,0.266856339238842,NEAR,NEAR,0.6,1,,,0.03,0
C1_n0.03_d000_r03,C1,202611,9.12,9.12,0.0,0.2624589384879372,0.2828988582136995,0.27086696898255636,NEAR,NEAR,0.6,1,,,0.03,0
C1_n0.03_d000_r03,C1,202611,9.14,9.14,0.0,0.2610626967603726,0.2991986685417984,0.27794989387236685,NEAR,NEAR,0.6,1,,,0.03,0
C1_n0.03_d000_r03,C1,202611,9.16,9.16,0.0,0.25941537041936047,0.285572840154224,0.2798556304428311,NEAR,NEAR,0.6,1,,,0.03,0
C1_n0.03_d000_r03,C1,202611,9.18,9.18,0.0,0.2575543480245365,0.24489295108004863,0.2711149606021355,NEAR,NEAR,0.6,1,,,0.03,0
C1_n0.03_d000_r03,C1,202611,9.2,9.2,0.0,0.25552186829027024,0.24019418261890835,0.26338476610632877,NEAR,NEAR,0.6,1,,,0.03,0
C1_n0.03_d000_r03,C1,202611,9.22,9.22,0.0,0.25336406141424067,0.2610788336038664,0.2628082829807132,NEAR,NEAR,0.6,1,,,0.03,0
C1_n0.03_d000_r03,C1,202611,9.24,9.24,0.0,0.25112990208291897,0.18866120190889737,0.2442715127127592,NEAR,NEAR,0.6,1,,,0.03,0
C1_n0.03_d000_r03,C1,202611,9.26,9.26,0.0,0.24887009791708103,0.24557925868574498,0.24459844920600565,NEAR,NEAR,0.6,1,,,0.03,0
C1_n0.03_d000_r03,C1,202611,9.28,9.28,0.0,0.24663593858575936,0.21476692326920044,0.23714056772180436,NEAR,NEAR,0.6,1,,,0.03,0
C1_n0.03_d000_r03,C1,202611,9.3,9.3,0.0,0.24447813170972976,0.2207930046610561,0.2330536769566173,NEAR,NEAR,0.6,1,,,0.03,0
C1_n0.03_d000_r03,C1,202611,9.32,9.32,0.0,0.24244565197546356,0.2569496761648024,0.2390276767586636,NEAR,NEAR,0.6,1,,,0.03,0
C1_n0.03_d000_r03,C1,202611,9.34,9.34,0.0,0.2405846295806395,0.29586931223093793,0.25323808562673217,NEAR,NEAR,0.6,1,,,0.03,0
C1_n0.03_d000_r03,C1,202611,9.36,9.36,0.0,0.23893730323962742,0.2322659031808214,0.24799504001525446,NEAR,NEAR,0.6,1,,,0.03,0
C1_n0.03_d000_r03,C1,202611,9.38,9.38,0.0,0.23754106151206275,0.1911244194748732,0.23377738488015914,NEAR,NEAR,0.6,1,,,0.03,0
C1_n0.03_d000_r03,C1,202611,9.4,9.4,0.0,0.23642759421300968,0.212363588028386,0.22842393566721586,NEAR,NEAR,0.6,1,,,0.03,0
C1_n0.03_d000_r03,C1,202611,9.42,9.42,0.0,0.23562217316473935,0.2488249854809434,0.23352419812064773,NEAR,NEAR,0.6,1,,,0.03,0
C1_n0.03_d000_r03,C1,202611,9.44,9.44,0.0,0.23514307861455025,0.16212741679331544,0.21567500278881466,NEAR,NEAR,0.6,1,,,0.03,0
C1_n0.03_d000_r03,C1,202611,9.46,9.46,0.0,0.23500118433694275,0.2584805081196498,0.22637637912152342,NEAR,NEAR,0.6,1,,,0.03,0
C1_n0.03_d000_r03,C1,202611,9.48,9.48,0.0,0.235199710836882,0.22030539849175973,0.2248586339640825,NEAR,NEAR,0.6,1,,,0.03,0
C1_n0.03_d000_r03,C1,202611,9.5,9.5,0.0,0.2357341522555727,0.2222366170919487,0.22420312974604906,NEAR,NEAR,0.6,1,,,0.03,0
C1_n0.03_d000_r03,C1,202611,9.52,9.52,0.0,0.23659237863773103,0.25425280462906086,0.231715548466802,NEAR,NEAR,0.6,1,,,0.03,0
C1_n0.03_d000_r03,C1,202611,9.54,9.54,0.0,0.2377549112392422,0.2849307563960596,0.2450193504491164,NEAR,NEAR,0.6,1,,,0.03,0
C1_n0.03_d000_r03,C1,202611,9.56,9.56,0.0,0.23919536462668142,0.20232933583120005,0.23434684679463733,NEAR,NEAR,0.6,1,,,0.03,0
C1_n0.03_d000_r03,C1,202611,9.58,9.58,0.0,0.24088104553458092,0.26430223263886726,0.24183569325569482,NEAR,NEAR,0.6,1,,,0.03,0
C1_n0.03_d000_r03,C1,202611,9.6,9.6,0.0,0.24277369488847422,0.2010996532584975,0.23165168325639546,NEAR,NEAR,0.6,1,,,0.03,0
C1_n0.03_d000_r03,C1,202611,9.62,9.62,0.0,0.24483035615238213,0.2811256557916758,0.24402017639021553,NEAR,NEAR,0.6,1,,,0.03,0
C1_n0.03_d000_r03,C1,202611,9.64,9.64,0.0,0.24700435029228393,0.26097255624213667,0.2482582713531958,NEAR,NEAR,0.6,1,,,0.03,0
C1_n0.03_d000_r03,C1,202611,9.66,9.66,0.0,0.24924633522730347,0.2581811668947181,0.2507389952385764,NEAR,NEAR,0.6,1,,,0.03,0
C1_n0.03_d000_r03,C1,202611,9.68,9.68,0.0,0.2515054257227682,0.1672647804089462,0.22987044153116887,NEAR,NEAR,0.6,1,,,0.03,0
C1_n0.03_d000_r03,C1,202611,9.7,9.7,0.0,0.25373034830747276,0.193491958501189,0.22077582077367391,NEAR,NEAR,0.6,1,,,0.03,0
C1_n0.03_d000_r03,C1,202611,9.72,9.72,0.0,0.2558706050025581,0.27767002707832467,0.23499937234983662,NEAR,NEAR,0.6,1,,,0.03,0
C1_n0.03_d000_r03,C1,202611,9.74,9.74,0.0,0.25787761944941945,0.29694365654438243,0.25048544339847306,NEAR,NEAR,0.6,1,,,0.03,0
C1_n0.03_d000_r03,C1,202611,9.76,9.76,0.0,0.25970583942354164,0.22820284013368622,0.24491479258227633,NEAR,NEAR,0.6,1,,,0.03,0
C1_n0.03_d000_r03,C1,202611,9.78,9.78,0.0,0.2613137707110415,0.27506271647898006,0.25245177355645226,NEAR,NEAR,0.6,1,,,0.03,0
C1_n0.03_d000_r03,C1,202611,9.8,9.8,0.0,0.26266491888253024,0.2558546361534044,0.2533024892056903,NEAR,NEAR,0.6,1,,,0.03,0
C1_n0.03_d000_r03,C1,202611,9.82,9.82,0.0,0.26372861758931376,0.25266459124139806,0.25314301471461725,NEAR,NEAR,0.6,1,,,0.03,0
C1_n0.03_d000_r03,C1,202611,9.84,9.84,0.0,0.2644807245824991,0.26400822854038597,0.25585931817105945,NEAR,NEAR,0.6,1,,,0.03,0
C1_n0.03_d000_r03,C1,202611,9.86,9.86,0.0,0.2649041696578001,0.2563881391997065,0.2559915234282212,NEAR,NEAR,0.6,1,,,0.03,0
C1_n0.03_d000_r03,C1,202611,9.88,9.88,0.0,0.26498934208960884,0.2830722983763648,0.2627617171652571,NEAR,NEAR,0.6,1,,,0.03,0
C1_n0.03_d000_r03,C1,202611,9.9,9.9,0.0,0.26473430876093035,0.23611155350416246,0.25609917624998346,NEAR,NEAR,0.6,1,,,0.03,0
C1_n0.03_d000_r03,C1,202611,9.92,9.92,0.0,0.264144858038393,0.28366821680995447,0.26299143638997624,NEAR,NEAR,0.6,1,,,0.03,0
C1_n0.03_d000_r03,C1,202611,9.94,9.94,0.0,0.2632343683965243,0.23962069480964976,0.25714875099489465,NEAR,NEAR,0.6,1,,,0.03,0
C1_n0.03_d000_r03,C1,202611,9.96,9.96,0.0,0.2620235047730631,0.2875274362542789,0.2647434223097407,NEAR,NEAR,0.6,1,,,0.03,0
C1_n0.03_d000_r03,C1,202611,9.98,9.98,0.0,0.2605397495469827,0.21174716819303988,0.2514943587805655,NEAR,NEAR,0.6,1,,,0.03,0
C1_n0.03_d000_r03,C1,202611,10.0,10.0,0.0,0.2588167787843871,0.25629791035504634,0.2526952466741857,NEAR,NEAR,0.6,1,,,0.03,0
C1_n0.03_d000_r03,C1,202611,10.02,10.02,0.0,0.25689369790932237,0.26147733540872653,0.2548907688578209,NEAR,NEAR,0.6,1,,,0.03,0
C1_n0.03_d000_r03,C1,202611,10.04,10.04,0.0,0.25481415414710823,0.2490190920179775,0.25342284964786005,NEAR,NEAR,0.6,1,,,0.03,0
C1_n0.03_d000_r03,C1,202611,10.06,10.06,0.0,0.2526253458846291,0.2647274497530972,0.2562489996741693,NEAR,NEAR,0.6,1,,,0.03,0
C1_n0.03_d000_r03,C1,202611,10.08,10.08,0.0,0.25037695143165006,0.23322936205421227,0.25049409026918007,NEAR,NEAR,0.6,1,,,0.03,0
C1_n0.03_d000_r03,C1,202611,10.1,10.1,0.0,0.24812000149653549,0.29141458151938454,0.26072421308173116,NEAR,NEAR,0.6,1,,,0.03,0
C1_n0.03_d000_r03,C1,202611,10.12,10.12,0.0,0.24590572096724023,0.25314125653570674,0.25882847394522507,NEAR,NEAR,0.6,1,,,0.03,0
C1_n0.03_d000_r03,C1,202611,10.14,10.14,0.0,0.24378436628510067,0.18968179293862336,0.24154180369357464,NEAR,NEAR,0.6,1,,,0.03,0
C1_n0.03_d000_r03,C1,202611,10.16,10.16,0.0,0.24180408479898596,0.20706023209789112,0.23292141079465378,NEAR,NEAR,0.6,1,,,0.03,0
C1_n0.03_d000_r03,C1,202611,10.18,10.18,0.0,0.24000982198848625,0.2407385857887709,0.23487570454318307,NEAR,NEAR,0.6,1,,,0.03,0
C1_n0.03_d000_r03,C1,202611,10.2,10.2,0.0,0.23844230135836322,0.2379122108648066,0.23563483112358896,NEAR,NEAR,0.6,1,,,0.03,0
C1_n0.03_d000_r03,C1,202611,10.22,10.22,0.0,0.2371371001570952,0.23156409389205268,0.2346171468157049,NEAR,NEAR,0.6,1,,,0.03,0
C1_n0.03_d000_r03,C1,202611,10.24,10.24,0.0,0.23612384189748312,0.2206064346837968,0.23111446878272787,NEAR,NEAR,0.6,1,,,0.03,0
C1_n0.03_d000_r03,C1,202611,10.26,10.26,0.0,0.2354255240062799,0.23011815403510133,0.23086539009582124,NEAR,NEAR,0.6,1,,,0.03,0
C1_n0.03_d000_r03,C1,202611,10.28,10.28,0.0,0.23505799586285242,0.24480603288646258,0.23435055079348155,NEAR,NEAR,0.6,1,,,0.03,0
C1_n0.03_d000_r03,C1,202611,10.3,10.3,0.0,0.23502959907357593,0.2472913496827901,0.23758575051580869,NEAR,NEAR,0.6,1,,,0.03,0
C1_n0.03_d000_r03,C1,202611,10.32,10.32,0.0,0.23534097814647711,0.2201430148603778,0.23322506660195097,NEAR,NEAR,0.6,1,,,0.03,0
C1_n0.03_d000_r03,C1,202611,10.34,10.34,0.0,0.23598506586315082,0.19242993038001563,0.22302628254646714,NEAR,NEAR,0.6,1,,,0.03,0
C1_n0.03_d000_r03,C1,202611,10.36,10.36,0.0,0.23694724367995706,0.27070988611718627,0.23494718343914692,NEAR,NEAR,0.6,1,,,0.03,0
C1_n0.03_d000_r03,C1,202611,10.38,10.38,0.0,0.23820567351795077,0.2572736929511384,0.24052881081714478,NEAR,NEAR,0.6,1,,,0.03,0
C1_n0.03_d000_r03,C1,202611,10.4,10.4,0.0,0.2397317934110697,0.2191901573283045,0.2351941474449347,NEAR,NEAR,0.6,1,,,0.03,0
C1_n0.03_d000_r03,C1,202611,10.42,10.42,0.0,0.24149096576309861,0.21603210926879135,0.23040363790089885,NEAR,NEAR,0.6,1,,,0.03,0
C1_n0.03_d000_r03,C1,202611,10.44,10.44,0.0,0.24344326350023596,0.2173964350885754,0.22715183719781798,NEAR,NEAR,0.6,1,,,0.03,0
C1_n0.03_d000_r03,C1,202611,10.46,10.46,0.0,0.2455443762763446,0.28639994932387336,0.24196386522933183,NEAR,NEAR,0.6,1,,,0.03,0
C1_n0.03_d000_r03,C1,202611,10.48,10.48,0.0,0.24774661616318866,0.2749783531898758,0.2502174872194678,NEAR,NEAR,0.6,1,,,0.03,0
C1_n0.03_d000_r03,C1,202611,10.5,10.5,0.0,0.25,0.2787436242316184,0.25734902147250543,NEAR,NEAR,0.6,1,,,0.03,0
C1_n0.03_d000_r03,C1,202611,10.52,10.52,0.0,0.2522533838368113,0.2619165692609882,0.25849090841962613,NEAR,NEAR,0.6,1,,,0.03,0
C1_n0.03_d000_r03,C1,202611,10.54,10.54,0.0,0.2544556237236554,0.27610965087448563,0.262895594033341,NEAR,NEAR,0.6,1,,,0.03,0
C1_n0.03_d000_r03,C1,202611,10.56,10.56,0.0,0.256556736499764,0.29067350122623686,0.26984007083156497,NEAR,NEAR,0.6,1,,,0.03,0
C1_n0.03_d000_r03,C1,202611,10.58,10.58,0.0,0.25850903423690136,0.2584254937711396,0.26698642656645866,NEAR,NEAR,0.6,1,,,0.03,0
C1_n0.03_d000_r03,C1,202611,10.6,10.6,0.0,0.2602682065889303,0.26469019491091433,0.26641236865257256,NEAR,NEAR,0.6,1,,,0.03,0
C1_n0.03_d000_r03,C1,202611,10.62,10.62,0.0,0.2617943264820492,0.2601143796182131,0.2648378713939827,NEAR,NEAR,0.6,1,,,0.03,0
C1_n0.03_d000_r03,C1,202611,10.64,10.64,0.0,0.26305275632004294,0.24163811255424772,0.2590379316840489,NEAR,NEAR,0.6,1,,,0.03,0
C1_n0.03_d000_r03,C1,202611,10.66,10.66,0.0,0.2640149341368492,0.21733198006751675,0.24861144377991587,NEAR,NEAR,0.6,1,,,0.03,0
C1_n0.03_d000_r03,C1,202611,10.68,10.68,0.0,0.2646590218535229,0.234537719878344,0.2450930128045229,NEAR,NEAR,0.6,1,,,0.03,0
C1_n0.03_d000_r03,C1,202611,10.7,10.7,0.0,0.26497040092642404,0.2617510196910198,0.24925751452614714,NEAR,NEAR,0.6,1,,,0.03,0
C1_n0.03_d000_r03,C1,202611,10.72,10.72,0.0,0.2649420041371476,0.26546238710657744,0.25330873267125475,NEAR,NEAR,0.6,1,,,0.03,0
C1_n0.03_d000_r03,C1,202611,10.74,10.74,0.0,0.2645744759937201,0.2023510200149234,0.2405693045071719,NEAR,NEAR,0.6,1,,,0.03,0
C1_n0.03_d000_r03,C1,202611,10.76,10.76,0.0,0.26387615810251686,0.28321744490548045,0.25123133960674904,NEAR,NEAR,0.6,1,,,0.03,0
C1_n0.03_d000_r03,C1,202611,10.78,10.78,0.0,0.26286289984290484,0.246090207611629,0.24994605660796904,NEAR,NEAR,0.6,1,,,0.03,0
C1_n0.03_d000_r03,C1,202611,10.8,10.8,0.0,0.2615576986416368,0.17056124988154853,0.23009985492636392,NEAR,NEAR,0.6,1,,,0.03,0
C1_n0.03_d000_r03,C1,202611,10.82,10.82,0.0,0.25999017801151375,0.22112208645291745,0.22785541280800228,NEAR,NEAR,0.6,1,,,0.03,0
C1_n0.03_d000_r03,C1,202611,10.84,10.84,0.0,0.25819591520101404,0.2667062585244258,0.23756812423710816,NEAR,NEAR,0.6,1,,,0.03,0
C1_n0.03_d000_r03,C1,202611,10.86,10.86,0.0,0.25621563371489936,0.2342185370110003,0.23673072743058118,NEAR,NEAR,0.6,1,,,0.03,0
C1_n0.03_d000_r03,C1,202611,10.88,10.88,0.0,0.2540942790327598,0.21745194827576148,0.23191103264187624,NEAR,NEAR,0.6,1,,,0.03,0
C1_n0.03_d000_r03,C1,202611,10.9,10.9,0.0,0.2518799985034645,0.251932921704128,0.23691650490743915,NEAR,NEAR,0.6,1,,,0.03,0
C1_n0.03_d000_r03,C1,202611,10.92,10.92,0.0,0.24962304856834996,0.22350700787804204,0.23356413065008988,NEAR,NEAR,0.6,1,,,0.03,0
C1_n0.03_d000_r03,C1,202611,10.94,10.94,0.0,0.24737465411537093,0.22259354022129982,0.23082148304289238,NEAR,NEAR,0.6,1,,,0.03,0
C1_n0.03_d000_r03,C1,202611,10.96,10.96,0.0,0.24518584585289174,0.2312434322349561,0.2309269703409083,NEAR,NEAR,0.6,1,,,0.03,0
C1_n0.03_d000_r03,C1,202611,10.98,10.98,0.0,0.24310630209067766,0.2268853881399308,0.22991657479066396,NEAR,NEAR,0.6,1,,,0.03,0
C1_n0.03_d000_r03,C1,202611,11.0,11.0,0.0,0.24118322121561292,0.223801453704275,0.2283877945190667,NEAR,NEAR,0.6,1,,,0.03,0
C1_n0.03_d000_r03,C1,202611,11.02,11.02,0.0,0.2394602504530173,0.23133866316283389,0.22912551168000853,NEAR,NEAR,0.6,1,,,0.03,0
C1_n0.03_d000_r03,C1,202611,11.04,11.04,0.0,0.23797649522693692,0.2599621549295123,0.2368346724923845,NEAR,NEAR,0.6,1,,,0.03,0
C1_n0.03_d000_r03,C1,202611,11.06,11.06,0.0,0.2367656316034757,0.17239588720451246,0.2207249761704165,NEAR,NEAR,0.6,1,,,0.03,0
C1_n0.03_d000_r03,C1,202611,11.08,11.08,0.0,0.23585514196160703,0.17161430526844584,0.20844730844492382,NEAR,NEAR,0.6,1,,,0.03,0
C1_n0.03_d000_r03,C1,202611,11.1,11.1,0.0,0.23526569123906968,0.2560749784205596,0.22035422593883275,NEAR,NEAR,0.6,1,,,0.03,0
C1_n0.03_d000_r03,C1,202611,11.12,11.12,0.0,0.23501065791039116,0.2628940597408443,0.23098918438933563,NEAR,NEAR,0.6,1,,,0.03,0
C1_n0.03_d000_r03,C1,202611,11.14,11.14,0.0,0.23509583034219989,0.22582970023357785,0.22969931335039617,NEAR,NEAR,0.6,1,,,0.03,0
C1_n0.03_d000_r03,C1,202611,11.16,11.16,0.0,0.2355192754175009,0.24786444891320417,0.23424059724109816,NEAR,NEAR,0.6,1,,,0.03,0
C1_n0.03_d000_r03,C1,202611,11.18,11.18,0.0,0.2362713824106862,0.23318569521026736,0.23397687173339046,NEAR,NEAR,0.6,1,,,0.03,0
C1_n0.03_d000_r03,C1,202611,11.2,11.2,0.0,0.23733508111746973,0.1923493438127531,0.2235699897532311,NEAR,NEAR,0.6,1,,,0.03,0
C1_n0.03_d000_r03,C1,202611,11.22,11.22,0.0,0.23868622928895847,0.24533735994516465,0.22901183230121452,NEAR,NEAR,0.6,1,,,0.03,0
C1_n0.03_d000_r03,C1,202611,11.24,11.24,0.0,0.24029416057645833,0.2654917869345807,0.2381318209595561,NEAR,NEAR,0.6,1,,,0.03,0
C1_n0.03_d000_r03,C1,202611,11.26,11.26,0.0,0.24212238055058055,0.23640092539955465,0.23769909706955572,NEAR,NEAR,0.6,1,,,0.03,0
C1_n0.03_d000_r03,C1,202611,11.28,11.28,0.0,0.2441293949974419,0.24024716709767283,0.238336114576585,NEAR,NEAR,0.6,1,,,0.03,0
C1_n0.03_d000_r03,C1,202611,11.3,11.3,0.0,0.24626965169252724,0.23756469292549157,0.23814325916381163,NEAR,NEAR,0.6,1,,,0.03,0
C1_n0.03_d000_r03,C1,202611,11.32,11.32,0.0,0.2484945742772318,0.25644716464041273,0.2427192355329619,NEAR,NEAR,0.6,1,,,0.03,0
C1_n0.03_d000_r03,C1,202611,11.34,11.34,0.0,0.25075366477269656,0.22248143664533027,0.237659785811054,NEAR,NEAR,0.6,1,,,0.03,0
C1_n0.03_d000_r03,C1,202611,11.36,11.36,0.0,0.252995649707716,0.3111741444809544,0.2560383754785291,NEAR,NEAR,0.6,1,,,0.03,0
C1_n0.03_d000_r03,C1,202611,11.38,11.38,0.0,0.2551696438476178,0.25733969586889066,0.2563637055761195,NEAR,NEAR,0.6,1,,,0.03,0
C1_n0.03_d000_r03,C1,202611,11.4,11.4,0.0,0.2572263051115258,0.2513196826280854,0.255102699839111,NEAR,NEAR,0.6,1,,,0.03,0
C1_n0.03_d000_r03,C1,202611,11.42,11.42,0.0,0.25911895446541905,0.23838510069220514,0.2509233000523845,NEAR,NEAR,0.6,1,,,0.03,0
C1_n0.03_d000_r03,C1,202611,11.44,11.44,0.0,0.26080463537331855,0.30146367217087755,0.2635583930820078,NEAR,NEAR,0.6,1,,,0.03,0
C1_n0.03_d000_r03,C1,202611,11.46,11.46,0.0,0.2622450887607578,0.2670586352813472,0.2644334536318427,NEAR,NEAR,0.6,1,,,0.03,0
C1_n0.03_d000_r03,C1,202611,11.48,11.48,0.0,0.263407621362269,0.24839569871142636,0.2604240149017386,NEAR,NEAR,0.6,1,,,0.03,0
C1_n0.03_d000_r03,C1,202611,11.5,11.5,0.0,0.2642658477444273,0.25589654051667643,0.25929214630547304,NEAR,NEAR,0.6,1,,,0.03,0
C1_n0.03_d000_r03,C1,202611,11.52,11.52,0.0,0.264800289163118,0.3125590459046418,0.2726088712052652,NEAR,NEAR,0.6,1,,,0.03,0
C1_n0.03_d000_r03,C1,202611,11.54,11.54,0.0,0.2649988156630572,0.22433027187840587,0.2605392213735504,NEAR,NEAR,0.6,1,,,0.03,0
C1_n0.03_d000_r03,C1,202611,11.56,11.56,0.0,0.26485692138544975,0.2849699664299559,0.26664690763765175,NEAR,NEAR,0.6,1,,,0.03,0
C1_n0.03_d000_r03,C1,202611,11.58,11.58,0.0,0.2643778268352606,0.2861910521566944,0.27153294376741244,NEAR,NEAR,0.6,1,,,0.03,0
C1_n0.03_d000_r03,C1,202611,11.6,11.6,0.0,0.2635724057869903,0.29242310348998224,0.2767554836980549,NEAR,NEAR,0.6,1,,,0.03,0
C1_n0.03_d000_r03,C1,202611,11.62,11.62,0.0,0.2624589384879373,0.22246422136864963,0.26318266811570357,NEAR,NEAR,0.6,1,,,0.03,0
C1_n0.03_d000_r03,C1,202611,11.64,11.64,0.0,0.2610626967603726,0.2810435738477058,0.26764789454870413,NEAR,NEAR,0.6,1,,,0.03,0
C1_n0.03_d000_r03,C1,202611,11.66,11.66,0.0,0.2594153704193605,0.3114740099174053,0.27860442339087943,NEAR,NEAR,0.6,1,,,0.03,0
C1_n0.03_d000_r03,C1,202611,11.68,11.68,0.0,0.2575543480245365,0.234053557287548,0.2674667068650466,NEAR,NEAR,0.6,1,,,0.03,0
C1_n0.03_d000_r03,C1,202611,11.7,11.7,0.0,0.25552186829027024,0.26469599244037134,0.26677402825887775,NEAR,NEAR,0.6,1,,,0.03,0
C1_n0.03_d000_r03,C1,202611,11.72,11.72,0.0,0.25336406141424067,0.25913913601780925,0.2648653051986106,NEAR,NEAR,0.6,1,,,0.03,0
C1_n0.03_d000_r03,C1,202611,11.74,11.74,0.0,0.25112990208291897,0.27912464686600236,0.26843014061545856,NEAR,NEAR,0.6,1,,,0.03,0
C1_n0.03_d000_r03,C1,202611,11.76,11.76,0.0,0.24887009791708103,0.2075387683030229,0.25320729753734966,NEAR,NEAR,0.6,1,,,0.03,0
C1_n0.03_d000_r03,C1,202611,11.78,11.78,0.0,0.24663593858575936,0.2888936216183196,0.26212887855759215,NEAR,NEAR,0.6,1,,,0.03,0
C1_n0.03_d000_r03,C1,202611,11.8,11.8,0.0,0.2444781317097298,0.23223294310265133,0.25465489469385694,NEAR,NEAR,0.6,1,,,0.03,0
C1_n0.03_d000_r03,C1,202611,11.82,11.82,0.0,0.24244565197546356,0.24194637888268639,0.2514777657410643,NEAR,NEAR,0.6,1,,,0.03,0
C1_n0.03_d000_r03,C1,202611,11.84,11.84,0.0,0.2405846295806395,0.21996957470207903,0.24360071798131797,NEAR,NEAR,0.6,1,,,0.03,0
C1_n0.03_d000_r03,C1,202611,11.86,11.86,0.0,0.23893730323962745,0.2428971476547416,0.24342482539967386,NEAR,NEAR,0.6,1,,,0.03,0
C1_n0.03_d000_r03,C1,202611,11.88,11.88,0.0,0.23754106151206278,0.21335590354452477,0.2359075949358866,NEAR,NEAR,0.6,1,,,0.03,0
C1_n0.03_d000_r03,C1,202611,11.9,11.9,0.0,0.23642759421300968,0.2043316594883883,0.228013611074012,NEAR,NEAR,0.6,1,,,0.03,0
C1_n0.03_d000_r03,C1,202611,11.92,11.92,0.0,0.23562217316473938,0.2512838305060894,0.23383116593203135,NEAR,NEAR,0.6,1,,,0.03,0
C1_n0.03_d000_r03,C1,202611,11.94,11.94,0.0,0.23514307861455025,0.2248504493925359,0.23158598679715747,NEAR,NEAR,0.6,1,,,0.03,0
C1_n0.03_d000_r03,C1,202611,11.96,11.96,0.0,0.23500118433694275,0.2251054713159659,0.22996585792685958,NEAR,NEAR,0.6,1,,,0.03,0
C1_n0.03_d000_r03,C1,202611,11.98,11.98,0.0,0.235199710836882,0.2069006361449992,0.2241995524813945,NEAR,NEAR,0.6,1,,,0.03,0
C1_n0.03_d000_r03,C1,202611,12.0,12.0,0.0,0.25,0.24135636414856035,0.22848875539818597,NEAR,NEAR,0.6,1,,,0.03,0
C1_n0.03_d000_r03,C1,202611,12.02,12.02,0.0,0.25175,0.26916570177574,0.23865799199257448,NEAR,NEAR,0.6,1,,,0.03,0
C1_n0.03_d000_r03,C1,202611,12.04,12.04,0.0,0.25349999999999995,0.302624385015211,0.25464959024823364,NEAR,NEAR,0.6,1,,,0.03,0
C1_n0.03_d000_r03,C1,202611,12.06,12.06,0.0,0.25525000000000003,0.24691847133252884,0.25271681051930744,NEAR,NEAR,0.6,1,,,0.03,0
C1_n0.03_d000_r03,C1,202611,12.08,12.08,0.0,0.257,0.25140786740683,0.2523895747411881,NEAR,NEAR,0.6,1,,,0.03,0
C1_n0.03_d000_r03,C1,202611,12.1,12.1,0.0,0.25875,0.26116529763073953,0.25458350546357594,NEAR,NEAR,0.6,1,,,0.03,0
C1_n0.03_d000_r03,C1,202611,12.12,12.12,0.0,0.26049999999999995,0.3269074520995287,0.27266449212256416,NEAR,NEAR,0.6,1,,,0.03,0
C1_n0.03_d000_r03,C1,202611,12.14,12.14,0.0,0.26225000000000004,0.2874169042601159,0.2763525951569521,NEAR,NEAR,0.6,1,,,0.03,0
C1_n0.03_d000_r03,C1,202611,12.16,12.16,0.0,0.264,0.28680111794962043,0.27896472585511917,NEAR,NEAR,0.6,1,,,0.03,0
C1_n0.03_d000_r03,C1,202611,12.18,12.18,0.0,0.26575,0.2702820196085121,0.2767940492934674,NEAR,NEAR,0.6,1,,,0.03,0
C1_n0.03_d000_r03,C1,202611,12.2,12.2,0.0,0.26749999999999996,0.31350743574446394,0.28597239590621654,NEAR,NEAR,0.6,1,,,0.03,0
C1_n0.03_d000_r03,C1,202611,12.22,12.22,0.0,0.26925000000000004,0.3110115863900156,0.2922321935271663,NEAR,NEAR,0.6,1,,,0.03,0
C1_n0.03_d000_r03,C1,202611,12.24,12.24,0.0,0.271,0.3064311843795945,0.29578194124027335,NEAR,NEAR,0.6,1,,,0.03,0
C1_n0.03_d000_r03,C1,202611,12.26,12.26,0.0,0.27275,0.2976015394625144,0.2962368407958336,NEAR,NEAR,0.6,1,,,0.03,0
C1_n0.03_d000_r03,C1,202611,12.28,12.28,0.0,0.27449999999999997,0.27830332398699703,0.2917534615936245,NEAR,NEAR,0.6,1,,,0.03,0
C1_n0.03_d000_r03,C1,202611,12.3,12.3,0.0,0.27625000000000005,0.3268325264301969,0.3005232278027676,NEAR,NEAR,0.6,1,,,0.03,0
C1_n0.03_d000_r03,C1,202611,12.32,12.32,0.0,0.278,0.29877494882818223,0.3000861580591212,NEAR,NEAR,0.6,1,,,0.03,0
C1_n0.03_d000_r03,C1,202611,12.34,12.34,0.0,0.27975,0.1944080303304628,0.2736666261269566,NEAR,NEAR,0.6,1,,,0.03,0
C1_n0.03_d000_r03,C1,202611,12.36,12.36,0.0,0.2815,0.2567655428055495,0.2694413552966048,NEAR,NEAR,0.6,1,,,0.03,0
C1_n0.03_d000_r03,C1,202611,12.38,12.38,0.0,0.28325000000000006,0.3331958352896023,0.28537997529485415,NEAR,NEAR,0.6,1,,,0.03,0
C1_n0.03_d000_r03,C1,202611,12.4,12.4,0.0,0.28500000000000003,0.297515187371698,0.2884137783140651,NEAR,NEAR,0.6,1,,,0.03,0
C1_n0.03_d000_r03,C1,202611,12.42,12.42,0.0,0.28675,0.3166451650359519,0.29547162499453683,NEAR,NEAR,0.6,1,,,0.03,0
C1_n0.03_d000_r03,C1,202611,12.44,12.44,0.0,0.2885,0.3099177425716699,0.2990831543888201,NEAR,NEAR,0.6,1,,,0.03,0
C1_n0.03_d000_r03,C1,202611,12.46,12.46,0.0,0.29025000000000006,0.32829796224953495,0.3063868563539988,NEAR,NEAR,0.6,1,,,0.03,0
C1_n0.03_d000_r03,C1,202611,12.48,12.48,0.0,0.29200000000000004,0.2799761432802054,0.29978417808555047,NEAR,NEAR,0.6,1,,,0.03,0
C1_n0.03_d000_r03,C1,202611,12.5,12.5,0.0,0.29375,0.27947372267539816,0.2947065642330124,NEAR,NEAR,0.6,1,,,0.03,0
C1_n0.03_d000_r03,C1,202611,12.52,12.52,0.0,0.2955,0.2963385863074592,0.2951145697516241,NEAR,NEAR,0.6,1,,,0.03,0
C1_n0.03_d000_r03,C1,202611,12.54,12.54,0.0,0.2972499999999999,0.27092115395020117,0.28906621580126834,NEAR,NEAR,0.6,1,,,0.03,0
C1_n0.03_d000_r03,C1,202611,12.56,12.56,0.0,0.29900000000000004,0.2800341539240866,0.2868082003319729,NEAR,NEAR,0.6,1,,,0.03,0
C1_n0.03_d000_r03,C1,202611,12.58,12.58,0.0,0.30075,0.3056741675057509,0.2915246921254174,NEAR,NEAR,0.6,1,,,0.03,0
C1_n0.03_d000_r03,C1,202611,12.6,12.6,0.0,0.3025,0.3014088800109615,0.29399573909680343,NEAR,NEAR,0.6,1,,,0.03,0
C1_n0.03_d000_r03,C1,202611,12.62,12.62,0.0,0.3042499999999999,0.2817238788602005,0.2909277740376527,NEAR,NEAR,0.6,1,,,0.03,0
C1_n0.03_d000_r03,C1,202611,12.64,12.64,0.0,0.30600000000000005,0.2557201620863307,0.2821258710498222,NEAR,NEAR,0.6,1,,,0.03,0
C1_n0.03_d000_r03,C1,202611,12.66,12.66,0.0,0.30775,0.30864765937239563,0.28875631813046554,NEAR,NEAR,0.6,1,,,0.03,0
C1_n0.03_d000_r03,C1,202611,12.68,12.68,0.0,0.3095,0.3736213295862205,0.3099725709944043,NEAR,FAR,0.0,1,EXIT_NEAR,,0.03,0
C1_n0.03_d000_r03,C1,202611,12.7,12.7,0.0,0.3112499999999999,0.34153399613513624,0.31786292727958726,NEAR,NEAR,0.6,1,ENTER_NEAR,,0.03,0
C1_n0.03_d000_r03,C1,202611,12.72,12.72,0.0,0.31300000000000006,0.2701092816196191,0.30592451586459524,NEAR,NEAR,0.6,1,,,0.03,0
C1_n0.03_d000_r03,C1,202611,12.74,12.74,0.0,0.31475000000000003,0.35254891279860484,0.31758061509809765,NEAR,FAR,0.0,1,EXIT_NEAR,,0.03,0
C1_n0.03_d000_r03,C1,202611,12.76,12.76,0.0,0.3165,0.3024265023238394,0.3137920869045331,NEAR,NEAR,0.6,1,ENTER_NEAR,,0.03,0
C1_n0.03_d000_r03,C1,202611,12.78,12.78,0.0,0.3182499999999999,0.2915459989966396,0.30823056492755974,NEAR,NEAR,0.6,1,,,0.03,0
C1_n0.03_d000_r03,C1,202611,12.8,12.8,0.0,0.32000000000000006,0.3333614134169592,0.3145132770499096,NEAR,NEAR,0.6,1,,,0.03,0
C1_n0.03_d000_r03,C1,202611,12.82,12.82,0.0,0.32175000000000004,0.29606369158706314,0.30990088068419797,NEAR,NEAR,0.6,1,,,0.03,0
C1_n0.03_d000_r03,C1,202611,12.84,12.84,0.0,0.3235,0.34641127391222976,0.3190284789912059,NEAR,NEAR,0.6,1,,,0.03,0
C1_n0.03_d000_r03,C1,202611,12.86,12.86,0.0,0.32524999999999993,0.32884854591292023,0.3214834957216345,NEAR,NEAR,0.6,1,,,0.03,0
C1_n0.03_d000_r03,C1,202611,12.88,12.88,0.0,0.32700000000000007,0.362881424640676,0.3318329779513949,NEAR,FAR,0.0,1,EXIT_NEAR,,0.03,0
C1_n0.03_d000_r03,C1,202611,12.9,12.9,0.0,0.32875000000000004,0.32090122482183897,0.3291000396690059,NEAR,NEAR,0.6,1,ENTER_NEAR,,0.03,0
C1_n0.03_d000_r03,C1,202611,12.92,12.92,0.0,0.3305,0.33907704826608637,0.33159429181827604,NEAR,NEAR,0.6,1,,,0.03,0
C1_n0.03_d000_r03,C1,202611,12.94,12.94,0.0,0.33224999999999993,0.3382202749170709,0.3332507875929748,NEAR,NEAR,0.6,1,,,0.03,0
C1_n0.03_d000_r03,C1,202611,12.96,12.96,0.0,0.3340000000000001,0.34547016208528064,0.3363056312160512,NEAR,NEAR,0.6,1,,,0.03,0
C1_n0.03_d000_r03,C1,202611,12.98,12.98,0.0,0.33575000000000005,0.3192035027122512,0.33203009909010117,NEAR,NEAR,0.6,1,,,0.03,0
C1_n0.03_d000_r03,C1,202611,13.0,13.0,0.0,0.3375,0.330460634328334,0.33163773289965937,NEAR,NEAR,0.6,1,,,0.03,0
C1_n0.03_d000_r03,C1,202611,13.02,13.02,0.0,0.33924999999999994,0.3513539254024212,0.3365667810253498,NEAR,FAR,0.0,1,EXIT_NEAR,,0.03,0
C1_n0.03_d000_r03,C1,202611,13.04,13.04,0.0,0.3409999999999999,0.32333468611254657,0.333258757297149,NEAR,NEAR,0.6,1,ENTER_NEAR,,0.03,0
C1_n0.03_d000_r03,C1,202611,13.06,13.06,0.0,0.34275000000000005,0.35755089133336704,0.33933179080620346,NEAR,FAR,0.0,1,EXIT_NEAR,,0.03,0
C1_n0.03_d000_r03,C1,202611,13.08,13.08,0.0,0.34450000000000003,0.35928441477607437,0.3443199467986712,NEAR,FAR,0.0,1,,,0.03,0
C1_n0.03_d000_r03,C1,202611,13.1,13.1,0.0,0.34624999999999995,0.3523777515106439,0.3463343979766644,NEAR,FAR,0.0,1,,,0.03,0
C1_n0.03_d000_r03,C1,202611,13.12,13.12,0.0,0.3479999999999999,0.3310452615726876,0.34251211387567015,NEAR,NEAR,0.6,1,ENTER_NEAR,,0.03,0
C1_n0.03_d000_r03,C1,202611,13.14,13.14,0.0,0.34975000000000006,0.340263188859218,0.3419498826215571,NEAR,NEAR,0.6,1,,,0.03,0
C1_n0.03_d000_r03,C1,202611,13.16,13.16,0.0,0.35150000000000003,0.32920482636177956,0.3387636185566127,FAR,NEAR,0.6,1,,,0.03,0
C1_n0.03_d000_r03,C1,202611,13.18,13.18,0.0,0.35324999999999995,0.363491683275385,0.34494563473630574,FAR,FAR,0.0,1,EXIT_NEAR,,0.03,0
C1_n0.03_d000_r03,C1,202611,13.2,13.2,0.0,0.3549999999999999,0.3359399110108861,0.3426942038049508,FAR,NEAR,0.6,1,ENTER_NEAR,,0.03,0
C1_n0.03_d000_r03,C1,202611,13.22,13.22,0.0,0.35675000000000007,0.3447056603039767,0.3431970679297073,FAR,NEAR,0.6,1,,,0.03,0
C1_n0.03_d000_r03,C1,202611,13.24,13.24,0.0,0.35850000000000004,0.31405005769916566,0.3359103153720719,FAR,NEAR,0.6,1,,,0.03,0
C1_n0.03_d000_r03,C1,202611,13.26,13.26,0.0,0.36024999999999996,0.3674339784794652,0.3437912311489202,FAR,FAR,0.0,1,EXIT_NEAR,,0.03,0
C1_n0.03_d000_r03,C1,202611,13.28,13.28,0.0,0.36199999999999993,0.3886041356166845,0.35499445726586126,FAR,FAR,0.0,1,,,0.03,0
C1_n0.03_d000_r03,C1,202611,13.3,13.3,0.0,0.3637500000000001,0.4033626027721647,0.3670864936424371,FAR,FAR,0.0,1,,,0.03,0
C1_n0.03_d000_r03,C1,202611,13.32,13.32,0.0,0.36550000000000005,0.3458412753354523,0.3617751890656909,FAR,NEAR,0.6,1,ENTER_NEAR,,0.03,0
C1_n0.03_d000_r03,C1,202611,13.34,13.34,0.0,0.36724999999999997,0.35878218081290264,0.36102693700249383,FAR,FAR,0.0,1,EXIT_NEAR,,0.03,0
C1_n0.03_d000_r03,C1,202611,13.36,13.36,0.0,0.36899999999999994,0.39182015961665395,0.36872524265603385,FAR,FAR,0.0,1,,,0.03,0
C1_n0.03_d000_r03,C1,202611,13.38,13.38,0.0,0.3707500000000001,0.37023525165125953,0.36910274490484024,FAR,FAR,0.0,1,,,0.03,0
C1_n0.03_d000_r03,C1,202611,13.4,13.4,0.0,0.37250000000000005,0.37039548512095555,0.369425929958869,FAR,FAR,0.0,1,,,0.03,0
C1_n0.03_d000_r03,C1,202611,13.42,13.42,0.0,0.37424999999999997,0.32709707934954385,0.3588437173065377,FAR,NEAR,0.6,1,ENTER_NEAR,,0.03,0
C1_n0.03_d000_r03,C1,202611,13.44,13.44,0.0,0.37599999999999995,0.3674908024253035,0.36100548858622916,FAR,FAR,0.0,1,EXIT_NEAR,,0.03,0
C1_n0.03_d000_r03,C1,202611,13.46,13.46,0.0,0.37775000000000003,0.36436742689527446,0.36184597316349043,FAR,FAR,0.0,1,,,0.03,0
C1_n0.03_d000_r03,C1,202611,13.48,13.48,0.0,0.37950000000000006,0.3831066723131018,0.3671611479508933,FAR,FAR,0.0,1,,,0.03,0
C1_n0.03_d000_r03,C1,202611,13.5,13.5,0.0,0.38125,0.3634605367317227,0.36623599514610067,FAR,FAR,0.0,1,,,0.03,0
C1_n0.03_d000_r03,C1,202611,13.52,13.52,0.0,0.38299999999999995,0.40166362801089317,0.3750929033622988,FAR,FAR,0.0,1,,,0.03,0
C1_n0.03_d000_r03,C1,202611,13.54,13.54,0.0,0.3847499999999999,0.3764986836377351,0.37544434843115787,FAR,FAR,0.0,1,,,0.03,0
C1_n0.03_d000_r03,C1,202611,13.56,13.56,0.0,0.38650000000000007,0.4212892302887852,0.3869055688955647,FAR,FAR,0.0,1,,,0.03,0
C1_n0.03_d000_r03,C1,202611,13.58,13.58,0.0,0.38825,0.39416494737830293,0.38872041351624925,FAR,FAR,0.0,1,,,0.03,0
C1_n0.03_d000_r03,C1,202611,13.6,13.6,0.0,0.38999999999999996,0.3171216473931141,0.37082072198546545,FAR,NEAR,0.6,1,ENTER_NEAR,,0.03,0
C1_n0.03_d000_r03,C1,202611,13.62,13.62,0.0,0.39174999999999993,0.3645755836022065,0.3692594373896507,FAR,FAR,0.0,1,EXIT_NEAR,,0.03,0
C1_n0.03_d000_r03,C1,202611,13.64,13.64,0.0,0.39350000000000007,0.42646698823889767,0.38356132510196245,FAR,FAR,0.0,1,,,0.03,0
C1_n0.03_d000_r03,C1,202611,13.66,13.66,0.0,0.39525,0.42877287295717753,0.3948642120657662,FAR,FAR,0.0,1,,,0.03,0
C1_n0.03_d000_r03,C1,202611,13.68,13.68,0.0,0.39699999999999996,0.4162527126849369,0.4002113372205589,FAR,FAR,0.0,1,,,0.03,0
C1_n0.03_d000_r03,C1,202611,13.7,13.7,0.0,0.39874999999999994,0.35926762936773804,0.3899754102573537,FAR,FAR,0.0,1,,,0.03,0
C1_n0.03_d000_r03,C1,202611,13.72,13.72,0.0,0.4005000000000001,0.3564829557187938,0.3816022966227138,FAR,FAR,0.0,1,,,0.03,0
C1_n0.03_d000_r03,C1,202611,13.74,13.74,0.0,0.40225,0.398799661336751,0.3859016378012231,FAR,FAR,0.0,1,,,0.03,0
C1_n0.03_d000_r03,C1,202611,13.76,13.76,0.0,0.40399999999999997,0.447986630760414,0.40142288604102083,FAR,FAR,0.0,1,,,0.03,0
C1_n0.03_d000_r03,C1,202611,13.78,13.78,0.0,0.40574999999999994,0.40390600253807296,0.4020436651652839,FAR,FAR,0.0,1,,,0.03,0
C1_n0.03_d000_r03,C1,202611,13.8,13.8,0.0,0.4075000000000001,0.4362801384230801,0.41060278347973295,FAR,FAR,0.0,1,,,0.03,0
C1_n0.03_d000_r03,C1,202611,13.82,13.82,0.0,0.40925,0.39109269420281717,0.405725261160504,FAR,FAR,0.0,1,,,0.03,0
C1_n0.03_d000_r03,C1,202611,13.84,13.84,0.0,0.411,0.4013883253409515,0.4046410272056159,FAR,FAR,0.0,1,,,0.03,0
C1_n0.03_d000_r03,C1,202611,13.86,13.86,0.0,0.41274999999999995,0.4129571155787733,0.40672004929890526,FAR,FAR,0.0,1,,,0.03,0
C1_n0.03_d000_r03,C1,202611,13.88,13.88,0.0,0.4145000000000001,0.43286060325748654,0.4132551877885505,FAR,FAR,0.0,1,,,0.03,0
C1_n0.03_d000_r03,C1,202611,13.9,13.9,0.0,0.41625,0.4023592082534927,0.4105311929047861,FAR,FAR,0.0,1,,,0.03,0
C1_n0.03_d000_r03,C1,202611,13.92,13.92,0.0,0.418,0.44330002977974203,0.4187234021235251,FAR,FAR,0.0,1,,,0.03,0
C1_n0.03_d000_r03,C1,202611,13.94,13.94,0.0,0.41974999999999996,0.398494965541916,0.41366629297812285,FAR,FAR,0.0,1,,,0.03,0
C1_n0.03_d000_r03,C1,202611,13.96,13.96,0.0,0.4215000000000001,0.43061191130812076,0.41790269756062237,FAR,FAR,0.0,1,,,0.03,0
C1_n0.03_d000_r03,C1,202611,13.98,13.98,0.0,0.42325,0.40332628280298627,0.41425859387121333,FAR,FAR,0.0,1,,,0.03,0
C1_n0.03_d000_r03,C1,202611,14.0,14.0,0.0,0.425,0.43014426620915164,0.4182300119556979,FAR,FAR,0.0,1,,,0.03,0
C1_n0.03_d000_r03,C1,202611,14.02,14.02,0.0,0.42674999999999996,0.4250614040913071,0.4199378599896002,FAR,FAR,0.0,1,,,0.03,0
C1_n0.03_d000_r03,C1,202611,14.04,14.04,0.0,0.4284999999999999,0.4504333343223867,0.42756172857279684,FAR,FAR,0.0,1,,,0.03,0
C1_n0.03_d000_r03,C1,202611,14.06,14.06,0.0,0.43025,0.44758876503774486,0.43256848768903383,FAR,FAR,0.0,1,,,0.03,0
C1_n0.03_d000_r03,C1,202611,14.08,14.08,0.0,0.432,0.4755084107805135,0.4433034684619037,FAR,FAR,0.0,1,,,0.03,0
C1_n0.03_d000_r03,C1,202611,14.1,14.1,0.0,0.43374999999999997,0.4733145034425386,0.4508062272070624,FAR,FAR,0.0,1,,,0.03,0
C1_n0.03_d000_r03,C1,202611,14.12,14.12,0.0,0.4354999999999999,0.45434692901965545,0.4516914026602107,FAR,FAR,0.0,1,,,0.03,0
C1_n0.03_d000_r03,C1,202611,14.14,14.14,0.0,0.43725,0.4146027175776309,0.44241923138956574,FAR,FAR,0.0,1,,,0.03,0
C1_n0.03_d000_r03,C1,202611,14.16,14.16,0.0,0.439,0.4440843803791757,0.4428355186369682,FAR,FAR,0.0,1,,,0.03,0
C1_n0.03_d000_r03,C1,202611,14.18,14.18,0.0,0.44075,0.45907401279421833,0.44689514217628074,FAR,FAR,0.0,1,,,0.03,0
C1_n0.03_d000_r03,C1,202611,14.2,14.2,0.0,0.4424999999999999,0.3861911284974738,0.43171913875657897,FAR,FAR,0.0,1,,,0.03,0
C1_n0.03_d000_r03,C1,202611,14.22,14.22,0.0,0.44425000000000003,0.46804055300491626,0.44079949231866333,FAR,FAR,0.0,1,,,0.03,0
C1_n0.03_d000_r03,C1,202611,14.24,14.24,0.0,0.446,0.4380865746283406,0.44012126289608267,FAR,FAR,0.0,1,,,0.03,0
C1_n0.03_d000_r03,C1,202611,14.26,14.26,0.0,0.44775,0.4279288834775852,0.4370731680414583,FAR,FAR,0.0,1,,,0.03,0
C1_n0.03_d000_r03,C1,202611,14.28,14.28,0.0,0.4494999999999999,0.44473488684943274,0.4389885977434519,FAR,FAR,0.0,1,,,0.03,0
C1_n0.03_d000_r03,C1,202611,14.3,14.3,0.0,0.45125000000000004,0.4316480192561504,0.43715345312162657,FAR,FAR,0.0,1,,,0.03,0
C1_n0.03_d000_r03,C1,202611,14.32,14.32,0.0,0.453,0.46540945068452944,0.4442174525123523,FAR,FAR,0.0,1,,,0.03,0
C1_n0.03_d000_r03,C1,202611,14.34,14.34,0.0,0.45475,0.4712956370640215,0.4509869986502696,FAR,FAR,0.0,1,,,0.03,0
C1_n0.03_d000_r03,C1,202611,14.36,14.36,0.0,0.4564999999999999,0.41993116385135415,0.44322303995054074,FAR,FAR,0.0,1,,,0.03,0
C1_n0.03_d000_r03,C1,202611,14.38,14.38,0.0,0.45825000000000005,0.49879524636191375,0.45711609155338395,FAR,FAR,0.0,1,,,0.03,0
C1_n0.03_d000_r03,C1,202611,14.4,14.4,0.0,0.46,0.4577892920417569,0.4572843916754772,FAR,FAR,0.0,1,,,0.03,0
C1_n0.03_d000_r03,C1,202611,14.42,14.42,0.0,0.46175,0.5195185063479724,0.472842920343601,FAR,FAR,0.0,1,,,0.03,0
C1_n0.03_d000_r03,C1,202611,14.44,14.44,0.0,0.4634999999999999,0.4436043756629351,0.46553328417343454,FAR,FAR,0.0,1,,,0.03,0
C1_n0.03_d000_r03,C1,202611,14.46,14.46,0.0,0.46525000000000005,0.49650746881487895,0.47327683033379564,FAR,FAR,0.0,1,,,0.03,0
C1_n0.03_d000_r03,C1,202611,14.48,14.48,0.0,0.467,0.43576576855462934,0.463899064889004,FAR,FAR,0.0,1,,,0.03,0
C1_n0.03_d000_r03,C1,202611,14.5,14.5,0.0,0.46875,0.5151172456287353,0.4767036100739368,FAR,FAR,0.0,1,,,0.03,0
C1_n0.03_d000_r03,C1,202611,14.52,14.52,0.0,0.4704999999999999,0.5018193901131982,0.48298255508375215,FAR,FAR,0.0,1,,,0.03,0
C1_n0.03_d000_r03,C1,202611,14.54,14.54,0.0,0.47224999999999995,0.37273625924559944,0.455420981124214,FAR,FAR,0.0,1,,,0.03,0
C1_n0.03_d000_r03,C1,202611,14.56,14.56,0.0,0.47400000000000003,0.49248274041058937,0.4646864209458078,FAR,FAR,0.0,1,,,0.03,0
C1_n0.03_d000_r03,C1,202611,14.58,14.58,0.0,0.47575,0.4350391922478613,0.45727461377132117,FAR,FAR,0.0,1,,,0.03,0
C1_n0.03_d000_r03,C1,202611,14.6,14.6,0.0,0.4774999999999999,0.4892619518821717,0.4652714482990338,FAR,FAR,0.0,1,,,0.03,0
C1_n0.03_d000_r03,C1,202611,14.62,14.62,0.0,0.47924999999999995,0.505342322132181,0.4752891667573206,FAR,FAR,0.0,1,,,0.03,0
C1_n0.03_d000_r03,C1,202611,14.64,14.64,0.0,0.48100000000000004,0.5004323407838948,0.4815749602639642,FAR,FAR,0.0,1,,,0.03,0
C1_n0.03_d000_r03,C1,202611,14.66,14.66,0.0,0.48275,0.49296843089394293,0.4844233279214589,FAR,FAR,0.0,1,,,0.03,0
C1_n0.03_d000_r03,C1,202611,14.68,14.68,0.0,0.48449999999999993,0.47385523716641137,0.481781305232697,FAR,FAR,0.0,1,,,0.03,0
C1_n0.03_d000_r03,C1,202611,14.7,14.7,0.0,0.48624999999999996,0.5010046006796613,0.4865871290944381,FAR,FAR,0.0,1,,,0.03,0
C1_n0.03_d000_r03,C1,202611,14.72,14.72,0.0,0.48800000000000004,0.5122576080515155,0.49300474883370743,FAR,FAR,0.0,1,,,0.03,0
C1_n0.03_d000_r03,C1,202611,14.74,14.74,0.0,0.48975,0.5232788607113187,0.5005732768031103,FAR,FAR,0.0,1,,,0.03,0
C1_n0.03_d000_r03,C1,202611,14.76,14.76,0.0,0.49149999999999994,0.5625493854721748,0.5160673039703764,FAR,FAR,0.0,1,,,0.03,0
C1_n0.03_d000_r03,C1,202611,14.78,14.78,0.0,0.49324999999999997,0.49455274064441135,0.5106886631388851,FAR,FAR,0.0,1,,,0.03,0
C1_n0.03_d000_r03,C1,202611,14.8,14.8,0.0,0.49500000000000005,0.5448475559536109,0.5192283863425665,FAR,FAR,0.0,1,,,0.03,0
C1_n0.03_d000_r03,C1,202611,14.82,14.82,0.0,0.49675,0.49960890889785153,0.5143235169813878,FAR,FAR,0.0,1,,,0.03,0
C1_n0.03_d000_r03,C1,202611,14.84,14.84,0.0,0.49849999999999994,0.5336999519829332,0.5191676257317741,FAR,FAR,0.0,1,,,0.03,0
C1_n0.03_d000_r03,C1,202611,14.86,14.86,0.0,0.5002499999999999,0.48276254123174317,0.5100663546067664,FAR,FAR,0.0,1,,,0.03,0
C1_n0.03_d000_r03,C1,202611,14.88,14.88,0.0,0.502,0.47526950166417176,0.5013671413711178,FAR,FAR,0.0,1,,,0.03,0
C1_n0.03_d000_r03,C1,202611,14.9,14.9,0.0,0.50375,0.49633006290151555,0.5001078717537173,FAR,FAR,0.0,1,,,0.03,0
C1_n0.03_d000_r03,C1,202611,14.92,14.92,0.0,0.5055000000000001,0.560776056009493,0.5152749178176612,FAR,FAR,0.0,1,,,0.03,0
C1_n0.03_d000_r03,C1,202611,14.94,14.94,0.0,0.50725,0.5206338629557713,0.5166146541021888,FAR,FAR,0.0,1,,,0.03,0
C1_n0.03_d000_r03,C1,202611,14.96,14.96,0.0,0.5090000000000001,0.5110483863388229,0.5152230871613472,FAR,FAR,0.0,1,,,0.03,0
C1_n0.03_d000_r03,C1,202611,14.98,14.98,0.0,0.51075,0.5173460123070026,0.515753818447761,FAR,FAR,0.0,1,,,0.03,0
C1_n0.03_d000_r03,C1,202611,15.0,15.0,0.0,0.5125,0.4750912235769306,0.5055881697300534,FAR,FAR,0.0,1,,,0.03,0
C1_n0.03_d000_r03,C1,202611,15.02,15.02,0.0,0.5142499999999999,0.5299268241047973,0.5116728333237394,FAR,FAR,0.0,1,,,0.03,0
C1_n0.03_d000_r03,C1,202611,15.04,15.04,0.0,0.5159999999999999,0.49928314399984985,0.508575410992767,FAR,FAR,0.0,1,,,0.03,0
C1_n0.03_d000_r03,C1,202611,15.06,15.06,0.0,0.51775,0.5294404477934764,0.5137916701929444,FAR,FAR,0.0,1,,,0.03,0
C1_n0.03_d000_r03,C1,202611,15.08,15.08,0.0,0.5195,0.521796224390593,0.5157928087423566,FAR,FAR,0.0,1,,,0.03,0
C1_n0.03_d000_r03,C1,202611,15.1,15.1,0.0,0.52125,0.5366601994284776,0.5210096564138869,FAR,FAR,0.0,1,,,0.03,0
C1_n0.03_d000_r03,C1,202611,15.12,15.12,0.0,0.5229999999999999,0.48760370212432563,0.5126581678414965,FAR,FAR,0.0,1,,,0.03,0
C1_n0.03_d000_r03,C1,202611,15.14,15.14,0.0,0.52475,0.5237761954975786,0.515437674755517,FAR,FAR,0.0,1,,,0.03,0
C1_n0.03_d000_r03,C1,202611,15.16,15.16,0.0,0.5265,0.52068203234975,0.5167487641540752,FAR,FAR,0.0,1,,,0.03,0
C1_n0.03_d000_r03,C1,202611,15.18,15.18,0.0,0.5282499999999999,0.5633755154414722,0.5284054519759245,FAR,FAR,0.0,1,,,0.03,0
C1_n0.03_d000_r03,C1,202611,15.2,15.2,0.0,0.5299999999999999,0.4991173415449417,0.5210834243681788,FAR,FAR,0.0,1,,,0.03,0
C1_n0.03_d000_r03,C1,202611,15.22,15.22,0.0,0.5317500000000001,0.501093452062978,0.5160859312918786,FAR,FAR,0.0,1,,,0.03,0
C1_n0.03_d000_r03,C1,202611,15.24,15.24,0.0,0.5335,0.5217571558862785,0.5175037374404786,FAR,FAR,0.0,1,,,0.03,0
C1_n0.03_d000_r03,C1,202611,15.26,15.26,0.0,0.53525,0.5703515256188435,0.5307156844850699,FAR,FAR,0.0,1,,,0.03,0
C1_n0.03_d000_r03,C1,202611,15.28,15.28,0.0,0.5369999999999999,0.532845559790445,0.5312481533114137,FAR,FAR,0.0,1,,,0.03,0
C1_n0.03_d000_r03,C1,202611,15.3,15.3,0.0,0.5387500000000001,0.54847209560694,0.5355541388852953,FAR,FAR,0.0,1,,,0.03,0
C1_n0.03_d000_r03,C1,202611,15.32,15.32,0.0,0.5405,0.5402267389885309,0.5367222889111043,FAR,FAR,0.0,1,,,0.03,0
C1_n0.03_d000_r03,C1,202611,15.34,15.34,0.0,0.5422499999999999,0.5569595642036643,0.5417816077342443,FAR,FAR,0.0,1,,,0.03,0
C1_n0.03_d000_r03,C1,202611,15.36,15.36,0.0,0.5439999999999999,0.5601187563450816,0.5463658948869536,FAR,FAR,0.0,1,,,0.03,0
C1_n0.03_d000_r03,C1,202611,15.38,15.38,0.0,0.5457500000000001,0.5523625918889578,0.5478650691374547,FAR,FAR,0.0,1,,,0.03,0
C1_n0.03_d000_r03,C1,202611,15.4,15.4,0.0,0.5475,0.5386994175146156,0.5455736562317449,FAR,FAR,0.0,1,,,0.03,0
C1_n0.03_d000_r03,C1,202611,15.42,15.42,0.0,0.54925,0.5665036617861349,0.5508061576203424,FAR,FAR,0.0,1,,,0.03,0
C1_n0.03_d000_r03,C1,202611,15.44,15.44,0.0,0.5509999999999999,0.542358660850945,0.5486942834279931,FAR,FAR,0.0,1,,,0.03,0
C1_n0.03_d000_r03,C1,202611,15.46,15.46,0.0,0.5527500000000001,0.5443711318264584,0.5476134955276094,FAR,FAR,0.0,1,,,0.03,0
C1_n0.03_d000_r03,C1,202611,15.48,15.48,0.0,0.5545,0.5745756644178238,0.554354037750163,FAR,FAR,0.0,1,,,0.03,0
C1_n0.03_d000_r03,C1,202611,15.5,15.5,0.0,0.5562499999999999,0.614046560155091,0.569277168351395,FAR,FAR,0.0,1,,,0.03,0
C1_n0.03_d000_r03,C1,202611,15.52,15.52,0.0,0.5579999999999999,0.5359668730183338,0.5609495945181296,FAR,FAR,0.0,1,,,0.03,0
C1_n0.03_d000_r03,C1,202611,15.54,15.54,0.0,0.55975,0.5632548184741697,0.5615259005071396,FAR,FAR,0.0,1,,,0.03,0
C1_n0.03_d000_r03,C1,202611,15.56,15.56,0.0,0.5615,0.49369533600214904,0.5445682593808919,FAR,FAR,0.0,1,,,0.03,0
C1_n0.03_d000_r03,C1,202611,15.58,15.58,0.0,0.56325,0.5636760228920716,0.5493452002586869,FAR,FAR,0.0,1,,,0.03,0
C1_n0.03_d000_r03,C1,202611,15.6,15.6,0.0,0.565,0.5816485024621072,0.557421025809542,FAR,FAR,0.0,1,,,0.03,0
C1_n0.03_d000_r03,C1,202611,15.62,15.62,0.0,0.5667499999999999,0.5371440180239592,0.5523517738631463,FAR,FAR,0.0,1,,,0.03,0
C1_n0.03_d000_r03,C1,202611,15.64,15.64,0.0,0.5685,0.633562536202632,0.5726544644480177,FAR,FAR,0.0,1,,,0.03,0
C1_n0.03_d000_r03,C1,202611,15.66,15.66,0.0,0.5702499999999999,0.5572352545860259,0.5687996619825197,FAR,FAR,0.0,1,,,0.03,0
C1_n0.03_d000_r03,C1,202611,15.68,15.68,0.0,0.572,0.556419109336627,0.5657045238210465,FAR,FAR,0.0,1,,,0.03,0
C1_n0.03_d000_r03,C1,202611,15.7,15.7,0.0,0.57375,0.597703187397114,0.5737041897150634,FAR,FAR,0.0,1,,,0.03,0
C1_n0.03_d000_r03,C1,202611,15.72,15.72,0.0,0.5755,0.5778641093881776,0.574744169633342,FAR,FAR,0.0,1,,,0.03,0
C1_n0.03_d000_r03,C1,202611,15.74,15.74,0.0,0.57725,0.5766212399472493,0.5752134372118188,FAR,FAR,0.0,1,,,0.03,0
C1_n0.03_d000_r03,C1,202611,15.76,15.76,0.0,0.579,0.5561025113678888,0.5704357057508362,FAR,FAR,0.0,1,,,0.03,0
C1_n0.03_d000_r03,C1,202611,15.78,15.78,0.0,0.5807499999999999,0.5584878873153051,0.5674487511419535,FAR,FAR,0.0,1,,,0.03,0
C1_n0.03_d000_r03,C1,202611,15.8,15.8,0.0,0.5825,0.6405857420903969,0.5857329988790643,FAR,FAR,0.0,1,,,0.03,0
C1_n0.03_d000_r03,C1,202611,15.82,15.82,0.0,0.5842499999999999,0.5486737550534326,0.5764681879226563,FAR,FAR,0.0,1,,,0.03,0
C1_n0.03_d000_r03,C1,202611,15.84,15.84,0.0,0.586,0.5423748611675571,0.5679448562338815,FAR,FAR,0.0,1,,,0.03,0
C1_n0.03_d000_r03,C1,202611,15.86,15.86,0.0,0.58775,0.5345081995284473,0.559585692057523,FAR,FAR,0.0,1,,,0.03,0
C1_n0.03_d000_r03,C1,202611,15.88,15.88,0.0,0.5895,0.5920273948403698,0.5676961177532347,FAR,FAR,0.0,1,,,0.03,0
C1_n0.03_d000_r03,C1,202611,15.9,15.9,0.0,0.59125,0.5670300989365534,0.5675296130490644,FAR,FAR,0.0,1,,,0.03,0
C1_n0.03_d000_r03,C1,202611,15.92,15.92,0.0,0.593,0.5793955576388078,0.5704960991965002,FAR,FAR,0.0,1,,,0.03,0
C1_n0.03_d000_r03,C1,202611,15.94,15.94,0.0,0.5947499999999999,0.5803655804892898,0.5729634695196977,FAR,FAR,0.0,1,,,0.03,0
C1_n0.03_d000_r03,C1,202611,15.96,15.96,0.0,0.5965,0.6521298481666017,0.5927550641814237,FAR,FAR,0.0,1,,,0.03,0
C1_n0.03_d000_r03,C1,202611,15.98,15.98,0.0,0.59825,0.5985934976962249,0.594214672560124,FAR,FAR,0.0,1,,,0.03,0
C1_n0.03_d000_r03,C1,202611,16.0,16.0,0.0,0.6,0.6111688905255422,0.5984532270514785,FAR,FAR,0.0,1,,,0.03,0
C1_n0.03_d000_r03,C1,202611,16.02,16.02,0.0,0.6,0.5547809378824099,0.5875351547592114,FAR,FAR,0.0,1,,,0.03,0
C1_n0.03_d000_r03,C1,202611,16.04,16.04,0.0,0.6,0.5934009872206588,0.5890016128745732,FAR,FAR,0.0,1,,,0.03,0
C1_n0.03_d000_r03,C1,202611,16.06,16.06,0.0,0.6,0.5668225473782792,0.5834568465004997,FAR,FAR,0.0,1,,,0.03,0
C1_n0.03_d000_r03,C1,202611,16.08,16.08,0.0,0.6,0.6207427447720044,0.5927783210683759,FAR,FAR,0.0,1,,,0.03,0
C1_n0.03_d000_r03,C1,202611,16.1,16.1,0.0,0.6,0.5163420997154655,0.5736692657301483,FAR,FAR,0.0,1,,,0.03,0
C1_n0.03_d000_r03,C1,202611,16.12,16.12,0.0,0.6,0.6072375500966732,0.5820613368217795,FAR,FAR,0.0,1,,,0.03,0
C1_n0.03_d000_r03,C1,202611,16.14,16.14,0.0,0.6,0.5291363508518782,0.5688300903293042,FAR,FAR,0.0,1,,,0.03,0
C1_n0.03_d000_r03,C1,202611,16.16,16.16,0.0,0.6,0.5686429311921928,0.5687833005450263,FAR,FAR,0.0,1,,,0.03,0
C1_n0.03_d000_r03,C1,202611,16.18,16.18,0.0,0.6,0.6519816554253395,0.5895828892651046,FAR,FAR,0.0,1,,,0.03,0
C1_n0.03_d000_r03,C1,202611,16.2,16.2,0.0,0.6,0.648300025055485,0.6042621732126997,FAR,FAR,0.0,1,,,0.03,0
C1_n0.03_d000_r03,C1,202611,16.22,16.22,0.0,0.6,0.6299086984907961,0.6106738045322239,FAR,FAR,0.0,1,,,0.03,0
C1_n0.03_d000_r03,C1,202611,16.24,16.24,0.0,0.6,0.6189516254447687,0.6127432597603601,FAR,FAR,0.0,1,,,0.03,0
C1_n0.03_d000_r03,C1,202611,16.26,16.26,0.0,0.6,0.6091130101500004,0.6118356973577702,FAR,FAR,0.0,1,,,0.03,0
C1_n0.03_d000_r03,C1,202611,16.28,16.28,0.0,0.6,0.6397207255106757,0.6188069543959965,FAR,FAR,0.0,1,,,0.03,0
C1_n0.03_d000_r03,C1,202611,16.3,16.3,0.0,0.6,0.5970016736063386,0.613355634198582,FAR,FAR,0.0,1,,,0.03,0
C1_n0.03_d000_r03,C1,202611,16.32,16.32,0.0,0.6,0.5932602539150776,0.6083317891277059,FAR,FAR,0.0,1,,,0.03,0
C1_n0.03_d000_r03,C1,202611,16.34,16.34,0.0,0.6,0.6148838819390826,0.60996981233055,FAR,FAR,0.0,1,,,0.03,0
C1_n0.03_d000_r03,C1,202611,16.36,16.36,0.0,0.6,0.5947445800717789,0.6061635042658573,FAR,FAR,0.0,1,,,0.03,0
C1_n0.03_d000_r03,C1,202611,16.38,16.38,0.0,0.6,0.5682774736455908,0.5966919966107906,FAR,FAR,0.0,1,,,0.03,0
C1_n0.03_d000_r03,C1,202611,16.4,16.4,0.0,0.6,0.598220247122997,0.5970740592388423,FAR,FAR,0.0,1,,,0.03,0
C1_n0.03_d000_r03,C1,202611,16.42,16.42,0.0,0.6,0.564826107180403,0.5890120712242324,FAR,FAR,0.0,1,,,0.03,0
C1_n0.03_d000_r03,C1,202611,16.44,16.44,0.0,0.6,0.5743575938973465,0.585348451892511,FAR,FAR,0.0,1,,,0.03,0
C1_n0.03_d000_r03,C1,202611,16.46,16.46,0.0,0.6,0.5492017449004252,0.5763117751444895,FAR,FAR,0.0,1,,,0.03,0
C1_n0.03_d000_r03,C1,202611,16.48,16.48,0.0,0.6,0.5954356042977916,0.581092732432815,FAR,FAR,0.0,1,,,0.03,0
C1_n0.03_d000_r03,C1,202611,16.5,16.5,0.0,0.6,0.6765872446714624,0.6049663604924769,FAR,FAR,0.0,1,,,0.03,0
C1_n0.03_d000_r03,C1,202611,16.52,16.52,0.0,0.6,0.577471183939372,0.5980925663542007,FAR,FAR,0.0,1,,,0.03,0
C1_n0.03_d000_r03,C1,202611,16.54,16.54,0.0,0.6,0.5552515814190878,0.5873823201204225,FAR,FAR,0.0,1,,,0.03,0
C1_n0.03_d000_r03,C1,202611,16.56,16.56,0.0,0.6,0.6683828501077878,0.6076324526172638,FAR,FAR,0.0,1,,,0.03,0
C1_n0.03_d000_r03,C1,202611,16.58,16.58,0.0,0.6,0.6138887027621717,0.6091965151534908,FAR,FAR,0.0,1,,,0.03,0
C1_n0.03_d000_r03,C1,202611,16.6,16.6,0.0,0.6,0.6042534975726741,0.6079607607582866,FAR,FAR,0.0,1,,,0.03,0
C1_n0.03_d000_r03,C1,202611,16.62,16.62,0.0,0.6,0.6111613291405557,0.6087609028538539,FAR,FAR,0.0,1,,,0.03,0
C1_n0.03_d000_r03,C1,202611,16.64,16.64,0.0,0.6,0.5567234388357546,0.595751536849329,FAR,FAR,0.0,1,,,0.03,0
C1_n0.03_d000_r03,C1,202611,16.66,16.66,0.0,0.6,0.6135313229785628,0.6001964833816376,FAR,FAR,0.0,1,,,0.03,0
C1_n0.03_d000_r03,C1,202611,16.68,16.68,0.0,0.6,0.6283365614649613,0.6072315029024685,FAR,FAR,0.0,1,,,0.03,0
C1_n0.03_d000_r03,C1,202611,16.7,16.7,0.0,0.6,0.584384526821385,0.6015197588821977,FAR,FAR,0.0,1,,,0.03,0
C1_n0.03_d000_r03,C1,202611,16.72,16.72,0.0,0.6,0.5475689024193093,0.5880320447664755,FAR,FAR,0.0,1,,,0.03,0
C1_n0.03_d000_r03,C1,202611,16.74,16.74,0.0,0.6,0.6207766410523209,0.5962181938379368,FAR,FAR,0.0,1,,,0.03,0
C1_n0.03_d000_r03,C1,202611,16.76,16.76,0.0,0.6,0.5485658850086627,0.5843051166306183,FAR,FAR,0.0,1,,,0.03,0
C1_n0.03_d000_r03,C1,202611,16.78,16.78,0.0,0.6,0.567206181156837,0.580030382762173,FAR,FAR,0.0,1,,,0.03,0
C1_n0.03_d000_r03,C1,202611,16.8,16.8,0.0,0.6,0.5905059619115188,0.5826492775495095,FAR,FAR,0.0,1,,,0.03,0
C1_n0.03_d000_r03,C1,202611,16.82,16.82,0.0,0.6,0.6443042635320281,0.5980630240451391,FAR,FAR,0.0,1,,,0.03,0
C1_n0.03_d000_r03,C1,202611,16.84,16.84,0.0,0.6,0.5862241589462298,0.5951033077704118,FAR,FAR,0.0,1,,,0.03,0
C1_n0.03_d000_r03,C1,202611,16.86,16.86,0.0,0.6,0.5631374214383712,0.5871118361874016,FAR,FAR,0.0,1,,,0.03,0
C1_n0.03_d000_r03,C1,202611,16.88,16.88,0.0,0.6,0.595215133114603,0.5891376604192019,FAR,FAR,0.0,1,,,0.03,0
C1_n0.03_d000_r03,C1,202611,16.9,16.9,0.0,0.6,0.5993420986543228,0.591688769977982,FAR,FAR,0.0,1,,,0.03,0
C1_n0.03_d000_r03,C1,202611,16.92,16.92,0.0,0.6,0.6334896930866678,0.6021390007551535,FAR,FAR,0.0,1,,,0.03,0
C1_n0.03_d000_r03,C1,202611,16.94,16.94,0.0,0.6,0.6260252393927865,0.6081105604145618,FAR,FAR,0.0,1,,,0.03,0
C1_n0.03_d000_r03,C1,202611,16.96,16.96,0.0,0.6,0.5131483469499262,0.5843700070484029,FAR,FAR,0.0,1,,,0.03,0
C1_n0.03_d000_r03,C1,202611,16.98,16.98,0.0,0.6,0.6194076139849521,0.5931294087825402,FAR,FAR,0.0,1,,,0.03,0
C1_n0.03_d000_r03,C1,202611,17.0,17.0,0.0,0.6,0.5715902457001039,0.5877446180119311,FAR,FAR,0.0,1,,,0.03,0
C1_n0.03_d000_r03,C1,202611,17.02,17.02,0.0,0.6,0.6432219861294544,0.601613960041312,FAR,FAR,0.0,1,,,0.03,0
C1_n0.03_d000_r03,C1,202611,17.04,17.04,0.0,0.6,0.6027615433945885,0.601900855879631,FAR,FAR,0.0,1,,,0.03,0
C1_n0.03_d000_r03,C1,202611,17.06,17.06,0.0,0.6,0.631254818194075,0.6092393464582421,FAR,FAR,0.0,1,,,0.03,0
C1_n0.03_d000_r03,C1,202611,17.08,17.08,0.0,0.6,0.6257898124176507,0.6133769629480942,FAR,FAR,0.0,1,,,0.03,0
C1_n0.03_d000_r03,C1,202611,17.1,17.1,0.0,0.6,0.6007289865804495,0.610214968856183,FAR,FAR,0.0,1,,,0.03,0
C1_n0.03_d000_r03,C1,202611,17.12,17.12,0.0,0.6,0.6329502431567846,0.6158987874313334,FAR,FAR,0.0,1,,,0.03,0
C1_n0.03_d000_r03,C1,202611,17.14,17.14,0.0,0.6,0.6107702102912785,0.6146166431463197,FAR,FAR,0.0,1,,,0.03,0
C1_n0.03_d000_r03,C1,202611,17.16,17.16,0.0,0.6,0.6008956661084783,0.6111863988868593,FAR,FAR,0.0,1,,,0.03,0
C1_n0.03_d000_r03,C1,202611,17.18,17.18,0.0,0.6,0.5886829470911653,0.6055605359379358,FAR,FAR,0.0,1,,,0.03,0
C1_n0.03_d000_r03,C1,202611,17.2,17.2,0.0,0.6,0.6451148105103012,0.6154491045810271,FAR,FAR,0.0,1,,,0.03,0
C1_n0.03_d000_r03,C1,202611,17.22,17.22,0.0,0.6,0.6013677720061577,0.6119287714373097,FAR,FAR,0.0,1,,,0.03,0
C1_n0.03_d000_r03,C1,202611,17.24,17.24,0.0,0.6,0.6154876149413627,0.6128184823133229,FAR,FAR,0.0,1,,,0.03,0
C1_n0.03_d000_r03,C1,202611,17.26,17.26,0.0,0.6,0.5937237453600115,0.608044798074995,FAR,FAR,0.0,1,,,0.03,0
C1_n0.03_d000_r03,C1,202611,17.28,17.28,0.0,0.6,0.5575759474840765,0.5954275854272654,FAR,FAR,0.0,1,,,0.03,0
C1_n0.03_d000_r03,C1,202611,17.3,17.3,0.0,0.6,0.6265012785778961,0.6031960087149231,FAR,FAR,0.0,1,,,0.03,0
C1_n0.03_d000_r03,C1,202611,17.32,17.32,0.0,0.6,0.6080511757347512,0.6044098004698801,FAR,FAR,0.0,1,,,0.03,0
C1_n0.03_d000_r03,C1,202611,17.34,17.34,0.0,0.6,0.561132001890734,0.5935903508250936,FAR,FAR,0.0,1,,,0.03,0
C1_n0.03_d000_r03,C1,202611,17.36,17.36,0.0,0.6,0.5786950678366225,0.5898665300779757,FAR,FAR,0.0,1,,,0.03,0
C1_n0.03_d000_r03,C1,202611,17.38,17.38,0.0,0.6,0.5831879092613498,0.5881968748738192,FAR,FAR,0.0,1,,,0.03,0
C1_n0.03_d000_r03,C1,202611,17.4,17.4,0.0,0.6,0.6142296353072425,0.594705064982175,FAR,FAR,0.0,1,,,0.03,0
C1_n0.03_d000_r03,C1,202611,17.42,17.42,0.0,0.6,0.6244164982024792,0.6021329232872511,FAR,FAR,0.0,1,,,0.03,0
C1_n0.03_d000_r03,C1,202611,17.44,17.44,0.0,0.6,0.5253255981276137,0.5829310919973417,FAR,FAR,0.0,1,,,0.03,0
C1_n0.03_d000_r03,C1,202611,17.46,17.46,0.0,0.6,0.5840122506465462,0.5832013816596429,FAR,FAR,0.0,1,,,0.03,0
C1_n0.03_d000_r03,C1,202611,17.48,17.48,0.0,0.6,0.590443262559998,0.5850118518847316,FAR,FAR,0.0,1,,,0.03,0
C1_n0.03_d000_r03,C1,202611,17.5,17.5,0.0,0.6,0.6473546480761143,0.6005975509325773,FAR,FAR,0.0,1,,,0.03,0
C1_n0.03_d000_r03,C1,202611,17.52,17.52,0.0,0.6,0.5711252490777072,0.5932294754688597,FAR,FAR,0.0,1,,,0.03,0
C1_n0.03_d000_r03,C1,202611,17.54,17.54,0.0,0.6,0.5840724108946297,0.5909402093253022,FAR,FAR,0.0,1,,,0.03,0
C1_n0.03_d000_r03,C1,202611,17.56,17.56,0.0,0.6,0.6340088473031462,0.6017073688197632,FAR,FAR,0.0,1,,,0.03,0
C1_n0.03_d000_r03,C1,202611,17.58,17.58,0.0,0.6,0.5640132132385083,0.5922838299244495,FAR,FAR,0.0,1,,,0.03,0
C1_n0.03_d000_r03,C1,202611,17.6,17.6,0.0,0.6,0.6017372760592031,0.5946471914581379,FAR,FAR,0.0,1,,,0.03,0
C1_n0.03_d000_r03,C1,202611,17.62,17.62,0.0,0.6,0.6340033638234399,0.6044862345494635,FAR,FAR,0.0,1,,,0.03,0
C1_n0.03_d000_r03,C1,202611,17.64,17.64,0.0,0.6,0.6053438647227336,0.604700642092781,FAR,FAR,0.0,1,,,0.03,0
C1_n0.03_d000_r03,C1,202611,17.66,17.66,0.0,0.6,0.6113231824206552,0.6063562771747495,FAR,FAR,0.0,1,,,0.03,0
C1_n0.03_d000_r03,C1,202611,17.68,17.68,0.0,0.6,0.6125632155468319,0.6079080117677701,FAR,FAR,0.0,1,,,0.03,0
C1_n0.03_d000_r03,C1,202611,17.7,17.7,0.0,0.6,0.6445945749751918,0.6170796525696256,FAR,FAR,0.0,1,,,0.03,0
C1_n0.03_d000_r03,C1,202611,17.72,17.72,0.0,0.6,0.6533546845260563,0.6261484105587333,FAR,FAR,0.0,1,,,0.03,0
C1_n0.03_d000_r03,C1,202611,17.74,17.74,0.0,0.6,0.621382429971455,0.6249569154119137,FAR,FAR,0.0,1,,,0.03,0
C1_n0.03_d000_r03,C1,202611,17.76,17.76,0.0,0.6,0.6057520461798936,0.6201556981039087,FAR,FAR,0.0,1,,,0.03,0
C1_n0.03_d000_r03,C1,202611,17.78,17.78,0.0,0.6,0.5801869025548736,0.6101634992166499,FAR,FAR,0.0,1,,,0.03,0
C1_n0.03_d000_r03,C1,202611,17.8,17.8,0.0,0.6,0.5657142335396986,0.5990511827974121,FAR,FAR,0.0,1,,,0.03,0
C1_n0.03_d000_r03,C1,202611,17.82,17.82,0.0,0.6,0.604353829195913,0.6003768443970373,FAR,FAR,0.0,1,,,0.03,0
C1_n0.03_d000_r03,C1,202611,17.84,17.84,0.0,0.6,0.6355711408875447,0.6091754185196642,FAR,FAR,0.0,1,,,0.03,0
C1_n0.03_d000_r03,C1,202611,17.86,17.86,0.0,0.6,0.5998563393411636,0.606845648725039,FAR,FAR,0.0,1,,,0.03,0
C1_n0.03_d000_r03,C1,202611,17.88,17.88,0.0,0.6,0.5866504296297059,0.6017968439512058,FAR,FAR,0.0,1,,,0.03,0
C1_n0.03_d000_r03,C1,202611,17.9,17.9,0.0,0.6,0.531489586694224,0.5842200296369604,FAR,FAR,0.0,1,,,0.03,0
C1_n0.03_d000_r03,C1,202611,17.92,17.92,0.0,0.6,0.6497588395729664,0.6006047321209619,FAR,FAR,0.0,1,,,0.03,0
C1_n0.03_d000_r03,C1,202611,17.94,17.94,0.0,0.6,0.5846930289579678,0.5966268063302134,FAR,FAR,0.0,1,,,0.03,0
C1_n0.03_d000_r03,C1,202611,17.96,17.96,0.0,0.6,0.6058670298124024,0.5989368622007606,FAR,FAR,0.0,1,,,0.03,0
C1_n0.03_d000_r03,C1,202611,17.98,17.98,0.0,0.6,0.5703902363868188,0.5918002057472751,FAR,FAR,0.0,1,,,0.03,0
C1_n0.03_d000_r03,C1,202611,18.0,18.0,0.0,0.6,0.5967186111903303,0.5930298071080389,FAR,FAR,0.0,1,,,0.03,0
C1_n0.03_d000_r03,C1,202611,18.02,18.02,0.0,0.6,0.5476527869209246,0.5816855520612603,FAR,FAR,0.0,1,,,0.03,0
C1_n0.03_d000_r03,C1,202611,18.04,18.04,0.0,0.6,0.6330131689251882,0.5945174562772423,FAR,FAR,0.0,1,,,0.03,0
C1_n0.03_d000_r03,C1,202611,18.06,18.06,0.0,0.6,0.6061315952863914,0.5974209910295295,FAR,FAR,0.0,1,,,0.03,0
C1_n0.03_d000_r03,C1,202611,18.08,18.08,0.0,0.6,0.6174058354806575,0.6024172021423115,FAR,FAR,0.0,1,,,0.03,0
C1_n0.03_d000_r03,C1,202611,18.1,18.1,0.0,0.6,0.5827937966221531,0.5975113507622719,FAR,FAR,0.0,1,,,0.03,0
C1_n0.03_d000_r03,C1,202611,18.12,18.12,0.0,0.6,0.6136479500468579,0.6015455005834184,FAR,FAR,0.0,1,,,0.03,0
C1_n0.03_d000_r03,C1,202611,18.14,18.14,0.0,0.6,0.5911602817869606,0.5989491958843038,FAR,FAR,0.0,1,,,0.03,0
C1_n0.03_d000_r03,C1,202611,18.16,18.16,0.0,0.6,0.577955956291103,0.5937008859860036,FAR,FAR,0.0,1,,,0.03,0
C1_n0.03_d000_r03,C1,202611,18.18,18.18,0.0,0.6,0.5993854977846922,0.5951220389356757,FAR,FAR,0.0,1,,,0.03,0
C1_n0.03_d000_r03,C1,202611,18.2,18.2,0.0,0.6,0.5840664428062072,0.5923581399033087,FAR,FAR,0.0,1,,,0.03,0
C1_n0.03_d000_r03,C1,202611,18.22,18.22,0.0,0.6,0.6262468580504034,0.6008303194400824,FAR,FAR,0.0,1,,,0.03,0
C1_n0.03_d000_r03,C1,202611,18.24,18.24,0.0,0.6,0.5692277280381319,0.5929296715895948,FAR,FAR,0.0,1,,,0.03,0
C1_n0.03_d000_r03,C1,202611,18.26,18.26,0.0,0.6,0.5705864260898411,0.5873438602146563,FAR,FAR,0.0,1,,,0.03,0
C1_n0.03_d000_r03,C1,202611,18.28,18.28,0.0,0.6,0.5537692387848011,0.5789502048571925,FAR,FAR,0.0,1,,,0.03,0
C1_n0.03_d000_r03,C1,202611,18.3,18.3,0.0,0.6,0.6390768521173912,0.5939818666722422,FAR,FAR,0.0,1,,,0.03,0
C1_n0.03_d000_r03,C1,202611,18.32,18.32,0.0,0.6,0.5721735595764086,0.5885297898982838,FAR,FAR,0.0,1,,,0.03,0
C1_n0.03_d000_r03,C1,202611,18.34,18.34,0.0,0.6,0.587245456312867,0.5882087065019296,FAR,FAR,0.0,1,,,0.03,0
C1_n0.03_d000_r03,C1,202611,18.36,18.36,0.0,0.6,0.5718719845280662,0.5841245260084638,FAR,FAR,0.0,1,,,0.03,0
C1_n0.03_d000_r03,C1,202611,18.38,18.38,0.0,0.6,0.5983313639553443,0.5876762354951839,FAR,FAR,0.0,1,,,0.03,0
C1_n0.03_d000_r03,C1,202611,18.4,18.4,0.0,0.6,0.6207598172153131,0.5959471309252162,FAR,FAR,0.0,1,,,0.03,0
C1_n0.03_d000_r03,C1,202611,18.42,18.42,0.0,0.6,0.6237795378396198,0.6029052326538171,FAR,FAR,0.0,1,,,0.03,0
C1_n0.03_d000_r03,C1,202611,18.44,18.44,0.0,0.6,0.6053024841389939,0.6035045455251113,FAR,FAR,0.0,1,,,0.03,0
C1_n0.03_d000_r03,C1,202611,18.46,18.46,0.0,0.6,0.5900001587302308,0.6001284488263912,FAR,FAR,0.0,1,,,0.03,0
C1_n0.03_d000_r03,C1,202611,18.48,18.48,0.0,0.6,0.5997769561048889,0.6000405756460157,FAR,FAR,0.0,1,,,0.03,0
C1_n0.03_d000_r03,C1,202611,18.5,18.5,0.0,0.6,0.6109700149939439,0.6027729354829977,FAR,FAR,0.0,1,,,0.03,0
C1_n0.03_d000_r03,C1,202611,18.52,18.52,0.0,0.6,0.6217265991873728,0.6075113514090915,FAR,FAR,0.0,1,,,0.03,0
C1_n0.03_d000_r03,C1,202611,18.54,18.54,0.0,0.6,0.6136467266113422,0.6090451952096542,FAR,FAR,0.0,1,,,0.03,0
C1_n0.03_d000_r03,C1,202611,18.56,18.56,0.0,0.6,0.613041968531653,0.6100443885401539,FAR,FAR,0.0,1,,,0.03,0
C1_n0.03_d000_r03,C1,202611,18.58,18.58,0.0,0.6,0.5816888720116891,0.6029555094080377,FAR,FAR,0.0,1,,,0.03,0
C1_n0.03_d000_r03,C1,202611,18.6,18.6,0.0,0.6,0.5946001299095521,0.6008666645334163,FAR,FAR,0.0,1,,,0.03,0
C1_n0.03_d000_r03,C1,202611,18.62,18.62,0.0,0.6,0.6075402921386127,0.6025350714347154,FAR,FAR,0.0,1,,,0.03,0
C1_n0.03_d000_r03,C1,202611,18.64,18.64,0.0,0.6,0.5665366721256592,0.5935354716074513,FAR,FAR,0.0,1,,,0.03,0
C1_n0.03_d000_r03,C1,202611,18.66,18.66,0.0,0.6,0.6047746753868175,0.5963452725522929,FAR,FAR,0.0,1,,,0.03,0
C1_n0.03_d000_r03,C1,202611,18.68,18.68,0.0,0.6,0.5819092608018961,0.5927362696146936,FAR,FAR,0.0,1,,,0.03,0
C1_n0.03_d000_r03,C1,202611,18.7,18.7,0.0,0.6,0.6328433723679695,0.6027630453030126,FAR,FAR,0.0,1,,,0.03,0
C1_n0.03_d000_r03,C1,202611,18.72,18.72,0.0,0.6,0.639658778126342,0.611986978508845,FAR,FAR,0.0,1,,,0.03,0
C1_n0.03_d000_r03,C1,202611,18.74,18.74,0.0,0.6,0.5919666261262971,0.606981890413208,FAR,FAR,0.0,1,,,0.03,0
C1_n0.03_d000_r03,C1,202611,18.76,18.76,0.0,0.6,0.6113659438287324,0.6080779037670891,FAR,FAR,0.0,1,,,0.03,0
C1_n0.03_d000_r03,C1,202611,18.78,18.78,0.0,0.6,0.6085372980406377,0.6081927523354763,FAR,FAR,0.0,1,,,0.03,0
C1_n0.03_d000_r03,C1,202611,18.8,18.8,0.0,0.6,0.5704997763641205,0.5987695083426373,FAR,FAR,0.0,1,,,0.03,0
C1_n0.03_d000_r03,C1,202611,18.82,18.82,0.0,0.6,0.5611105024870113,0.5893547568787308,FAR,FAR,0.0,1,,,0.03,0
C1_n0.03_d000_r03,C1,202611,18.84,18.84,0.0,0.6,0.6388873613910295,0.6017379080068055,FAR,FAR,0.0,1,,,0.03,0
C1_n0.03_d000_r03,C1,202611,18.86,18.86,0.0,0.6,0.6324113731389022,0.6094062742898296,FAR,FAR,0.0,1,,,0.03,0
C1_n0.03_d000_r03,C1,202611,18.88,18.88,0.0,0.6,0.6305985277321671,0.614704337650414,FAR,FAR,0.0,1,,,0.03,0
C1_n0.03_d000_r03,C1,202611,18.9,18.9,0.0,0.6,0.6162945613968943,0.615101893587034,FAR,FAR,0.0,1,,,0.03,0
C1_n0.03_d000_r03,C1,202611,18.92,18.92,0.0,0.6,0.6251458462474193,0.6176128817521304,FAR,FAR,0.0,1,,,0.03,0
C1_n0.03_d000_r03,C1,202611,18.94,18.94,0.0,0.6,0.5752023433378758,0.6070102471485668,FAR,FAR,0.0,1,,,0.03,0
C1_n0.03_d000_r03,C1,202611,18.96,18.96,0.0,0.6,0.579787088855774,0.6002044575753686,FAR,FAR,0.0,1,,,0.03,0
C1_n0.03_d000_r03,C1,202611,18.98,18.98,0.0,0.6,0.6149076469747209,0.6038802549252067,FAR,FAR,0.0,1,,,0.03,0
C1_n0.03_d000_r03,C1,202611,19.0,19.0,0.0,0.6,0.6328567550210208,0.6111243799491602,FAR,FAR,0.0,1,,,0.03,0
C1_n0.03_d000_r03,C1,202611,19.02,19.02,0.0,0.6,0.6345918316534984,0.6169912428752448,FAR,FAR,0.0,1,,,0.03,0
C1_n0.03_d000_r03,C1,202611,19.04,19.04,0.0,0.6,0.6146987042900639,0.6164181082289495,FAR,FAR,0.0,1,,,0.03,0
C1_n0.03_d000_r03,C1,202611,19.06,19.06,0.0,0.6,0.5348052645369661,0.5960148973059536,FAR,FAR,0.0,1,,,0.03,0
C1_n0.03_d000_r03,C1,202611,19.08,19.08,0.0,0.6,0.6164481556451301,0.6011232118907477,FAR,FAR,0.0,1,,,0.03,0
C1_n0.03_d000_r03,C1,202611,19.1,19.1,0.0,0.6,0.5969201822565859,0.6000724544822073,FAR,FAR,0.0,1,,,0.03,0
C1_n0.03_d000_r03,C1,202611,19.12,19.12,0.0,0.6,0.598870676970221,0.5997720101042107,FAR,FAR,0.0,1,,,0.03,0
C1_n0.03_d000_r03,C1,202611,19.14,19.14,0.0,0.6,0.6100563431575612,0.6023430933675483,FAR,FAR,0.0,1,,,0.03,0
C1_n0.03_d000_r03,C1,202611,19.16,19.16,0.0,0.6,0.5808332398112186,0.5969656299784659,FAR,FAR,0.0,1,,,0.03,0
C1_n0.03_d000_r03,C1,202611,19.18,19.18,0.0,0.6,0.6142363183835988,0.6012833020797492,FAR,FAR,0.0,1,,,0.03,0
C1_n0.03_d000_r03,C1,202611,19.2,19.2,0.0,0.6,0.6157508550641595,0.6049001903258517,FAR,FAR,0.0,1,,,0.03,0
C1_n0.03_d000_r03,C1,202611,19.22,19.22,0.0,0.6,0.6758457950360559,0.6226365915034028,FAR,FAR,0.0,1,,,0.03,0
C1_n0.03_d000_r03,C1,202611,19.24,19.24,0.0,0.6,0.6125686697552324,0.6201196110663603,FAR,FAR,0.0,1,,,0.03,0
C1_n0.03_d000_r03,C1,202611,19.26,19.26,0.0,0.6,0.64833373983858,0.6271731432594152,FAR,FAR,0.0,1,,,0.03,0
C1_n0.03_d000_r03,C1,202611,19.28,19.28,0.0,0.6,0.6030802865109959,0.6211499290723104,FAR,FAR,0.0,1,,,0.03,0
C1_n0.03_d000_r03,C1,202611,19.3,19.3,0.0,0.6,0.6232949948499761,0.6216861955167268,FAR,FAR,0.0,1,,,0.03,0
C1_n0.03_d000_r03,C1,202611,19.32,19.32,0.0,0.6,0.6546464820155037,0.629926267141421,FAR,FAR,0.0,1,,,0.03,0
C1_n0.03_d000_r03,C1,202611,19.34,19.34,0.0,0.6,0.6035348983151732,0.623328424934859,FAR,FAR,0.0,1,,,0.03,0
C1_n0.03_d000_r03,C1,202611,19.36,19.36,0.0,0.6,0.5881176549162996,0.6145257324302191,FAR,FAR,0.0,1,,,0.03,0
C1_n0.03_d000_r03,C1,202611,19.38,19.38,0.0,0.6,0.602079784781582,0.6114142455180598,FAR,FAR,0.0,1,,,0.03,0
C1_n0.03_d000_r03,C1,202611,19.4,19.4,0.0,0.6,0.5918535405392357,0.6065240692733538,FAR,FAR,0.0,1,,,0.03,0
C1_n0.03_d000_r03,C1,202611,19.42,19.42,0.0,0.6,0.6445310802564803,0.6160258220191355,FAR,FAR,0.0,1,,,0.03,0
C1_n0.03_d000_r03,C1,202611,19.44,19.44,0.0,0.6,0.6083868237595992,0.6141160724542514,FAR,FAR,0.0,1,,,0.03,0
C1_n0.03_d000_r03,C1,202611,19.46,19.46,0.0,0.6,0.5808337356681084,0.6057954882577157,FAR,FAR,0.0,1,,,0.03,0
C1_n0.03_d000_r03,C1,202611,19.48,19.48,0.0,0.6,0.5930312523962322,0.6026044292923448,FAR,FAR,0.0,1,,,0.03,0
C1_n0.03_d000_r03,C1,202611,19.5,19.5,0.0,0.6,0.5664687798213517,0.5935705169245966,FAR,FAR,0.0,1,,,0.03,0
C1_n0.03_d000_r03,C1,202611,19.52,19.52,0.0,0.6,0.6293197058275538,0.6025078141503359,FAR,FAR,0.0,1,,,0.03,0
C1_n0.03_d000_r03,C1,202611,19.54,19.54,0.0,0.6,0.637649487330662,0.6112932324454174,FAR,FAR,0.0,1,,,0.03,0
C1_n0.03_d000_r03,C1,202611,19.56,19.56,0.0,0.6,0.6190214263675307,0.6132252809259457,FAR,FAR,0.0,1,,,0.03,0
C1_n0.03_d000_r03,C1,202611,19.58,19.58,0.0,0.6,0.5834787405748266,0.6057886458381659,FAR,FAR,0.0,1,,,0.03,0
C1_n0.03_d000_r03,C1,202611,19.6,19.6,0.0,0.6,0.5518090561227205,0.5922937484093045,FAR,FAR,0.0,1,,,0.03,0
C1_n0.03_d000_r03,C1,202611,19.62,19.62,0.0,0.6,0.5966030310489798,0.5933710690692233,FAR,FAR,0.0,1,,,0.03,0
C1_n0.03_d000_r03,C1,202611,19.64,19.64,0.0,0.6,0.6352689431156237,0.6038455375808234,FAR,FAR,0.0,1,,,0.03,0
C1_n0.03_d000_r03,C1,202611,19.66,19.66,0.0,0.6,0.6168086297921658,0.607086310633659,FAR,FAR,0.0,1,,,0.03,0
C1_n0.03_d000_r03,C1,202611,19.68,19.68,0.0,0.6,0.5983708776765574,0.6049074523943836,FAR,FAR,0.0,1,,,0.03,0
C1_n0.03_d000_r03,C1,202611,19.7,19.7,0.0,0.6,0.5703064744105178,0.5962572078984172,FAR,FAR,0.0,1,,,0.03,0
C1_n0.03_d000_r03,C1,202611,19.72,19.72,0.0,0.6,0.6062234089477277,0.5987487581607448,FAR,FAR,0.0,1,,,0.03,0
C1_n0.03_d000_r03,C1,202611,19.74,19.74,0.0,0.6,0.6240619264749232,0.6050770502392894,FAR,FAR,0.0,1,,,0.03,0
C1_n0.03_d000_r03,C1,202611,19.76,19.76,0.0,0.6,0.5804163634652406,0.5989118785457772,FAR,FAR,0.0,1,,,0.03,0
C1_n0.03_d000_r03,C1,202611,19.78,19.78,0.0,0.6,0.5680124900085721,0.591187031411476,FAR,FAR,0.0,1,,,0.03,0
C1_n0.03_d000_r03,C1,202611,19.8,19.8,0.0,0.6,0.5857189618477983,0.5898200140205565,FAR,FAR,0.0,1,,,0.03,0
C1_n0.03_d000_r03,C1,202611,19.82,19.82,0.0,0.6,0.5934596076356725,0.5907299124243355,FAR,FAR,0.0,1,,,0.03,0
C1_n0.03_d000_r03,C1,202611,19.84,19.84,0.0,0.6,0.6323936143670389,0.6011458379100113,FAR,FAR,0.0,1,,,0.03,0
C1_n0.03_d000_r03,C1,202611,19.86,19.86,0.0,0.6,0.5875725134265686,0.5977525067891506,FAR,FAR,0.0,1,,,0.03,0
C1_n0.03_d000_r03,C1,202611,19.88,19.88,0.0,0.6,0.6545831793220435,0.6119601749223739,FAR,FAR,0.0,1,,,0.03,0
C1_n0.03_d000_r03,C1,202611,19.9,19.9,0.0,0.6,0.5932485454154108,0.6072822675456331,FAR,FAR,0.0,1,,,0.03,0
C1_n0.03_d000_r03,C1,202611,19.92,19.92,0.0,0.6,0.5607029610862769,0.5956374409307941,FAR,FAR,0.0,1,,,0.03,0
C1_n0.03_d000_r03,C1,202611,19.94,19.94,0.0,0.6,0.6318432117095314,0.6046888836254785,FAR,FAR,0.0,1,,,0.03,0
C1_n0.03_d000_r03,C1,202611,19.96,19.96,0.0,0.6,0.6552884220804345,0.6173387682392175,FAR,FAR,0.0,1,,,0.03,0
C1_n0.03_d000_r03,C1,202611,19.98,19.98,0.0,0.6,0.5892118724996033,0.6103070443043139,FAR,FAR,0.0,1,,,0.03,0
C1_n0.03_d000_r03,C1,202611,20.0,20.0,0.0,0.6,0.6355958040919931,0.6166292342512337,FAR,FAR,0.0,1,,,0.03,0
