trial_id,condition,seed,time_s,sensor_time_s,sample_age_s,true_distance_m,raw_distance_m,filtered_distance_m,expected_state,state,command,valid,event_label,invalid_reason,noise_sigma_m,delay_ms
C1_n0.03_d000_r01,C1,202609,0.0,0.0,0.0,0.6,0.5949194815125268,0.5949194815125268,FAR,FAR,0.0,1,,,0.03,0
C1_n0.03_d000_r01,C1,202609,0.02,0.02,0.0,0.6,0.6200104326532867,0.6011922192977168,FAR,FAR,0.0,1,,,0.03,0
C1_n0.03_d000_r01,C1,202609,0.04,0.04,0.0,0.6,0.5376104365232532,0.5852967736041009,FAR,FAR,0.0,1,,,0.03,0
C1_n0.03_d000_r01,C1,202609,0.06,0.06,0.0,0.6,0.6222855069429123,0.5945439569388038,FAR,FAR,0.0,1,,,0.03,0
C1_n0.03_d000_r01,C1,202609,0.08,0.08,0.0,0.6,0.6166521818764823,0.6000710131732234,FAR,FAR,0.0,1,,,0.03,0
C1_n0.03_d000_r01,C1,202609,0.1,0.1,0.0,0.6,0.5911479443206002,0.5978402459600676,FAR,FAR,0.0,1,,,0.03,0
C1_n0.03_d000_r01,C1,202609,0.12,0.12,0.0,0.6,0.5906992463641506,0.5960549960610884,FAR,FAR,0.0,1,,,0.03,0
C1_n0.03_d000_r01,C1,202609,0.14,0.14,0.0,0.6,0.5777215341510246,0.5914716305835724,FAR,FAR,0.0,1,,,0.03,0
C1_n0.03_d000_r01,C1,202609,0.16,0.16,0.0,0.6,0.5246368830325135,0.5747629436958077,FAR,FAR,0.0,1,,,0.03,0
C1_n0.03_d000_r01,C1,202609,0.18,0.18,0.0,0.6,0.6260129548754418,0.5875754464907162,FAR,FAR,0.0,1,,,0.03,0
C1_n0.03_d000_r01,C1,202609,0.2,0.2,0.0,0.6,0.5698344272485303,0.5831401916801697,FAR,FAR,0.0,1,,,0.03,0
C1_n0.03_d000_r01,C1,202609,0.22,0.22,0.0,0.6,0.5814090309914238,0.5827074015079833,FAR,FAR,0.0,1,,,0.03,0
C1_n0.03_d000_r01,C1,202609,0.24,0.24,0.0,0.6,0.5778453611819634,0.5814918914264783,FAR,FAR,0.0,1,,,0.03,0
C1_n0.03_d000_r01,C1,202609,0.26,0.26,0.0,0.6,0.5807970804788033,0.5813181886895595,FAR,FAR,0.0,1,,,0.03,0
C1_n0.03_d000_r01,C1,202609,0.28,0.28,0.0,0.6,0.6104691311194835,0.5886059242970405,FAR,FAR,0.0,1,,,0.03,0
C1_n0.03_d000_r01,C1,202609,0.3,0.3,0.0,0.6,0.5699088095510444,0.5839316456105414,FAR,FAR,0.0,1,,,0.03,0
C1_n0.03_d000_r01,C1,202609,0.32,0.32,0.0,0.6,0.5969087503308519,0.5871759217906191,FAR,FAR,0.0,1,,,0.03,0
C1_n0.03_d000_r01,C1,202609,0.34,0.34,0.0,0.6,0.6115931181893957,0.5932802208903132,FAR,FAR,0.0,1,,,0.03,0
C1_n0.03_d000_r01,C1,202609,0.36,0.36,0.0,0.6,0.6402666350328748,0.6050268244259536,FAR,FAR,0.0,1,,,0.03,0
C1_n0.03_d000_r01,C1,202609,0.38,0.38,0.0,0.6,0.5959798887934955,0.602765090517839,FAR,FAR,0.0,1,,,0.03,0
C1_n0.03_d000_r01,C1,202609,0.4,0.4,0.0,0.6,0.5498837148987878,0.5895447466130762,FAR,FAR,0.0,1,,,0.03,0
C1_n0.03_d000_r01,C1,202609,0.42,0.42,0.0,0.6,0.5912237845017355,0.589964506085241,FAR,FAR,0.0,1,,,0.03,0
C1_n0.03_d000_r01,C1,202609,0.44,0.44,0.0,0.6,0.5720694444881189,0.5854907406859604,FAR,FAR,0.0,1,,,0.03,0
C1_n0.03_d000_r01,C1,202609,0.46,0.46,0.0,0.6,0.621061832460477,0.5943835136295895,FAR,FAR,0.0,1,,,0.03,0
C1_n0.03_d000_r01,C1,202609,0.48,0.48,0.0,0.6,0.6433633169298064,0.6066284644546437,FAR,FAR,0.0,1,,,0.03,0
C1_n0.03_d000_r01,C1,202609,0.5,0.5,0.0,0.6,0.6453580142153391,0.6163108518948175,FAR,FAR,0.0,1,,,0.03,0
C1_n0.03_d000_r01,C1,202609,0.52,0.52,0.0,0.6,0.5576499335219146,0.6016456223015918,FAR,FAR,0.0,1,,,0.03,0
C1_n0.03_d000_r01,C1,202609,0.54,0.54,0.0,0.6,0.5614227096978538,0.5915898941506573,FAR,FAR,0.0,1,,,0.03,0
C1_n0.03_d000_r01,C1,202609,0.56,0.56,0.0,0.6,0.6086332286927497,0.5958507277861804,FAR,FAR,0.0,1,,,0.03,0
C1_n0.03_d000_r01,C1,202609,0.58,0.58,0.0,0.6,0.6363810591525272,0.6059833106277671,FAR,FAR,0.0,1,,,0.03,0
C1_n0.03_d000_r01,C1,202609,0.6,0.6,0.0,0.6,0.5951296910290639,0.6032699057280912,FAR,FAR,0.0,1,,,0.03,0
C1_n0.03_d000_r01,C1,202609,0.62,0.62,0.0,0.6,0.5816635939842076,0.5978683277921204,FAR,FAR,0.0,1,,,0.03,0
C1_n0.03_d000_r01,C1,202609,0.64,0.64,0.0,0.6,0.6051295505006221,0.5996836334692458,FAR,FAR,0.0,1,,,0.03,0
C1_n0.03_d000_r01,C1,202609,0.66,0.66,0.0,0.6,0.617392880150462,0.6041109451395499,FAR,FAR,0.0,1,,,0.03,0
C1_n0.03_d000_r01,C1,202609,0.68,0.68,0.0,0.6,0.6270737142348578,0.6098516374133769,FAR,FAR,0.0,1,,,0.03,0
C1_n0.03_d000_r01,C1,202609,0.7,0.7,0.0,0.6,0.6424077910258069,0.6179906758164844,FAR,FAR,0.0,1,,,0.03,0
C1_n0.03_d000_r01,C1,202609,0.72,0.72,0.0,0.6,0.6239193779891429,0.619472851359649,FAR,FAR,0.0,1,,,0.03,0
C1_n0.03_d000_r01,C1,202609,0.74,0.74,0.0,0.6,0.6834678049733264,0.6354715897630684,FAR,FAR,0.0,1,,,0.03,0
C1_n0.03_d000_r01,C1,202609,0.76,0.76,0.0,0.6,0.6208077019755205,0.6318056178161814,FAR,FAR,0.0,1,,,0.03,0
C1_n0.03_d000_r01,C1,202609,0.78,0.78,0.0,0.6,0.6262253212179096,0.6304105436666134,FAR,FAR,0.0,1,,,0.03,0
C1_n0.03_d000_r01,C1,202609,0.8,0.8,0.0,0.6,0.5917467420596284,0.6207445932648672,FAR,FAR,0.0,1,,,0.03,0
C1_n0.03_d000_r01,C1,202609,0.82,0.82,0.0,0.6,0.6147765192208487,0.6192525747538626,FAR,FAR,0.0,1,,,0.03,0
C1_n0.03_d000_r01,C1,202609,0.84,0.84,0.0,0.6,0.6405212181996138,0.6245697356153004,FAR,FAR,0.0,1,,,0.03,0
C1_n0.03_d000_r01,C1,202609,0.86,0.86,0.0,0.6,0.6101162413130039,0.6209563620397263,FAR,FAR,0.0,1,,,0.03,0
C1_n0.03_d000_r01,C1,202609,0.88,0.88,0.0,0.6,0.6322746834611245,0.6237859423950758,FAR,FAR,0.0,1,,,0.03,0
C1_n0.03_d000_r01,C1,202609,0.9,0.9,0.0,0.6,0.6112711344621083,0.6206572404118339,FAR,FAR,0.0,1,,,0.03,0
C1_n0.03_d000_r01,C1,202609,0.92,0.92,0.0,0.6,0.6097040232052595,0.6179189361101902,FAR,FAR,0.0,1,,,0.03,0
C1_n0.03_d000_r01,C1,202609,0.94,0.94,0.0,0.6,0.5856586149136015,0.609853855811043,FAR,FAR,0.0,1,,,0.03,0
C1_n0.03_d000_r01,C1,202609,0.96,0.96,0.0,0.6,0.6651788174980665,0.6236850962327989,FAR,FAR,0.0,1,,,0.03,0
C1_n0.03_d000_r01,C1,202609,0.98,0.98,0.0,0.6,0.5469650730909589,0.6045050904473389,FAR,FAR,0.0,1,,,0.03,0
C1_n0.03_d000_r01,C1,202609,1.0,1.0,0.0,0.6,0.61154153554642,0.6062642017221092,FAR,FAR,0.0,1,,,0.03,0
C1_n0.03_d000_r01,C1,202609,1.02,1.02,0.0,0.6,0.6301420182825125,0.61223365586221,FAR,FAR,0.0,1,,,0.03,0
C1_n0.03_d000_r01,C1,202609,1.04,1.04,0.0,0.6,0.5804413263011111,0.6042855734719352,FAR,FAR,0.0,1,,,0.03,0
C1_n0.03_d000_r01,C1,202609,1.06,1.06,0.0,0.6,0.6072709336515628,0.6050319135168422,FAR,FAR,0.0,1,,,0.03,0
C1_n0.03_d000_r01,C1,202609,1.08,1.08,0.0,0.6,0.5763490499762625,0.5978611976316972,FAR,FAR,0.0,1,,,0.03,0
C1_n0.03_d000_r01,C1,202609,1.1,1.1,0.0,0.6,0.6151236811175714,0.6021768185031657,FAR,FAR,0.0,1,,,0.03,0
C1_n0.03_d000_r01,C1,202609,1.12,1.12,0.0,0.6,0.6304551705802839,0.6092464065224452,FAR,FAR,0.0,1,,,0.03,0
C1_n0.03_d000_r01,C1,202609,1.14,1.14,0.0,0.6,0.6016033947331958,0.6073356535751329,FAR,FAR,0.0,1,,,0.03,0
C1_n0.03_d000_r01,C1,202609,1.16,1.16,0.0,0.6,0.5781209258563723,0.6000319716454428,FAR,FAR,0.0,1,,,0.03,0
C1_n0.03_d000_r01,C1,202609,1.18,1.18,0.0,0.6,0.5683802576538445,0.5921190431475432,FAR,FAR,0.0,1,,,0.03,0
C1_n0.03_d000_r01,C1,202609,1.2,1.2,0.0,0.6,0.5888219653129645,0.5912947736888985,FAR,FAR,0.0,1,,,0.03,0
C1_n0.03_d000_r01,C1,202609,1.22,1.22,0.0,0.6,0.631669989025851,0.6013885775231367,FAR,FAR,0.0,1,,,0.03,0
C1_n0.03_d000_r01,C1,202609,1.24,1.24,0.0,0.6,0.5957806722966555,0.5999866012165164,FAR,FAR,0.0,1,,,0.03,0
C1_n0.03_d000_r01,C1,202609,1.26,1.26,0.0,0.6,0.6412933129320153,0.6103132791453911,FAR,FAR,0.0,1,,,0.03,0
C1_n0.03_d000_r01,C1,202609,1.28,1.28,0.0,0.6,0.5679772129405785,0.5997292625941879,FAR,FAR,0.0,1,,,0.03,0
C1_n0.03_d000_r01,C1,202609,1.3,1.3,0.0,0.6,0.6073772321239377,0.6016412549766254,FAR,FAR,0.0,1,,,0.03,0
C1_n0.03_d000_r01,C1,202609,1.32,1.32,0.0,0.6,0.629972415629384,0.608724045139815,FAR,FAR,0.0,1,,,0.03,0
C1_n0.03_d000_r01,C1,202609,1.34,1.34,0.0,0.6,0.5850004857842582,0.6027931553009258,FAR,FAR,0.0,1,,,0.03,0
C1_n0.03_d000_r01,C1,202609,1.36,1.36,0.0,0.6,0.5905223826752565,0.5997254621445085,FAR,FAR,0.0,1,,,0.03,0
C1_n0.03_d000_r01,C1,202609,1.38,1.38,0.0,0.6,0.546950463050504,0.5865317123710074,FAR,FAR,0.0,1,,,0.03,0
C1_n0.03_d000_r01,C1,202609,1.4,1.4,0.0,0.6,0.5237784436624532,0.5708433951938688,FAR,FAR,0.0,1,,,0.03,0
C1_n0.03_d000_r01,C1,202609,1.42,1.42,0.0,0.6,0.6134379708604917,0.5814920391105246,FAR,FAR,0.0,1,,,0.03,0
C1_n0.03_d000_r01,C1,202609,1.44,1.44,0.0,0.6,0.5993660516584517,0.5859605422475064,FAR,FAR,0.0,1,,,0.03,0
C1_n0.03_d000_r01,C1,202609,1.46,1.46,0.0,0.6,0.5974905519869299,0.5888430446823623,FAR,FAR,0.0,1,,,0.03,0
C1_n0.03_d000_r01,C1,202609,1.48,1.48,0.0,0.6,0.6215288172144727,0.5970144878153899,FAR,FAR,0.0,1,,,0.03,0
C1_n0.03_d000_r01,C1,202609,1.5,1.5,0.0,0.6,0.5878990516689124,0.5947356287787705,FAR,FAR,0.0,1,,,0.03,0
C1_n0.03_d000_r01,C1,202609,1.52,1.52,0.0,0.6,0.5775484946031825,0.5904388452348736,FAR,FAR,0.0,1,,,0.03,0
C1_n0.03_d000_r01,C1,202609,1.54,1.54,0.0,0.6,0.6134734656627329,0.5961975003418384,FAR,FAR,0.0,1,,,0.03,0
C1_n0.03_d000_r01,C1,202609,1.56,1.56,0.0,0.6,0.6014246876995573,0.5975042971812681,FAR,FAR,0.0,1,,,0.03,0
C1_n0.03_d000_r01,C1,202609,1.58,1.58,0.0,0.6,0.603498345129451,0.5990028091683138,FAR,FAR,0.0,1,,,0.03,0
C1_n0.03_d000_r01,C1,202609,1.6,1.6,0.0,0.6,0.6179435880414151,0.6037380038865892,FAR,FAR,0.0,1,,,0.03,0
C1_n0.03_d000_r01,C1,202609,1.62,1.62,0.0,0.6,0.6195174813416865,0.6076828732503635,FAR,FAR,0.0,1,,,0.03,0
C1_n0.03_d000_r01,C1,202609,1.64,1.64,0.0,0.6,0.5965328686534066,0.6048953721011243,FAR,FAR,0.0,1,,,0.03,0
C1_n0.03_d000_r01,C1,202609,1.66,1.66,0.0,0.6,0.5997281182630783,0.6036035586416129,FAR,FAR,0.0,1,,,0.03,0
C1_n0.03_d000_r01,C1,202609,1.68,1.68,0.0,0.6,0.5691316679289842,0.5949855859634556,FAR,FAR,0.0,1,,,0.03,0
C1_n0.03_d000_r01,C1,202609,1.7,1.7,0.0,0.6,0.6501282926420691,0.608771262633109,FAR,FAR,0.0,1,,,0.03,0
C1_n0.03_d000_r01,C1,202609,1.72,1.72,0.0,0.6,0.6048236640123955,0.6077843629779306,FAR,FAR,0.0,1,,,0.03,0
C1_n0.03_d000_r01,C1,202609,1.74,1.74,0.0,0.6,0.6005525640283382,0.6059764132405325,FAR,FAR,0.0,1,,,0.03,0
C1_n0.03_d000_r01,C1,202609,1.76,1.76,0.0,0.6,0.6526756101353549,0.6176512124642382,FAR,FAR,0.0,1,,,0.03,0
C1_n0.03_d000_r01,C1,202609,1.78,1.78,0.0,0.6,0.5947784288518307,0.6119330165611363,FAR,FAR,0.0,1,,,0.03,0
C1_n0.03_d000_r01,C1,202609,1.8,1.8,0.0,0.6,0.6151049442163404,0.6127259984749374,FAR,FAR,0.0,1,,,0.03,0
C1_n0.03_d000_r01,C1,202609,1.82,1.82,0.0,0.6,0.5746164491126433,0.6031986111343639,FAR,FAR,0.0,1,,,0.03,0
C1_n0.03_d000_r01,C1,202609,1.84,1.84,0.0,0.6,0.630835261305778,0.6101077736772175,FAR,FAR,0.0,1,,,0.03,0
C1_n0.03_d000_r01,C1,202609,1.86,1.86,0.0,0.6,0.5863345439785159,0.604164466252542,FAR,FAR,0.0,1,,,0.03,0
C1_n0.03_d000_r01,C1,202609,1.88,1.88,0.0,0.6,0.6312804083359468,0.6109434517733933,FAR,FAR,0.0,1,,,0.03,0
C1_n0.03_d000_r01,C1,202609,1.9,1.9,0.0,0.6,0.5887409309546618,0.6053928215687104,FAR,FAR,0.0,1,,,0.03,0
C1_n0.03_d000_r01,C1,202609,1.92,1.92,0.0,0.6,0.6019465817341991,0.6045312616100826,FAR,FAR,0.0,1,,,0.03,0
C1_n0.03_d000_r01,C1,202609,1.94,1.94,0.0,0.6,0.5998491608095816,0.6033607364099574,FAR,FAR,0.0,1,,,0.03,0
C1_n0.03_d000_r01,C1,202609,1.96,1.96,0.0,0.6,0.5694922257986758,0.5948936087571369,FAR,FAR,0.0,1,,,0.03,0
C1_n0.03_d000_r01,C1,202609,1.98,1.98,0.0,0.6,0.5912537719360766,0.5939836495518718,FAR,FAR,0.0,1,,,0.03,0
C1_n0.03_d000_r01,C1,202609,2.0,2.0,0.0,0.6,0.5814924489671222,0.5908608494056844,FAR,FAR,0.0,1,,,0.03,0
C1_n0.03_d000_r01,C1,202609,2.02,2.02,0.0,0.6,0.6277898536397211,0.6000931004641936,FAR,FAR,0.0,1,,,0.03,0
C1_n0.03_d000_r01,C1,202609,2.04,2.04,0.0,0.6,0.6215924983341353,0.6054679499316791,FAR,FAR,0.0,1,,,0.03,0
C1_n0.03_d000_r01,C1,202609,2.06,2.06,0.0,0.6,0.615002640141542,0.6078516224841448,FAR,FAR,0.0,1,,,0.03,0
C1_n0.03_d000_r01,C1,202609,2.08,2.08,0.0,0.6,0.6137357094967958,0.6093226442373075,FAR,FAR,0.0,1,,,0.03,0
C1_n0.03_d000_r01,C1,202609,2.1,2.1,0.0,0.6,0.6012790954661751,0.6073117570445243,FAR,FAR,0.0,1,,,0.03,0
C1_n0.03_d000_r01,C1,202609,2.12,2.12,0.0,0.6,0.5866492043406903,0.6021461188685658,FAR,FAR,0.0,1,,,0.03,0
C1_n0.03_d000_r01,C1,202609,2.14,2.14,0.0,0.6,0.603162740278902,0.6024002742211498,FAR,FAR,0.0,1,,,0.03,0
C1_n0.03_d000_r01,C1,202609,2.16,2.16,0.0,0.6,0.613657648128754,0.6052146176980508,FAR,FAR,0.0,1,,,0.03,0
C1_n0.03_d000_r01,C1,202609,2.18,2.18,0.0,0.6,0.5733517651813395,0.597248904568873,FAR,FAR,0.0,1,,,0.03,0
C1_n0.03_d000_r01,C1,202609,2.2,2.2,0.0,0.6,0.596859802336749,0.597151629010842,FAR,FAR,0.0,1,,,0.03,0
C1_n0.03_d000_r01,C1,202609,2.22,2.22,0.0,0.6,0.6006272105873245,0.5980205244049626,FAR,FAR,0.0,1,,,0.03,0
C1_n0.03_d000_r01,C1,202609,2.24,2.24,0.0,0.6,0.5880703666629422,0.5955329849694575,FAR,FAR,0.0,1,,,0.03,0
C1_n0.03_d000_r01,C1,202609,2.26,2.26,0.0,0.6,0.5639541740226344,0.5876382822327517,FAR,FAR,0.0,1,,,0.03,0
C1_n0.03_d000_r01,C1,202609,2.28,2.28,0.0,0.6,0.596941234228438,0.5899640202316733,FAR,FAR,0.0,1,,,0.03,0
C1_n0.03_d000_r01,C1,202609,2.3,2.3,0.0,0.6,0.590725212474116,0.5901543182922839,FAR,FAR,0.0,1,,,0.03,0
C1_n0.03_d000_r01,C1,202609,2.32,2.32,0.0,0.6,0.5939891546710037,0.5911130273869638,FAR,FAR,0.0,1,,,0.03,0
C1_n0.03_d000_r01,C1,202609,2.34,2.34,0.0,0.6,0.6065993257915901,0.5949846019881204,FAR,FAR,0.0,1,,,0.03,0
C1_n0.03_d000_r01,C1,202609,2.36,2.36,0.0,0.6,0.6206961390380864,0.6014124862506119,FAR,FAR,0.0,1,,,0.03,0
C1_n0.03_d000_r01,C1,202609,2.38,2.38,0.0,0.6,0.6365256201652257,0.6101907697292653,FAR,FAR,0.0,1,,,0.03,0
C1_n0.03_d000_r01,C1,202609,2.4,2.4,0.0,0.6,0.605531735521597,0.6090260111773482,FAR,FAR,0.0,1,,,0.03,0
C1_n0.03_d000_r01,C1,202609,2.42,2.42,0.0,0.6,0.6054004692820709,0.6081196257035288,FAR,FAR,0.0,1,,,0.03,0
C1_n0.03_d000_r01,C1,202609,2.44,2.44,0.0,0.6,0.6318796720899894,0.614059637300144,FAR,FAR,0.0,1,,,0.03,0
C1_n0.03_d000_r01,C1,202609,2.46,2.46,0.0,0.6,0.6460082018775354,0.6220467784444919,FAR,FAR,0.0,1,,,0.03,0
C1_n0.03_d000_r01,C1,202609,2.48,2.48,0.0,0.6,0.5419771801819163,0.602029378878848,FAR,FAR,0.0,1,,,0.03,0
C1_n0.03_d000_r01,C1,202609,2.5,2.5,0.0,0.6,0.6284852412811923,0.6086433444794341,FAR,FAR,0.0,1,,,0.03,0
C1_n0.03_d000_r01,C1,202609,2.52,2.52,0.0,0.6,0.5829821827325351,0.6022280540427094,FAR,FAR,0.0,1,,,0.03,0
C1_n0.03_d000_r01,C1,202609,2.54,2.54,0.0,0.6,0.613620353695124,0.6050761289558131,FAR,FAR,0.0,1,,,0.03,0
C1_n0.03_d000_r01,C1,202609,2.56,2.56,0.0,0.6,0.5498526011467958,0.5912702470035588,FAR,FAR,0.0,1,,,0.03,0
C1_n0.03_d000_r01,C1,202609,2.58,2.58,0.0,0.6,0.5851519211171463,0.5897406655319557,FAR,FAR,0.0,1,,,0.03,0
C1_n0.03_d000_r01,C1,202609,2.6,2.6,0.0,0.6,0.6070473735886935,0.5940673425461401,FAR,FAR,0.0,1,,,0.03,0
C1_n0.03_d000_r01,C1,202609,2.62,2.62,0.0,0.6,0.6373340852837308,0.6048840282305378,FAR,FAR,0.0,1,,,0.03,0
C1_n0.03_d000_r01,C1,202609,2.64,2.64,0.0,0.6,0.5648788600589763,0.5948827361876474,FAR,FAR,0.0,1,,,0.03,0
C1_n0.03_d000_r01,C1,202609,2.66,2.66,0.0,0.6,0.639610436174205,0.6060646611842868,FAR,FAR,0.0,1,,,0.03,0
C1_n0.03_d000_r01,C1,202609,2.68,2.68,0.0,0.6,0.5890057656702636,0.601799937305781,FAR,FAR,0.0,1,,,0.03,0
C1_n0.03_d000_r01,C1,202609,2.7,2.7,0.0,0.6,0.6065433704202423,0.6029857955843962,FAR,FAR,0.0,1,,,0.03,0
C1_n0.03_d000_r01,C1,202609,2.72,2.72,0.0,0.6,0.6077571215158818,0.6041786270672677,FAR,FAR,0.0,1,,,0.03,0
C1_n0.03_d000_r01,C1,202609,2.74,2.74,0.0,0.6,0.6078017622274211,0.605084410857306,FAR,FAR,0.0,1,,,0.03,0
C1_n0.03_d000_r01,C1,202609,2.76,2.76,0.0,0.6,0.5839071019399287,0.5997900836279617,FAR,FAR,0.0,1,,,0.03,0
C1_n0.03_d000_r01,C1,202609,2.78,2.78,0.0,0.6,0.5794775254137999,0.5947119440744213,FAR,FAR,0.0,1,,,0.03,0
C1_n0.03_d000_r01,C1,202609,2.8,2.8,0.0,0.6,0.5959152777438033,0.5950127774917668,FAR,FAR,0.0,1,,,0.03,0
C1_n0.03_d000_r01,C1,202609,2.82,2.82,0.0,0.6,0.6561730704543082,0.6103028507324022,FAR,FAR,0.0,1,,,0.03,0
C1_n0.03_d000_r01,C1,202609,2.84,2.84,0.0,0.6,0.5964612839627127,0.6068424590399798,FAR,FAR,0.0,1,,,0.03,0
C1_n0.03_d000_r01,C1,202609,2.86,2.86,0.0,0.6,0.6053465206502013,0.6064684744425353,FAR,FAR,0.0,1,,,0.03,0
C1_n0.03_d000_r01,C1,202609,2.88,2.88,0.0,0.6,0.5697962603583429,0.5973004209214872,FAR,FAR,0.0,1,,,0.03,0
C1_n0.03_d000_r01,C1,202609,2.9,2.9,0.0,0.6,0.6194279858614861,0.6028323121564869,FAR,FAR,0.0,1,,,0.03,0
C1_n0.03_d000_r01,C1,202609,2.92,2.92,0.0,0.6,0.6471913177757583,0.6139220635613047,FAR,FAR,0.0,1,,,0.03,0
C1_n0.03_d000_r01,C1,202609,2.94,2.94,0.0,0.6,0.5461420032824285,0.5969770484915857,FAR,FAR,0.0,1,,,0.03,0
C1_n0.03_d000_r01,C1,202609,2.96,2.96,0.0,0.6,0.6011194473132082,0.5980126481969914,FAR,FAR,0.0,1,,,0.03,0
C1_n0.03_d000_r01,C1,202609,2.98,2.98,0.0,0.6,0.5828267573017598,0.5942161754731835,FAR,FAR,0.0,1,,,0.03,0
C1_n0.03_d000_r01,C1,202609,3.0,3.0,0.0,0.6,0.6446664086989017,0.6068287337796131,FAR,FAR,0.0,1,,,0.03,0
C1_n0.03_d000_r01,C1,202609,3.02,3.02,0.0,0.6,0.5488983734155025,0.5923461436885854,FAR,FAR,0.0,1,,,0.03,0
C1_n0.03_d000_r01,C1,202609,3.04,3.04,0.0,0.6,0.6385431194158064,0.6038953876203906,FAR,FAR,0.0,1,,,0.03,0
C1_n0.03_d000_r01,C1,202609,3.06,3.06,0.0,0.6,0.5876704672704807,0.5998391575329132,FAR,FAR,0.0,1,,,0.03,0
C1_n0.03_d000_r01,C1,202609,3.08,3.08,0.0,0.6,0.5764124457067131,0.5939824795763632,FAR,FAR,0.0,1,,,0.03,0
C1_n0.03_d000_r01,C1,202609,3.1,3.1,0.0,0.6,0.5845084416532572,0.5916139700955867,FAR,FAR,0.0,1,,,0.03,0
C1_n0.03_d000_r01,C1,202609,3.12,3.12,0.0,0.6,0.613641077922513,0.5971207470523183,FAR,FAR,0.0,1,,,0.03,0
C1_n0.03_d000_r01,C1,202609,3.14,3.14,0.0,0.6,0.5229930240166095,0.5785888162933911,FAR,FAR,0.0,1,,,0.03,0
C1_n0.03_d000_r01,C1,202609,3.16,3.16,0.0,0.6,0.6063833428410895,0.5855374479303157,FAR,FAR,0.0,1,,,0.03,0
C1_n0.03_d000_r01,C1,202609,3.18,3.18,0.0,0.6,0.5881714543649866,0.5861959495389835,FAR,FAR,0.0,1,,,0.03,0
C1_n0.03_d000_r01,C1,202609,3.2,3.2,0.0,0.6,0.6095071982843927,0.5920237617253358,FAR,FAR,0.0,1,,,0.03,0
C1_n0.03_d000_r01,C1,202609,3.22,3.22,0.0,0.6,0.6954097816479404,0.6178702667059869,FAR,FAR,0.0,1,,,0.03,0
C1_n0.03_d000_r01,C1,202609,3.24,3.24,0.0,0.6,0.5908952064287227,0.6111265016366708,FAR,FAR,0.0,1,,,0.03,0
C1_n0.03_d000_r01,C1,202609,3.26,3.26,0.0,0.6,0.5671650247581527,0.6001361324170412,FAR,FAR,0.0,1,,,0.03,0
C1_n0.03_d000_r01,C1,202609,3.28,3.28,0.0,0.6,0.6235611410202634,0.6059923845678468,FAR,FAR,0.0,1,,,0.03,0
C1_n0.03_d000_r01,C1,202609,3.3,3.3,0.0,0.6,0.6049025249929915,0.605719919674133,FAR,FAR,0.0,1,,,0.03,0
C1_n0.03_d000_r01,C1,202609,3.32,3.32,0.0,0.6,0.5960759256276708,0.6033089211625174,FAR,FAR,0.0,1,,,0.03,0
C1_n0.03_d000_r01,C1,202609,3.34,3.34,0.0,0.6,0.579753286844902,0.5974200125831135,FAR,FAR,0.0,1,,,0.03,0
C1_n0.03_d000_r01,C1,202609,3.36,3.36,0.0,0.6,0.6464313880980458,0.6096728564618465,FAR,FAR,0.0,1,,,0.03,0
C1_n0.03_d000_r01,C1,202609,3.38,3.38,0.0,0.6,0.5780382648684934,0.6017642085635082,FAR,FAR,0.0,1,,,0.03,0
C1_n0.03_d000_r01,C1,202609,3.4,3.4,0.0,0.6,0.5760444802135273,0.595334276476013,FAR,FAR,0.0,1,,,0.03,0
C1_n0.03_d000_r01,C1,202609,3.42,3.42,0.0,0.6,0.6285897331010009,0.60364814063226,FAR,FAR,0.0,1,,,0.03,0
C1_n0.03_d000_r01,C1,202609,3.44,3.44,0.0,0.6,0.6112017078534342,0.6055365324375536,FAR,FAR,0.0,1,,,0.03,0
C1_n0.03_d000_r01,C1,202609,3.46,3.46,0.0,0.6,0.6117661975072876,0.6070939487049871,FAR,FAR,0.0,1,,,0.03,0
C1_n0.03_d000_r01,C1,202609,3.48,3.48,0.0,0.6,0.5599339722578187,0.5953039545931951,FAR,FAR,0.0,1,,,0.03,0
C1_n0.03_d000_r01,C1,202609,3.5,3.5,0.0,0.6,0.6563659268889934,0.6105694476671446,FAR,FAR,0.0,1,,,0.03,0
C1_n0.03_d000_r01,C1,202609,3.52,3.52,0.0,0.6,0.5630154019363741,0.598680936234452,FAR,FAR,0.0,1,,,0.03,0
C1_n0.03_d000_r01,C1,202609,3.54,3.54,0.0,0.6,0.5811883249571292,0.5943077834151212,FAR,FAR,0.0,1,,,0.03,0
C1_n0.03_d000_r01,C1,202609,3.56,3.56,0.0,0.6,0.5721065325961666,0.5887574707103825,FAR,FAR,0.0,1,,,0.03,0
C1_n0.03_d000_r01,C1,202609,3.58,3.58,0.0,0.6,0.6130351735847746,0.5948268964289806,FAR,FAR,0.0,1,,,0.03,0
C1_n0.03_d000_r01,C1,202609,3.6,3.6,0.0,0.6,0.5812473513507659,0.5914320101594268,FAR,FAR,0.0,1,,,0.03,0
C1_n0.03_d000_r01,C1,202609,3.62,3.62,0.0,0.6,0.5932759139034779,0.5918929860954396,FAR,FAR,0.0,1,,,0.03,0
C1_n0.03_d000_r01,C1,202609,3.64,3.64,0.0,0.6,0.5544020075331653,0.582520241454871,FAR,FAR,0.0,1,,,0.03,0
C1_n0.03_d000_r01,C1,202609,3.66,3.66,0.0,0.6,0.5822643341134448,0.5824562646195145,FAR,FAR,0.0,1,,,0.03,0
C1_n0.03_d000_r01,C1,202609,3.68,3.68,0.0,0.6,0.5800460843810813,0.5818537195599063,FAR,FAR,0.0,1,,,0.03,0
C1_n0.03_d000_r01,C1,202609,3.7,3.7,0.0,0.6,0.5846367686074799,0.5825494818217997,FAR,FAR,0.0,1,,,0.03,0
C1_n0.03_d000_r01,C1,202609,3.72,3.72,0.0,0.6,0.5960510914381963,0.5859248842258988,FAR,FAR,0.0,1,,,0.03,0
C1_n0.03_d000_r01,C1,202609,3.74,3.74,0.0,0.6,0.5556671973475119,0.5783604625063021,FAR,FAR,0.0,1,,,0.03,0
C1_n0.03_d000_r01,C1,202609,3.76,3.76,0.0,0.6,0.5941397146331167,0.5823052755380058,FAR,FAR,0.0,1,,,0.03,0
C1_n0.03_d000_r01,C1,202609,3.78,3.78,0.0,0.6,0.6090284921503991,0.5889860796911042,FAR,FAR,0.0,1,,,0.03,0
C1_n0.03_d000_r01,C1,202609,3.8,3.8,0.0,0.6,0.5989107421491142,0.5914672453056067,FAR,FAR,0.0,1,,,0.03,0
C1_n0.03_d000_r01,C1,202609,3.82,3.82,0.0,0.6,0.5947229006764859,0.5922811591483265,FAR,FAR,0.0,1,,,0.03,0
C1_n0.03_d000_r01,C1,202609,3.84,3.84,0.0,0.6,0.5571884356346776,0.5835079782699143,FAR,FAR,0.0,1,,,0.03,0
C1_n0.03_d000_r01,C1,202609,3.86,3.86,0.0,0.6,0.5781750293169184,0.5821747410316653,FAR,FAR,0.0,1,,,0.03,0
C1_n0.03_d000_r01,C1,202609,3.88,3.88,0.0,0.6,0.5534794763756686,0.5750009248676662,FAR,FAR,0.0,1,,,0.03,0
C1_n0.03_d000_r01,C1,202609,3.9,3.9,0.0,0.6,0.6421305192908915,0.5917833234734725,FAR,FAR,0.0,1,,,0.03,0
C1_n0.03_d000_r01,C1,202609,3.92,3.92,0.0,0.6,0.5891963722849076,0.5911365856763313,FAR,FAR,0.0,1,,,0.03,0
C1_n0.03_d000_r01,C1,202609,3.94,3.94,0.0,0.6,0.6042701724231812,0.5944199823630438,FAR,FAR,0.0,1,,,0.03,0
C1_n0.03_d000_r01,C1,202609,3.96,3.96,0.0,0.6,0.6146247818766598,0.5994711822414478,FAR,FAR,0.0,1,,,0.03,0
C1_n0.03_d000_r01,C1,202609,3.98,3.98,0.0,0.6,0.5899060608838483,0.597079901902048,FAR,FAR,0.0,1,,,0.03,0
C1_n0.03_d000_r01,C1,202609,4.0,4.0,0.0,0.6,0.604425111720333,0.5989162043566192,FAR,FAR,0.0,1,,,0.03,0
C1_n0.03_d000_r01,C1,202609,4.02,4.02,0.0,0.5982500000000001,0.6748329446216622,0.6178953894228799,FAR,FAR,0.0,1,,,0.03,0
C1_n0.03_d000_r01,C1,202609,4.04,4.04,0.0,0.5965,0.5962132094794655,0.6124748444370263,FAR,FAR,0.0,1,,,0.03,0
C1_n0.03_d000_r01,C1,202609,4.06,4.06,0.0,0.59475,0.6343748200603316,0.6179498383428526,FAR,FAR,0.0,1,,,0.03,0
C1_n0.03_d000_r01,C1,202609,4.08,4.08,0.0,0.593,0.5753655372984072,0.6073037630817413,FAR,FAR,0.0,1,,,0.03,0
C1_n0.03_d000_r01,C1,202609,4.1,4.1,0.0,0.59125,0.6000064310816972,0.6054794300817302,FAR,FAR,0.0,1,,,0.03,0
C1_n0.03_d000_r01,C1,202609,4.12,4.12,0.0,0.5894999999999999,0.5594759034067547,0.5939785484129864,FAR,FAR,0.0,1,,,0.03,0
C1_n0.03_d000_r01,C1,202609,4.14,4.14,0.0,0.58775,0.6088254712892157,0.5976902791320436,FAR,FAR,0.0,1,,,0.03,0
C1_n0.03_d000_r01,C1,202609,4.16,4.16,0.0,0.586,0.5836205795129451,0.594172854227269,FAR,FAR,0.0,1,,,0.03,0
C1_n0.03_d000_r01,C1,202609,4.18,4.18,0.0,0.58425,0.5892318369506642,0.5929375999081178,FAR,FAR,0.0,1,,,0.03,0
C1_n0.03_d000_r01,C1,202609,4.2,4.2,0.0,0.5825,0.5880726969501183,0.5917213741686179,FAR,FAR,0.0,1,,,0.03,0
C1_n0.03_d000_r01,C1,202609,4.22,4.22,0.0,0.58075,0.5677151122617172,0.5857198086918927,FAR,FAR,0.0,1,,,0.03,0
C1_n0.03_d000_r01,C1,202609,4.24,4.24,0.0,0.579,0.5991130205135962,0.5890681116473185,FAR,FAR,0.0,1,,,0.03,0
C1_n0.03_d000_r01,C1,202609,4.26,4.26,0.0,0.57725,0.6114996286086416,0.5946759908876493,FAR,FAR,0.0,1,,,0.03,0
C1_n0.03_d000_r01,C1,202609,4.28,4.28,0.0,0.5754999999999999,0.5898165969765101,0.5934611424098646,FAR,FAR,0.0,1,,,0.03,0
C1_n0.03_d000_r01,C1,202609,4.3,4.3,0.0,0.57375,0.5949555101880308,0.5938347343544061,FAR,FAR,0.0,1,,,0.03,0
C1_n0.03_d000_r01,C1,202609,4.32,4.32,0.0,0.572,0.5573836983183059,0.5847219753453811,FAR,FAR,0.0,1,,,0.03,0
C1_n0.03_d000_r01,C1,202609,4.34,4.34,0.0,0.57025,0.5971003808607812,0.5878165767242312,FAR,FAR,0.0,1,,,0.03,0
C1_n0.03_d000_r01,C1,202609,4.36,4.36,0.0,0.5685,0.5817302924269152,0.5862950056499021,FAR,FAR,0.0,1,,,0.03,0
C1_n0.03_d000_r01,C1,202609,4.38,4.38,0.0,0.56675,0.5794286695591575,0.584578421627216,FAR,FAR,0.0,1,,,0.03,0
C1_n0.03_d000_r01,C1,202609,4.4,4.4,0.0,0.565,0.6051382858929534,0.5897183876936504,FAR,FAR,0.0,1,,,0.03,0
C1_n0.03_d000_r01,C1,202609,4.42,4.42,0.0,0.56325,0.5832097673908094,0.5880912326179402,FAR,FAR,0.0,1,,,0.03,0
C1_n0.03_d000_r01,C1,202609,4.44,4.44,0.0,0.5614999999999999,0.5884918436349804,0.5881913853722003,FAR,FAR,0.0,1,,,0.03,0
C1_n0.03_d000_r01,C1,202609,4.46,4.46,0.0,0.55975,0.5476644766117021,0.5780596581820757,FAR,FAR,0.0,1,,,0.03,0
C1_n0.03_d000_r01,C1,202609,4.48,4.48,0.0,0.5579999999999999,0.5686541044133776,0.5757082697399012,FAR,FAR,0.0,1,,,0.03,0
C1_n0.03_d000_r01,C1,202609,4.5,4.5,0.0,0.55625,0.543813230724622,0.5677345099860813,FAR,FAR,0.0,1,,,0.03,0
C1_n0.03_d000_r01,C1,202609,4.52,4.52,0.0,0.5545,0.5322845440181234,0.5588720184940918,FAR,FAR,0.0,1,,,0.03,0
C1_n0.03_d000_r01,C1,202609,4.54,4.54,0.0,0.55275,0.5400278162984514,0.5541609679451818,FAR,FAR,0.0,1,,,0.03,0
C1_n0.03_d000_r01,C1,202609,4.56,4.56,0.0,0.551,0.5558534727290418,0.5545840941411468,FAR,FAR,0.0,1,,,0.03,0
C1_n0.03_d000_r01,C1,202609,4.58,4.58,0.0,0.54925,0.5723011644966725,0.5590133617300282,FAR,FAR,0.0,1,,,0.03,0
C1_n0.03_d000_r01,C1,202609,4.6,4.6,0.0,0.5475,0.5189432451683194,0.5489958325896009,FAR,FAR,0.0,1,,,0.03,0
C1_n0.03_d000_r01,C1,202609,4.62,4.62,0.0,0.54575,0.5747038711125259,0.5554228422203322,FAR,FAR,0.0,1,,,0.03,0
C1_n0.03_d000_r01,C1,202609,4.64,4.64,0.0,0.544,0.559431985012988,0.5564251279184962,FAR,FAR,0.0,1,,,0.03,0
C1_n0.03_d000_r01,C1,202609,4.66,4.66,0.0,0.54225,0.530259352355684,0.5498836840277932,FAR,FAR,0.0,1,,,0.03,0
C1_n0.03_d000_r01,C1,202609,4.68,4.68,0.0,0.5405,0.5765501545115352,0.5565503016487288,FAR,FAR,0.0,1,,,0.03,0
C1_n0.03_d000_r01,C1,202609,4.7,4.7,0.0,0.53875,0.5492620439364457,0.554728237220658,FAR,FAR,0.0,1,,,0.03,0
C1_n0.03_d000_r01,C1,202609,4.72,4.72,0.0,0.537,0.5333551111921293,0.5493849557135257,FAR,FAR,0.0,1,,,0.03,0
C1_n0.03_d000_r01,C1,202609,4.74,4.74,0.0,0.53525,0.563395299030965,0.5528875415428856,FAR,FAR,0.0,1,,,0.03,0
C1_n0.03_d000_r01,C1,202609,4.76,4.76,0.0,0.5335,0.5002392444639184,0.5397254672731437,FAR,FAR,0.0,1,,,0.03,0
C1_n0.03_d000_r01,C1,202609,4.78,4.78,0.0,0.53175,0.5372241249289271,0.5391001316870896,FAR,FAR,0.0,1,,,0.03,0
C1_n0.03_d000_r01,C1,202609,4.8,4.8,0.0,0.53,0.5393320706555972,0.5391581164292165,FAR,FAR,0.0,1,,,0.03,0
C1_n0.03_d000_r01,C1,202609,4.82,4.82,0.0,0.52825,0.50557390341408,0.5307620631754324,FAR,FAR,0.0,1,,,0.03,0
C1_n0.03_d000_r01,C1,202609,4.84,4.84,0.0,0.5265,0.5572658910334602,0.5373880201399394,FAR,FAR,0.0,1,,,0.03,0
C1_n0.03_d000_r01,C1,202609,4.86,4.86,0.0,0.5247499999999999,0.5028090399499995,0.5287432750924543,FAR,FAR,0.0,1,,,0.03,0
C1_n0.03_d000_r01,C1,202609,4.88,4.88,0.0,0.523,0.5341136894921572,0.5300858786923801,FAR,FAR,0.0,1,,,0.03,0
C1_n0.03_d000_r01,C1,202609,4.9,4.9,0.0,0.52125,0.5000382567971496,0.5225739732185725,FAR,FAR,0.0,1,,,0.03,0
C1_n0.03_d000_r01,C1,202609,4.92,4.92,0.0,0.5195,0.49618876353166413,0.5159776707968454,FAR,FAR,0.0,1,,,0.03,0
C1_n0.03_d000_r01,C1,202609,4.94,4.94,0.0,0.5177499999999999,0.49782672582092424,0.5114399345528651,FAR,FAR,0.0,1,,,0.03,0
C1_n0.03_d000_r01,C1,202609,4.96,4.96,0.0,0.516,0.5155263958847406,0.5124615498858339,FAR,FAR,0.0,1,,,0.03,0
C1_n0.03_d000_r01,C1,202609,4.98,4.98,0.0,0.51425,0.5846191262691355,0.5305009439816594,FAR,FAR,0.0,1,,,0.03,0
C1_n0.03_d000_r01,C1,202609,5.0,5.0,0.0,0.5125,0.5185689601848706,0.5275179480324621,FAR,FAR,0.0,1,,,0.03,0
C1_n0.03_d000_r01,C1,202609,5.02,5.02,0.0,0.51075,0.5198101127268999,0.5255909892060715,FAR,FAR,0.0,1,,,0.03,0
C1_n0.03_d000_r01,C1,202609,5.04,5.04,0.0,0.509,0.5068577957497951,0.5209076908420024,FAR,FAR,0.0,1,,,0.03,0
C1_n0.03_d000_r01,C1,202609,5.06,5.06,0.0,0.50725,0.4871717733353719,0.5124737114653447,FAR,FAR,0.0,1,,,0.03,0
C1_n0.03_d000_r01,C1,202609,5.08,5.08,0.0,0.5055,0.4949418593557034,0.5080907484379343,FAR,FAR,0.0,1,,,0.03,0
C1_n0.03_d000_r01,C1,202609,5.1,5.1,0.0,0.50375,0.47450289928453954,0.4996937861495856,FAR,FAR,0.0,1,,,0.03,0
C1_n0.03_d000_r01,C1,202609,5.12,5.12,0.0,0.502,0.4702985795415076,0.4923449844975661,FAR,FAR,0.0,1,,,0.03,0
C1_n0.03_d000_r01,C1,202609,5.14,5.14,0.0,0.50025,0.4723997967818687,0.48735868756864176,FAR,FAR,0.0,1,,,0.03,0
C1_n0.03_d000_r01,C1,202609,5.16,5.16,0.0,0.49849999999999994,0.5214307160069576,0.4958766946782207,FAR,FAR,0.0,1,,,0.03,0
C1_n0.03_d000_r01,C1,202609,5.18,5.18,0.0,0.49675,0.4582759456694036,0.48647650742601645,FAR,FAR,0.0,1,,,0.03,0
C1_n0.03_d000_r01,C1,202609,5.2,5.2,0.0,0.495,0.473522914286303,0.4832381091410881,FAR,FAR,0.0,1,,,0.03,0
C1_n0.03_d000_r01,C1,202609,5.22,5.22,0.0,0.49325,0.48660546369903923,0.48407994778057584,FAR,FAR,0.0,1,,,0.03,0
C1_n0.03_d000_r01,C1,202609,5.24,5.24,0.0,0.49149999999999994,0.5265796263262164,0.494704867416986,FAR,FAR,0.0,1,,,0.03,0
C1_n0.03_d000_r01,C1,202609,5.26,5.26,0.0,0.48975,0.5199813773686522,0.5010239949049026,FAR,FAR,0.0,1,,,0.03,0
C1_n0.03_d000_r01,C1,202609,5.28,5.28,0.0,0.488,0.5080731420026381,0.5027862816793365,FAR,FAR,0.0,1,,,0.03,0
C1_n0.03_d000_r01,C1,202609,5.3,5.3,0.0,0.48625,0.47053384069391707,0.4947231714329816,FAR,FAR,0.0,1,,,0.03,0
C1_n0.03_d000_r01,C1,202609,5.32,5.32,0.0,0.48449999999999993,0.46877265554607755,0.4882355424612556,FAR,FAR,0.0,1,,,0.03,0
C1_n0.03_d000_r01,C1,202609,5.34,5.34,0.0,0.48275,0.47881888591560395,0.4858813783248427,FAR,FAR,0.0,1,,,0.03,0
C1_n0.03_d000_r01,C1,202609,5.36,5.36,0.0,0.481,0.5028971228269156,0.49013531445036096,FAR,FAR,0.0,1,,,0.03,0
C1_n0.03_d000_r01,C1,202609,5.38,5.38,0.0,0.47925,0.47778044040508644,0.48704659593904237,FAR,FAR,0.0,1,,,0.03,0
C1_n0.03_d000_r01,C1,202609,5.4,5.4,0.0,0.4774999999999999,0.5017806740985052,0.4907301154789081,FAR,FAR,0.0,1,,,0.03,0
C1_n0.03_d000_r01,C1,202609,5.42,5.42,0.0,0.47575,0.48002425381307995,0.48805365006245105,FAR,FAR,0.0,1,,,0.03,0
C1_n0.03_d000_r01,C1,202609,5.44,5.44,0.0,0.474,0.4656932654765206,0.48246355391596846,FAR,FAR,0.0,1,,,0.03,0
C1_n0.03_d000_r01,C1,202609,5.46,5.46,0.0,0.47224999999999995,0.5272517664634604,0.4936606070528414,FAR,FAR,0.0,1,,,0.03,0
C1_n0.03_d000_r01,C1,202609,5.48,5.48,0.0,0.4704999999999999,0.5101474394099758,0.497782315142125,FAR,FAR,0.0,1,,,0.03,0
C1_n0.03_d000_r01,C1,202609,5.5,5.5,0.0,0.46875,0.4246765113651083,0.47950586419787083,FAR,FAR,0.0,1,,,0.03,0
C1_n0.03_d000_r01,C1,202609,5.52,5.52,0.0,0.467,0.47145989304546704,0.47749437140976986,FAR,FAR,0.0,1,,,0.03,0
C1_n0.03_d000_r01,C1,202609,5.54,5.54,0.0,0.46525,0.49351079256428915,0.4814984766983997,FAR,FAR,0.0,1,,,0.03,0
C1_n0.03_d000_r01,C1,202609,5.56,5.56,0.0,0.4635,0.45444888738832495,0.474736079370881,FAR,FAR,0.0,1,,,0.03,0
C1_n0.03_d000_r01,C1,202609,5.58,5.58,0.0,0.46175,0.4581221153711113,0.4705825883709386,FAR,FAR,0.0,1,,,0.03,0
C1_n0.03_d000_r01,C1,202609,5.6,5.6,0.0,0.46,0.4680893294743194,0.4699592736467838,FAR,FAR,0.0,1,,,0.03,0
C1_n0.03_d000_r01,C1,202609,5.62,5.62,0.0,0.45825,0.5351090172610591,0.48624670955035265,FAR,FAR,0.0,1,,,0.03,0
C1_n0.03_d000_r01,C1,202609,5.64,5.64,0.0,0.4565,0.40685401189650405,0.4663985351368905,FAR,FAR,0.0,1,,,0.03,0
C1_n0.03_d000_r01,C1,202609,5.66,5.66,0.0,0.45475,0.462889876200637,0.46552137040282715,FAR,FAR,0.0,1,,,0.03,0
C1_n0.03_d000_r01,C1,202609,5.68,5.68,0.0,0.453,0.529208872622645,0.48144324595778165,FAR,FAR,0.0,1,,,0.03,0
C1_n0.03_d000_r01,C1,202609,5.7,5.7,0.0,0.45125,0.45291010546946575,0.47430996083570265,FAR,FAR,0.0,1,,,0.03,0
C1_n0.03_d000_r01,C1,202609,5.72,5.72,0.0,0.4495,0.4140593388146661,0.4592473053304435,FAR,FAR,0.0,1,,,0.03,0
C1_n0.03_d000_r01,C1,202609,5.74,5.74,0.0,0.44775,0.4523923425043568,0.4575335646239218,FAR,FAR,0.0,1,,,0.03,0
C1_n0.03_d000_r01,C1,202609,5.76,5.76,0.0,0.446,0.3951769379630461,0.4419444079587029,FAR,FAR,0.0,1,,,0.03,0
C1_n0.03_d000_r01,C1,202609,5.78,5.78,0.0,0.44425,0.48154176053834574,0.45184374610361355,FAR,FAR,0.0,1,,,0.03,0
C1_n0.03_d000_r01,C1,202609,5.8,5.8,0.0,0.4425,0.418142429760794,0.4434184170179087,FAR,FAR,0.0,1,,,0.03,0
C1_n0.03_d000_r01,C1,202609,5.82,5.82,0.0,0.44075,0.4468195400885179,0.444268697785561,FAR,FAR,0.0,1,,,0.03,0
C1_n0.03_d000_r01,C1,202609,5.84,5.84,0.0,0.439,0.4233437535980069,0.4390374617386725,FAR,FAR,0.0,1,,,0.03,0
C1_n0.03_d000_r01,C1,202609,5.86,5.86,0.0,0.43724999999999997,0.45620046063425174,0.4433282114625673,FAR,FAR,0.0,1,,,0.03,0
C1_n0.03_d000_r01,C1,202609,5.88,5.88,0.0,0.4355,0.4262107479117406,0.4390488455748606,FAR,FAR,0.0,1,,,0.03,0
C1_n0.03_d000_r01,C1,202609,5.9,5.9,0.0,0.43374999999999997,0.39541277144190906,0.42813982704162273,FAR,FAR,0.0,1,,,0.03,0
C1_n0.03_d000_r01,C1,202609,5.92,5.92,0.0,0.432,0.4350460600896793,0.42986638530363686,FAR,FAR,0.0,1,,,0.03,0
C1_n0.03_d000_r01,C1,202609,5.94,5.94,0.0,0.43024999999999997,0.4503166526849126,0.43497895214895577,FAR,FAR,0.0,1,,,0.03,0
C1_n0.03_d000_r01,C1,202609,5.96,5.96,0.0,0.4285,0.43314770203283254,0.43452113961992495,FAR,FAR,0.0,1,,,0.03,0
C1_n0.03_d000_r01,C1,202609,5.98,5.98,0.0,0.42674999999999996,0.47346205153347787,0.4442563675983132,FAR,FAR,0.0,1,,,0.03,0
C1_n0.03_d000_r01,C1,202609,6.0,6.0,0.0,0.425,0.44240107686989677,0.44379254491620906,FAR,FAR,0.0,1,,,0.03,0
C1_n0.03_d000_r01,C1,202609,6.02,6.02,0.0,0.42325,0.39981342696236194,0.4327977654277473,FAR,FAR,0.0,1,,,0.03,0
C1_n0.03_d000_r01,C1,202609,6.04,6.04,0.0,0.4215,0.4372052383068797,0.43389963364753037,FAR,FAR,0.0,1,,,0.03,0
C1_n0.03_d000_r01,C1,202609,6.06,6.06,0.0,0.41975,0.4802710559731609,0.445492489228938,FAR,FAR,0.0,1,,,0.03,0
C1_n0.03_d000_r01,C1,202609,6.08,6.08,0.0,0.418,0.3933574206659265,0.43245872208818514,FAR,FAR,0.0,1,,,0.03,0
C1_n0.03_d000_r01,C1,202609,6.1,6.1,0.0,0.41625,0.4051763189337536,0.42563812129957723,FAR,FAR,0.0,1,,,0.03,0
C1_n0.03_d000_r01,C1,202609,6.12,6.12,0.0,0.4145,0.3960697683918156,0.41824603307263686,FAR,FAR,0.0,1,,,0.03,0
C1_n0.03_d000_r01,C1,202609,6.14,6.14,0.0,0.41275,0.39741252636701274,0.4130376563962308,FAR,FAR,0.0,1,,,0.03,0
C1_n0.03_d000_r01,C1,202609,6.16,6.16,0.0,0.411,0.3997454328633855,0.40971460051301944,FAR,FAR,0.0,1,,,0.03,0
C1_n0.03_d000_r01,C1,202609,6.18,6.18,0.0,0.40925,0.3740534306481899,0.4007993080468121,FAR,FAR,0.0,1,,,0.03,0
C1_n0.03_d000_r01,C1,202609,6.2,6.2,0.0,0.4075,0.3741272493931755,0.3941312933834029,FAR,FAR,0.0,1,,,0.03,0
C1_n0.03_d000_r01,C1,202609,6.22,6.22,0.0,0.40575,0.3840919292366501,0.3916214523467147,FAR,FAR,0.0,1,,,0.03,0
C1_n0.03_d000_r01,C1,202609,6.24,6.24,0.0,0.40399999999999997,0.35495214931371416,0.38245412658846456,FAR,FAR,0.0,1,,,0.03,0
C1_n0.03_d000_r01,C1,202609,6.26,6.26,0.0,0.40225,0.410025839783865,0.38934705488731464,FAR,FAR,0.0,1,,,0.03,0
C1_n0.03_d000_r01,C1,202609,6.28,6.28,0.0,0.40049999999999997,0.3331074036988932,0.3752871420902093,FAR,NEAR,0.6,1,ENTER_NEAR,,0.03,0
C1_n0.03_d000_r01,C1,202609,6.3,6.3,0.0,0.39875,0.3889162075332199,0.378694408450962,FAR,FAR,0.0,1,EXIT_NEAR,,0.03,0
C1_n0.03_d000_r01,C1,202609,6.32,6.32,0.0,0.39699999999999996,0.4701785076595217,0.4015654332531019,FAR,FAR,0.0,1,,,0.03,0
C1_n0.03_d000_r01,C1,202609,6.34,6.34,0.0,0.39525,0.3981138972662333,0.4007025492563847,FAR,FAR,0.0,1,,,0.03,0
C1_n0.03_d000_r01,C1,202609,6.36,6.36,0.0,0.39349999999999996,0.4067906080454706,0.4022245639536562,FAR,FAR,0.0,1,,,0.03,0
C1_n0.03_d000_r01,C1,202609,6.38,6.38,0.0,0.39175,0.41253153772547685,0.40480130739661135,FAR,FAR,0.0,1,,,0.03,0
C1_n0.03_d000_r01,C1,202609,6.4,6.4,0.0,0.38999999999999996,0.40749466630371156,0.40547464712338643,FAR,FAR,0.0,1,,,0.03,0
C1_n0.03_d000_r01,C1,202609,6.42,6.42,0.0,0.38825,0.43087400244012564,0.41182448595257126,FAR,FAR,0.0,1,,,0.03,0
C1_n0.03_d000_r01,C1,202609,6.44,6.44,0.0,0.38649999999999995,0.4135587715535333,0.4122580573528118,FAR,FAR,0.0,1,,,0.03,0
C1_n0.03_d000_r01,C1,202609,6.46,6.46,0.0,0.38475,0.3291147543490698,0.3914722316018763,FAR,NEAR,0.6,1,ENTER_NEAR,,0.03,0
C1_n0.03_d000_r01,C1,202609,6.48,6.48,0.0,0.38299999999999995,0.3914365868519083,0.3914633204143843,FAR,FAR,0.0,1,EXIT_NEAR,,0.03,0
C1_n0.03_d000_r01,C1,202609,6.5,6.5,0.0,0.38125,0.36757693578136,0.38549172425612827,FAR,FAR,0.0,1,,,0.03,0
C1_n0.03_d000_r01,C1,202609,6.52,6.52,0.0,0.37950000000000006,0.3573346668352745,0.3784524599009148,FAR,FAR,0.0,1,,,0.03,0
C1_n0.03_d000_r01,C1,202609,6.54,6.54,0.0,0.37775000000000003,0.3640052029433868,0.37484064566153275,FAR,FAR,0.0,1,,,0.03,0
C1_n0.03_d000_r01,C1,202609,6.56,6.56,0.0,0.376,0.3574572794147045,0.3704948040998257,FAR,FAR,0.0,1,,,0.03,0
C1_n0.03_d000_r01,C1,202609,6.58,6.58,0.0,0.37424999999999997,0.3811543818202656,0.3731596985299357,FAR,FAR,0.0,1,,,0.03,0
C1_n0.03_d000_r01,C1,202609,6.6,6.6,0.0,0.37250000000000005,0.4195336978354125,0.3847531983563049,FAR,FAR,0.0,1,,,0.03,0
C1_n0.03_d000_r01,C1,202609,6.62,6.62,0.0,0.37075,0.31379778866008584,0.36701434593225013,FAR,NEAR,0.6,1,ENTER_NEAR,,0.03,0
C1_n0.03_d000_r01,C1,202609,6.64,6.64,0.0,0.369,0.4066036582883132,0.3769116740212659,FAR,FAR,0.0,1,EXIT_NEAR,,0.03,0
C1_n0.03_d000_r01,C1,202609,6.66,6.66,0.0,0.36724999999999997,0.4177348254249153,0.38711746187217827,FAR,FAR,0.0,1,,,0.03,0
C1_n0.03_d000_r01,C1,202609,6.68,6.68,0.0,0.36550000000000005,0.39061233456439565,0.38799118004523264,FAR,FAR,0.0,1,,,0.03,0
C1_n0.03_d000_r01,C1,202609,6.7,6.7,0.0,0.36375,0.35158553415842514,0.37888976857353074,FAR,FAR,0.0,1,,,0.03,0
C1_n0.03_d000_r01,C1,202609,6.72,6.72,0.0,0.362,0.38577253332545636,0.3806104597615122,FAR,FAR,0.0,1,,,0.03,0
C1_n0.03_d000_r01,C1,202609,6.74,6.74,0.0,0.36024999999999996,0.35861418672761036,0.37511139150303674,FAR,FAR,0.0,1,,,0.03,0
C1_n0.03_d000_r01,C1,202609,6.76,6.76,0.0,0.35850000000000004,0.3359758495417846,0.36532750601272374,FAR,NEAR,0.6,1,ENTER_NEAR,,0.03,0
C1_n0.03_d000_r01,C1,202609,6.78,6.78,0.0,0.35675,0.32816139243750714,0.3560359776189196,FAR,NEAR,0.6,1,,,0.03,0
C1_n0.03_d000_r01,C1,202609,6.8,6.8,0.0,0.355,0.29852521228194095,0.341658286284675,FAR,NEAR,0.6,1,,,0.03,0
C1_n0.03_d000_r01,C1,202609,6.82,6.82,0.0,0.35324999999999995,0.381897284791889,0.35171803591147854,FAR,FAR,0.0,1,EXIT_NEAR,,0.03,0
C1_n0.03_d000_r01,C1,202609,6.84,6.84,0.0,0.35150000000000003,0.3442123178054757,0.3498416063849778,FAR,NEAR,0.6,1,ENTER_NEAR,,0.03,0
C1_n0.03_d000_r01,C1,202609,6.86,6.86,0.0,0.34974999999999995,0.3420459147469436,0.34789268347546926,NEAR,NEAR,0.6,1,,,0.03,0
C1_n0.03_d000_r01,C1,202609,6.88,6.88,0.0,0.348,0.32796272185824915,0.3429101930711642,NEAR,NEAR,0.6,1,,,0.03,0
C1_n0.03_d000_r01,C1,202609,6.9,6.9,0.0,0.34624999999999995,0.34989370522274166,0.3446560711090586,NEAR,NEAR,0.6,1,,,0.03,0
C1_n0.03_d000_r01,C1,202609,6.92,6.92,0.0,0.3445,0.33626478835138984,0.3425582504196414,NEAR,NEAR,0.6,1,,,0.03,0
C1_n0.03_d000_r01,C1,202609,6.94,6.94,0.0,0.34274999999999994,0.3055220511596569,0.33329920060464524,NEAR,NEAR,0.6,1,,,0.03,0
C1_n0.03_d000_r01,C1,202609,6.96,6.96,0.0,0.34099999999999997,0.3674456779663379,0.3418358199450684,NEAR,FAR,0.0,1,EXIT_NEAR,,0.03,0
C1_n0.03_d000_r01,C1,202609,6.98,6.98,0.0,0.33924999999999994,0.3838905577469349,0.35234950439553503,NEAR,FAR,0.0,1,,,0.03,0
C1_n0.03_d000_r01,C1,202609,7.0,7.0,0.0,0.3375,0.35399120098442266,0.35275992854275695,NEAR,FAR,0.0,1,,,0.03,0
C1_n0.03_d000_r01,C1,202609,7.02,7.02,0.0,0.33575000000000005,0.30578654749337875,0.3410165832804124,NEAR,NEAR,0.6,1,ENTER_NEAR,,0.03,0
C1_n0.03_d000_r01,C1,202609,7.04,7.04,0.0,0.334,0.3650438963656056,0.3470234115517107,NEAR,FAR,0.0,1,EXIT_NEAR,,0.03,0
C1_n0.03_d000_r01,C1,202609,7.06,7.06,0.0,0.33225000000000005,0.31823562583325465,0.3398264651220967,NEAR,NEAR,0.6,1,ENTER_NEAR,,0.03,0
C1_n0.03_d000_r01,C1,202609,7.08,7.08,0.0,0.3305,0.37690045915853176,0.3490949636312054,NEAR,FAR,0.0,1,EXIT_NEAR,,0.03,0
C1_n0.03_d000_r01,C1,202609,7.1,7.1,0.0,0.32875000000000004,0.3407724963915093,0.34701434682128135,NEAR,NEAR,0.6,1,ENTER_NEAR,,0.03,0
C1_n0.03_d000_r01,C1,202609,7.12,7.12,0.0,0.327,0.29524517840087483,0.33407205471617973,NEAR,NEAR,0.6,1,,,0.03,0
C1_n0.03_d000_r01,C1,202609,7.14,7.14,0.0,0.32525000000000004,0.32167965573614454,0.33097395497117094,NEAR,NEAR,0.6,1,,,0.03,0
C1_n0.03_d000_r01,C1,202609,7.16,7.16,0.0,0.3235,0.296865814424577,0.32244691983452245,NEAR,NEAR,0.6,1,,,0.03,0
C1_n0.03_d000_r01,C1,202609,7.18,7.18,0.0,0.32175000000000004,0.3110245435790078,0.31959132577064375,NEAR,NEAR,0.6,1,,,0.03,0
C1_n0.03_d000_r01,C1,202609,7.2,7.2,0.0,0.32,0.3557187872233195,0.32862319113381266,NEAR,FAR,0.0,1,EXIT_NEAR,,0.03,0
C1_n0.03_d000_r01,C1,202609,7.22,7.22,0.0,0.31825000000000003,0.3242902400040403,0.32753995335136954,NEAR,NEAR,0.6,1,ENTER_NEAR,,0.03,0
C1_n0.03_d000_r01,C1,202609,7.24,7.24,0.0,0.3165,0.2778460249285623,0.3151164712456677,NEAR,NEAR,0.6,1,,,0.03,0
C1_n0.03_d000_r01,C1,202609,7.26,7.26,0.0,0.31475000000000003,0.2605664683101385,0.3014789705117854,NEAR,NEAR,0.6,1,,,0.03,0
C1_n0.03_d000_r01,C1,202609,7.28,7.28,0.0,0.313,0.32401920682864915,0.3071140295910013,NEAR,NEAR,0.6,1,,,0.03,0
C1_n0.03_d000_r01,C1,202609,7.3,7.3,0.0,0.31125,0.3608850718405891,0.3205567901533983,NEAR,FAR,0.0,1,EXIT_NEAR,,0.03,0
C1_n0.03_d000_r01,C1,202609,7.32,7.32,0.0,0.3095,0.32226986933833773,0.3209850599496331,NEAR,NEAR,0.6,1,ENTER_NEAR,,0.03,0
C1_n0.03_d000_r01,C1,202609,7.34,7.34,0.0,0.30775,0.2517461900333721,0.3036753424705679,NEAR,NEAR,0.6,1,,,0.03,0
C1_n0.03_d000_r01,C1,202609,7.36,7.36,0.0,0.306,0.24984309974068808,0.2902172817880979,NEAR,NEAR,0.6,1,,,0.03,0
C1_n0.03_d000_r01,C1,202609,7.38,7.38,0.0,0.30425,0.3341985908310582,0.30121260904883795,NEAR,NEAR,0.6,1,,,0.03,0
C1_n0.03_d000_r01,C1,202609,7.4,7.4,0.0,0.3025,0.30714013737994333,0.3026944911316143,NEAR,NEAR,0.6,1,,,0.03,0
C1_n0.03_d000_r01,C1,202609,7.42,7.42,0.0,0.30075,0.295833329051286,0.3009792006115322,NEAR,NEAR,0.6,1,,,0.03,0
C1_n0.03_d000_r01,C1,202609,7.44,7.44,0.0,0.299,0.27921795602203187,0.29553888946415713,NEAR,NEAR,0.6,1,,,0.03,0
C1_n0.03_d000_r01,C1,202609,7.46,7.46,0.0,0.29725,0.3061264640767341,0.2981857831173014,NEAR,NEAR,0.6,1,,,0.03,0
C1_n0.03_d000_r01,C1,202609,7.48,7.48,0.0,0.2955,0.2733431697462865,0.29197512977454765,NEAR,NEAR,0.6,1,,,0.03,0
C1_n0.03_d000_r01,C1,202609,7.5,7.5,0.0,0.29375,0.30759188054413605,0.29587931746694474,NEAR,NEAR,0.6,1,,,0.03,0
C1_n0.03_d000_r01,C1,202609,7.52,7.52,0.0,0.29200000000000004,0.3415983985457164,0.3073090877366377,NEAR,NEAR,0.6,1,,,0.03,0
C1_n0.03_d000_r01,C1,202609,7.54,7.54,0.0,0.29025,0.2947403770600598,0.3041669100674932,NEAR,NEAR,0.6,1,,,0.03,0
C1_n0.03_d000_r01,C1,202609,7.56,7.56,0.0,0.28850000000000003,0.2563499930037838,0.2922126808015658,NEAR,NEAR,0.6,1,,,0.03,0
C1_n0.03_d000_r01,C1,202609,7.58,7.58,0.0,0.28675,0.26846840321410737,0.2862766114047012,NEAR,NEAR,0.6,1,,,0.03,0
C1_n0.03_d000_r01,C1,202609,7.6,7.6,0.0,0.28500000000000003,0.30714791138049996,0.29149443639865086,NEAR,NEAR,0.6,1,,,0.03,0
C1_n0.03_d000_r01,C1,202609,7.62,7.62,0.0,0.28325,0.3140156800003016,0.2971247472990635,NEAR,NEAR,0.6,1,,,0.03,0
C1_n0.03_d000_r01,C1,202609,7.64,7.64,0.0,0.28150000000000003,0.25246027261862736,0.2859586286289545,NEAR,NEAR,0.6,1,,,0.03,0
C1_n0.03_d000_r01,C1,202609,7.66,7.66,0.0,0.27975,0.27670962223893547,0.28364637703144974,NEAR,NEAR,0.6,1,,,0.03,0
C1_n0.03_d000_r01,C1,202609,7.68,7.68,0.0,0.278,0.29247867116068466,0.28585445056375847,NEAR,NEAR,0.6,1,,,0.03,0
C1_n0.03_d000_r01,C1,202609,7.7,7.7,0.0,0.27625,0.29879359451707904,0.2890892365520886,NEAR,NEAR,0.6,1,,,0.03,0
C1_n0.03_d000_r01,C1,202609,7.72,7.72,0.0,0.2745,0.2600646210913899,0.2818330826869139,NEAR,NEAR,0.6,1,,,0.03,0
C1_n0.03_d000_r01,C1,202609,7.74,7.74,0.0,0.27275,0.323109608909295,0.2921522142425092,NEAR,NEAR,0.6,1,,,0.03,0
C1_n0.03_d000_r01,C1,202609,7.76,7.76,0.0,0.271,0.2832581842785209,0.2899287067515121,NEAR,NEAR,0.6,1,,,0.03,0
C1_n0.03_d000_r01,C1,202609,7.78,7.78,0.0,0.26925,0.2535026330814159,0.28082218833398803,NEAR,NEAR,0.6,1,,,0.03,0
C1_n0.03_d000_r01,C1,202609,7.8,7.8,0.0,0.2675,0.2588672065073403,0.2753334428773261,NEAR,NEAR,0.6,1,,,0.03,0
C1_n0.03_d000_r01,C1,202609,7.82,7.82,0.0,0.26575,0.2745932928860727,0.27514840537951274,NEAR,NEAR,0.6,1,,,0.03,0
C1_n0.03_d000_r01,C1,202609,7.84,7.84,0.0,0.264,0.2430840482174515,0.2671323160889974,NEAR,NEAR,0.6,1,,,0.03,0
C1_n0.03_d000_r01,C1,202609,7.86,7.86,0.0,0.26225,0.233341674015782,0.2586846555706936,NEAR,NEAR,0.6,1,,,0.03,0
C1_n0.03_d000_r01,C1,202609,7.88,7.88,0.0,0.2605,0.2857388959957424,0.26544821567695576,NEAR,NEAR,0.6,1,,,0.03,0
C1_n0.03_d000_r01,C1,202609,7.9,7.9,0.0,0.25875,0.2811031653204777,0.2693619530878362,NEAR,NEAR,0.6,1,,,0.03,0
C1_n0.03_d000_r01,C1,202609,7.92,7.92,0.0,0.257,0.23483902769614465,0.26073122173991337,NEAR,NEAR,0.6,1,,,0.03,0
C1_n0.03_d000_r01,C1,202609,7.94,7.94,0.0,0.25525,0.24370914736763838,0.25647570314684465,NEAR,NEAR,0.6,1,,,0.03,0
C1_n0.03_d000_r01,C1,202609,7.96,7.96,0.0,0.2535,0.28030577327139566,0.2624332206779824,NEAR,NEAR,0.6,1,,,0.03,0
C1_n0.03_d000_r01,C1,202609,7.98,7.98,0.0,0.25175,0.2325372827506803,0.2549592361961569,NEAR,NEAR,0.6,1,,,0.03,0
C1_n0.03_d000_r01,C1,202609,8.0,8.0,0.0,0.25,0.23257797027732344,0.24936391971644853,NEAR,NEAR,0.6,1,,,0.03,0
C1_n0.03_d000_r01,C1,202609,8.02,8.02,0.0,0.2522533838368113,0.23914745197624085,0.2468098027813966,NEAR,NEAR,0.6,1,,,0.03,0
C1_n0.03_d000_r01,C1,202609,8.04,8.04,0.0,0.25445562372365543,0.23505597730964461,0.2438713464134586,NEAR,NEAR,0.6,1,,,0.03,0
C1_n0.03_d000_r01,C1,202609,8.06,8.06,0.0,0.25655673649976407,0.21537475777601084,0.23674719925409665,NEAR,NEAR,0.6,1,,,0.03,0
C1_n0.03_d000_r01,C1,202609,8.08,8.08,0.0,0.25850903423690136,0.2311638945008867,0.23535137306579418,NEAR,NEAR,0.6,1,,,0.03,0
C1_n0.03_d000_r01,C1,202609,8.1,8.1,0.0,0.2602682065889303,0.30559166047957703,0.2529114449192399,NEAR,NEAR,0.6,1,,,0.03,0
C1_n0.03_d000_r01,C1,202609,8.12,8.12,0.0,0.26179432648204926,0.2592015031814035,0.2544839594847808,NEAR,NEAR,0.6,1,,,0.03,0
C1_n0.03_d000_r01,C1,202609,8.14,8.14,0.0,0.26305275632004294,0.21719840691683145,0.24516257134279348,NEAR,NEAR,0.6,1,,,0.03,0
C1_n0.03_d000_r01,C1,202609,8.16,8.16,0.0,0.2640149341368492,0.1793719153493752,0.2287149073444389,NEAR,NEAR,0.6,1,,,0.03,0
C1_n0.03_d000_r01,C1,202609,8.18,8.18,0.0,0.2646590218535229,0.22186939690895852,0.2270035297355688,NEAR,NEAR,0.6,1,,,0.03,0
C1_n0.03_d000_r01,C1,202609,8.2,8.2,0.0,0.26497040092642404,0.22873659694848641,0.22743679653879822,NEAR,NEAR,0.6,1,,,0.03,0
C1_n0.03_d000_r01,C1,202609,8.22,8.22,0.0,0.2649420041371476,0.2906482065878142,0.24323964905105222,NEAR,NEAR,0.6,1,,,0.03,0
C1_n0.03_d000_r01,C1,202609,8.24,8.24,0.0,0.2645744759937201,0.22964660569971504,0.23984138821321793,NEAR,NEAR,0.6,1,,,0.03,0
C1_n0.03_d000_r01,C1,202609,8.26,8.26,0.0,0.26387615810251686,0.27271521077214156,0.24805984385294882,NEAR,NEAR,0.6,1,,,0.03,0
C1_n0.03_d000_r01,C1,202609,8.28,8.28,0.0,0.26286289984290484,0.2451719208709779,0.2473378631074561,NEAR,NEAR,0.6,1,,,0.03,0
C1_n0.03_d000_r01,C1,202609,8.3,8.3,0.0,0.2615576986416368,0.2593364722128141,0.25033751538379556,NEAR,NEAR,0.6,1,,,0.03,0
C1_n0.03_d000_r01,C1,202609,8.32,8.32,0.0,0.25999017801151375,0.25320417114118193,0.25105417932314217,NEAR,NEAR,0.6,1,,,0.03,0
C1_n0.03_d000_r01,C1,202609,8.34,8.34,0.0,0.25819591520101404,0.23413394584395708,0.24682412095334588,NEAR,NEAR,0.6,1,,,0.03,0
C1_n0.03_d000_r01,C1,202609,8.36,8.36,0.0,0.2562156337148993,0.252105079600245,0.24814436061507064,NEAR,NEAR,0.6,1,,,0.03,0
C1_n0.03_d000_r01,C1,202609,8.38,8.38,0.0,0.2540942790327598,0.26416376109331186,0.2521492107346309,NEAR,NEAR,0.6,1,,,0.03,0
C1_n0.03_d000_r01,C1,202609,8.4,8.4,0.0,0.25187999850346454,0.2980244017858475,0.26361800849743505,NEAR,NEAR,0.6,1,,,0.03,0
C1_n0.03_d000_r01,C1,202609,8.42,8.42,0.0,0.24962304856834994,0.2040573614240464,0.24872784672908788,NEAR,NEAR,0.6,1,,,0.03,0
C1_n0.03_d000_r01,C1,202609,8.44,8.44,0.0,0.2473746541153709,0.2730657943126303,0.25481233362497346,NEAR,NEAR,0.6,1,,,0.03,0
C1_n0.03_d000_r01,C1,202609,8.46,8.46,0.0,0.24518584585289177,0.24709228591444227,0.25288232169734065,NEAR,NEAR,0.6,1,,,0.03,0
C1_n0.03_d000_r01,C1,202609,8.48,8.48,0.0,0.24310630209067763,0.2627823344982593,0.25535732489757035,NEAR,NEAR,0.6,1,,,0.03,0
C1_n0.03_d000_r01,C1,202609,8.5,8.5,0.0,0.24118322121561292,0.2957210268262624,0.26544825037974334,NEAR,NEAR,0.6,1,,,0.03,0
C1_n0.03_d000_r01,C1,202609,8.52,8.52,0.0,0.2394602504530173,0.2715554010582516,0.2669750380493704,NEAR,NEAR,0.6,1,,,0.03,0
C1_n0.03_d000_r01,C1,202609,8.54,8.54,0.0,0.23797649522693692,0.24991594581442367,0.2627102649906337,NEAR,NEAR,0.6,1,,,0.03,0
C1_n0.03_d000_r01,C1,202609,8.56,8.56,0.0,0.23676563160347566,0.23412362949710572,0.2555636061172517,NEAR,NEAR,0.6,1,,,0.03,0
C1_n0.03_d000_r01,C1,202609,8.58,8.58,0.0,0.23585514196160703,0.2597970557382907,0.25662196852251146,NEAR,NEAR,0.6,1,,,0.03,0
C1_n0.03_d000_r01,C1,202609,8.6,8.6,0.0,0.23526569123906968,0.22594811834388598,0.24895350597785507,NEAR,NEAR,0.6,1,,,0.03,0
C1_n0.03_d000_r01,C1,202609,8.62,8.62,0.0,0.23501065791039116,0.2166280227690467,0.24087213517565298,NEAR,NEAR,0.6,1,,,0.03,0
C1_n0.03_d000_r01,C1,202609,8.64,8.64,0.0,0.23509583034219989,0.24994902699799793,0.24314135813123922,NEAR,NEAR,0.6,1,,,0.03,0
C1_n0.03_d000_r01,C1,202609,8.66,8.66,0.0,0.2355192754175009,0.22602991237928627,0.238863496693251,NEAR,NEAR,0.6,1,,,0.03,0
C1_n0.03_d000_r01,C1,202609,8.68,8.68,0.0,0.23627138241068624,0.2247524952470138,0.2353357463316917,NEAR,NEAR,0.6,1,,,0.03,0
C1_n0.03_d000_r01,C1,202609,8.7,8.7,0.0,0.23733508111746973,0.21679852738473637,0.23070144159495287,NEAR,NEAR,0.6,1,,,0.03,0
C1_n0.03_d000_r01,C1,202609,8.72,8.72,0.0,0.2386862292889585,0.20584891086662505,0.22448830891287092,NEAR,NEAR,0.6,1,,,0.03,0
C1_n0.03_d000_r01,C1,202609,8.74,8.74,0.0,0.24029416057645836,0.2372427175270717,0.22767691106642113,NEAR,NEAR,0.6,1,,,0.03,0
C1_n0.03_d000_r01,C1,202609,8.76,8.76,0.0,0.24212238055058052,0.22015117548681334,0.22579547717151915,NEAR,NEAR,0.6,1,,,0.03,0
C1_n0.03_d000_r01,C1,202609,8.78,8.78,0.0,0.24412939499744188,0.28937024240243464,0.24168916847924804,NEAR,NEAR,0.6,1,,,0.03,0
C1_n0.03_d000_r01,C1,202609,8.8,8.8,0.0,0.24626965169252724,0.24339950103979388,0.2421167516193845,NEAR,NEAR,0.6,1,,,0.03,0
C1_n0.03_d000_r01,C1,202609,8.82,8.82,0.0,0.2484945742772318,0.30094777258874783,0.2568245068617253,NEAR,NEAR,0.6,1,,,0.03,0
C1_n0.03_d000_r01,C1,202609,8.84,8.84,0.0,0.2507536647726965,0.2694293378117978,0.2599757145992434,NEAR,NEAR,0.6,1,,,0.03,0
C1_n0.03_d000_r01,C1,202609,8.86,8.86,0.0,0.25299564970771604,0.2807182134029461,0.26516133930016905,NEAR,NEAR,0.6,1,,,0.03,0
C1_n0.03_d000_r01,C1,202609,8.88,8.88,0.0,0.2551696438476178,0.25653291511184256,0.2630042332530874,NEAR,NEAR,0.6,1,,,0.03,0
C1_n0.03_d000_r01,C1,202609,8.9,8.9,0.0,0.2572263051115258,0.2786589657033103,0.2669179163656431,NEAR,NEAR,0.6,1,,,0.03,0
C1_n0.03_d000_r01,C1,202609,8.92,8.92,0.0,0.25911895446541905,0.25148749720241015,0.2630603115748349,NEAR,NEAR,0.6,1,,,0.03,0
C1_n0.03_d000_r01,C1,202609,8.94,8.94,0.0,0.26080463537331855,0.2793814402422024,0.26714059374167676,NEAR,NEAR,0.6,1,,,0.03,0
C1_n0.03_d000_r01,C1,202609,8.96,8.96,0.0,0.2622450887607578,0.2840797453148733,0.2713753816349759,NEAR,NEAR,0.6,1,,,0.03,0
C1_n0.03_d000_r01,C1,202609,8.98,8.98,0.0,0.263407621362269,0.2625556369005111,0.2691704454513597,NEAR,NEAR,0.6,1,,,0.03,0
C1_n0.03_d000_r01,C1,202609,9.0,9.0,0.0,0.2642658477444273,0.25971463919362175,0.26680649388692523,NEAR,NEAR,0.6,1,,,0.03,0
C1_n0.03_d000_r01,C1,202609,9.02,9.02,0.0,0.264800289163118,0.20562095200334773,0.25151010841603083,NEAR,NEAR,0.6,1,,,0.03,0
C1_n0.03_d000_r01,C1,202609,9.04,9.04,0.0,0.2649988156630572,0.340499520728612,0.2737574614941761,NEAR,NEAR,0.6,1,,,0.03,0
C1_n0.03_d000_r01,C1,202609,9.06,9.06,0.0,0.26485692138544975,0.20602394455193995,0.2568240822586171,NEAR,NEAR,0.6,1,,,0.03,0
C1_n0.03_d000_r01,C1,202609,9.08,9.08,0.0,0.2643778268352606,0.20718755330931382,0.24441495002129127,NEAR,NEAR,0.6,1,,,0.03,0
C1_n0.03_d000_r01,C1,202609,9.1,9.1,0.0,0.2635724057869903,0.27055722780842245,0.25095051946807406,NEAR,NEAR,0.6,1,,,0.03,0
C1_n0.03_d000_r01,C1,202609,9.12,9.12,0.0,0.2624589384879372,0.2797536406786829,0.25815129977072626,NEAR,NEAR,0.6,1,,,0.03,0
C1_n0.03_d000_r01,C1,202609,9.14,9.14,0.0,0.2610626967603726,0.23273275927716974,0.25179666464733713,NEAR,NEAR,0.6,1,,,0.03,0
C1_n0.03_d000_r01,C1,202609,9.16,9.16,0.0,0.25941537041936047,0.2230289201281385,0.24460472851753748,NEAR,NEAR,0.6,1,,,0.03,0
C1_n0.03_d000_r01,C1,202609,9.18,9.18,0.0,0.2575543480245365,0.2194463884329695,0.2383151434963955,NEAR,NEAR,0.6,1,,,0.03,0
C1_n0.03_d000_r01,C1,202609,9.2,9.2,0.0,0.25552186829027024,0.3021493731343199,0.2542737009058766,NEAR,NEAR,0.6,1,,,0.03,0
C1_n0.03_d000_r01,C1,202609,9.22,9.22,0.0,0.25336406141424067,0.2603526540895851,0.2557934392018037,NEAR,NEAR,0.6,1,,,0.03,0
C1_n0.03_d000_r01,C1,202609,9.24,9.24,0.0,0.25112990208291897,0.24664225435184534,0.2535056429893141,NEAR,NEAR,0.6,1,,,0.03,0
C1_n0.03_d000_r01,C1,202609,9.26,9.26,0.0,0.24887009791708103,0.28175201102475445,0.2605672349981742,NEAR,NEAR,0.6,1,,,0.03,0
C1_n0.03_d000_r01,C1,202609,9.28,9.28,0.0,0.24663593858575936,0.2741829942827407,0.2639711748193158,NEAR,NEAR,0.6,1,,,0.03,0
C1_n0.03_d000_r01,C1,202609,9.3,9.3,0.0,0.24447813170972976,0.28193449059310577,0.2684620037627633,NEAR,NEAR,0.6,1,,,0.03,0
C1_n0.03_d000_r01,C1,202609,9.32,9.32,0.0,0.24244565197546356,0.2531336781587972,0.2646299223617718,NEAR,NEAR,0.6,1,,,0.03,0
C1_n0.03_d000_r01,C1,202609,9.34,9.34,0.0,0.2405846295806395,0.2668156986964926,0.26517636644545195,NEAR,NEAR,0.6,1,,,0.03,0
C1_n0.03_d000_r01,C1,202609,9.36,9.36,0.0,0.23893730323962742,0.24145666564153076,0.25924644124447166,NEAR,NEAR,0.6,1,,,0.03,0
C1_n0.03_d000_r01,C1,202609,9.38,9.38,0.0,0.23754106151206275,0.21262222869602995,0.24759038810736123,NEAR,NEAR,0.6,1,,,0.03,0
C1_n0.03_d000_r01,C1,202609,9.4,9.4,0.0,0.23642759421300968,0.23373296111422667,0.2441260313590776,NEAR,NEAR,0.6,1,,,0.03,0
C1_n0.03_d000_r01,C1,202609,9.42,9.42,0.0,0.23562217316473935,0.2331253569553609,0.24137586275814843,NEAR,NEAR,0.6,1,,,0.03,0
C1_n0.03_d000_r01,C1,202609,9.44,9.44,0.0,0.23514307861455025,0.23320844165239538,0.2393340074817102,NEAR,NEAR,0.6,1,,,0.03,0
C1_n0.03_d000_r01,C1,202609,9.46,9.46,0.0,0.23500118433694275,0.22570667163739377,0.23592717352063108,NEAR,NEAR,0.6,1,,,0.03,0
C1_n0.03_d000_r01,C1,202609,9.48,9.48,0.0,0.235199710836882,0.25145968507957556,0.2398103014103672,NEAR,NEAR,0.6,1,,,0.03,0
C1_n0.03_d000_r01,C1,202609,9.5,9.5,0.0,0.2357341522555727,0.1737874108858171,0.22330457877922966,NEAR,NEAR,0.6,1,,,0.03,0
C1_n0.03_d000_r01,C1,202609,9.52,9.52,0.0,0.23659237863773103,0.29102128399054417,0.2402337550820583,NEAR,NEAR,0.6,1,,,0.03,0
C1_n0.03_d000_r01,C1,202609,9.54,9.54,0.0,0.2377549112392422,0.24419465595903525,0.24122398030130252,NEAR,NEAR,0.6,1,,,0.03,0
C1_n0.03_d000_r01,C1,202609,9.56,9.56,0.0,0.23919536462668142,0.23664130233803848,0.2400783108104865,NEAR,NEAR,0.6,1,,,0.03,0
C1_n0.03_d000_r01,C1,202609,9.58,9.58,0.0,0.24088104553458092,0.26839132464121634,0.24715656426816895,NEAR,NEAR,0.6,1,,,0.03,0
C1_n0.03_d000_r01,C1,202609,9.6,9.6,0.0,0.24277369488847422,0.20700161049538135,0.23711782582497204,NEAR,NEAR,0.6,1,,,0.03,0
C1_n0.03_d000_r01,C1,202609,9.62,9.62,0.0,0.24483035615238213,0.2293743336164073,0.23518195277283088,NEAR,NEAR,0.6,1,,,0.03,0
C1_n0.03_d000_r01,C1,202609,9.64,9.64,0.0,0.24700435029228393,0.20667450316962843,0.22805509037203026,NEAR,NEAR,0.6,1,,,0.03,0
C1_n0.03_d000_r01,C1,202609,9.66,9.66,0.0,0.24924633522730347,0.16233324901095147,0.21162463003176057,NEAR,NEAR,0.6,1,,,0.03,0
C1_n0.03_d000_r01,C1,202609,9.68,9.68,0.0,0.2515054257227682,0.22031409084941503,0.21379699523617418,NEAR,NEAR,0.6,1,,,0.03,0
C1_n0.03_d000_r01,C1,202609,9.7,9.7,0.0,0.25373034830747276,0.2843602664387788,0.2314378130368253,NEAR,NEAR,0.6,1,,,0.03,0
C1_n0.03_d000_r01,C1,202609,9.72,9.72,0.0,0.2558706050025581,0.23006682907992776,0.2310950670476009,NEAR,NEAR,0.6,1,,,0.03,0
C1_n0.03_d000_r01,C1,202609,9.74,9.74,0.0,0.25787761944941945,0.26366426353356875,0.23923736616909289,NEAR,NEAR,0.6,1,,,0.03,0
C1_n0.03_d000_r01,C1,202609,9.76,9.76,0.0,0.25970583942354164,0.3169388399310078,0.2586627346095716,NEAR,NEAR,0.6,1,,,0.03,0
C1_n0.03_d000_r01,C1,202609,9.78,9.78,0.0,0.2613137707110415,0.26623723056161425,0.2605563585975823,NEAR,NEAR,0.6,1,,,0.03,0
C1_n0.03_d000_r01,C1,202609,9.8,9.8,0.0,0.26266491888253024,0.31254972802481906,0.2735547009543915,NEAR,NEAR,0.6,1,,,0.03,0
C1_n0.03_d000_r01,C1,202609,9.82,9.82,0.0,0.26372861758931376,0.21401255768436178,0.2586691651368841,NEAR,NEAR,0.6,1,,,0.03,0
C1_n0.03_d000_r01,C1,202609,9.84,9.84,0.0,0.2644807245824991,0.31040307742206963,0.2716026432081805,NEAR,NEAR,0.6,1,,,0.03,0
C1_n0.03_d000_r01,C1,202609,9.86,9.86,0.0,0.2649041696578001,0.25589470802821707,0.26767565941318966,NEAR,NEAR,0.6,1,,,0.03,0
C1_n0.03_d000_r01,C1,202609,9.88,9.88,0.0,0.26498934208960884,0.27627927289006216,0.2698265627824078,NEAR,NEAR,0.6,1,,,0.03,0
C1_n0.03_d000_r01,C1,202609,9.9,9.9,0.0,0.26473430876093035,0.2988687559899486,0.277087111084293,NEAR,NEAR,0.6,1,,,0.03,0
C1_n0.03_d000_r01,C1,202609,9.92,9.92,0.0,0.264144858038393,0.25730079567318714,0.2721405322315166,NEAR,NEAR,0.6,1,,,0.03,0
C1_n0.03_d000_r01,C1,202609,9.94,9.94,0.0,0.2632343683965243,0.23131249081829675,0.2619335218782116,NEAR,NEAR,0.6,1,,,0.03,0
C1_n0.03_d000_r01,C1,202609,9.96,9.96,0.0,0.2620235047730631,0.2905872991415427,0.2690969661940444,NEAR,NEAR,0.6,1,,,0.03,0
C1_n0.03_d000_r01,C1,202609,9.98,9.98,0.0,0.2605397495469827,0.25025453615198756,0.2643863586835302,NEAR,NEAR,0.6,1,,,0.03,0
C1_n0.03_d000_r01,C1,202609,10.0,10.0,0.0,0.2588167787843871,0.2879712490290171,0.27028258126990196,NEAR,NEAR,0.6,1,,,0.03,0
C1_n0.03_d000_r01,C1,202609,10.02,10.02,0.0,0.25689369790932237,0.28630733456282625,0.27428876959313303,NEAR,NEAR,0.6,1,,,0.03,0
C1_n0.03_d000_r01,C1,202609,10.04,10.04,0.0,0.25481415414710823,0.273464875570218,0.27408279608740427,NEAR,NEAR,0.6,1,,,0.03,0
C1_n0.03_d000_r01,C1,202609,10.06,10.06,0.0,0.2526253458846291,0.28823047187988005,0.2776197150355232,NEAR,NEAR,0.6,1,,,0.03,0
C1_n0.03_d000_r01,C1,202609,10.08,10.08,0.0,0.25037695143165006,0.27362718065476643,0.276621581440334,NEAR,NEAR,0.6,1,,,0.03,0
C1_n0.03_d000_r01,C1,202609,10.1,10.1,0.0,0.24812000149653549,0.24874319111007342,0.26965198385776884,NEAR,NEAR,0.6,1,,,0.03,0
C1_n0.03_d000_r01,C1,202609,10.12,10.12,0.0,0.24590572096724023,0.24036993875386758,0.2623314725817935,NEAR,NEAR,0.6,1,,,0.03,0
C1_n0.03_d000_r01,C1,202609,10.14,10.14,0.0,0.24378436628510067,0.26820803607854693,0.2638006134559818,NEAR,NEAR,0.6,1,,,0.03,0
C1_n0.03_d000_r01,C1,202609,10.16,10.16,0.0,0.24180408479898596,0.2687699592388597,0.2650429499017013,NEAR,NEAR,0.6,1,,,0.03,0
C1_n0.03_d000_r01,C1,202609,10.18,10.18,0.0,0.24000982198848625,0.24785901538737748,0.26074696627312033,NEAR,NEAR,0.6,1,,,0.03,0
C1_n0.03_d000_r01,C1,202609,10.2,10.2,0.0,0.23844230135836322,0.2600717113663166,0.2605781525464194,NEAR,NEAR,0.6,1,,,0.03,0
C1_n0.03_d000_r01,C1,202609,10.22,10.22,0.0,0.2371371001570952,0.2322056860629213,0.2534850359255449,NEAR,NEAR,0.6,1,,,0.03,0
C1_n0.03_d000_r01,C1,202609,10.24,10.24,0.0,0.23612384189748312,0.30688901109005834,0.26683602971667325,NEAR,NEAR,0.6,1,,,0.03,0
C1_n0.03_d000_r01,C1,202609,10.26,10.26,0.0,0.2354255240062799,0.22240711119247375,0.2557288000856234,NEAR,NEAR,0.6,1,,,0.03,0
C1_n0.03_d000_r01,C1,202609,10.28,10.28,0.0,0.23505799586285242,0.205882784803893,0.24326729626519078,NEAR,NEAR,0.6,1,,,0.03,0
C1_n0.03_d000_r01,C1,202609,10.3,10.3,0.0,0.23502959907357593,0.20657739622966315,0.23409482125630887,NEAR,NEAR,0.6,1,,,0.03,0
C1_n0.03_d000_r01,C1,202609,10.32,10.32,0.0,0.23534097814647711,0.23999342458904727,0.23556947208949347,NEAR,NEAR,0.6,1,,,0.03,0
C1_n0.03_d000_r01,C1,202609,10.34,10.34,0.0,0.23598506586315082,0.1999487083209942,0.22666428114736867,NEAR,NEAR,0.6,1,,,0.03,0
C1_n0.03_d000_r01,C1,202609,10.36,10.36,0.0,0.23694724367995706,0.23201481214115033,0.2280019138958141,NEAR,NEAR,0.6,1,,,0.03,0
C1_n0.03_d000_r01,C1,202609,10.38,10.38,0.0,0.23820567351795077,0.2547923102332262,0.2346995129801671,NEAR,NEAR,0.6,1,,,0.03,0
C1_n0.03_d000_r01,C1,202609,10.4,10.4,0.0,0.2397317934110697,0.23590464022459376,0.23500079479127378,NEAR,NEAR,0.6,1,,,0.03,0
C1_n0.03_d000_r01,C1,202609,10.42,10.42,0.0,0.24149096576309861,0.24213565275278318,0.23678450928165112,NEAR,NEAR,0.6,1,,,0.03,0
C1_n0.03_d000_r01,C1,202609,10.44,10.44,0.0,0.24344326350023596,0.22709177311135254,0.23436132523907646,NEAR,NEAR,0.6,1,,,0.03,0
C1_n0.03_d000_r01,C1,202609,10.46,10.46,0.0,0.2455443762763446,0.2306590906252135,0.23343576658561072,NEAR,NEAR,0.6,1,,,0.03,0
C1_n0.03_d000_r01,C1,202609,10.48,10.48,0.0,0.24774661616318866,0.2237993955919869,0.23102667383720477,NEAR,NEAR,0.6,1,,,0.03,0
C1_n0.03_d000_r01,C1,202609,10.5,10.5,0.0,0.25,0.259205479183987,0.2380713751739003,NEAR,NEAR,0.6,1,,,0.03,0
C1_n0.03_d000_r01,C1,202609,10.52,10.52,0.0,0.2522533838368113,0.22507381296190976,0.23482198462090267,NEAR,NEAR,0.6,1,,,0.03,0
C1_n0.03_d000_r01,C1,202609,10.54,10.54,0.0,0.2544556237236554,0.2136263370198811,0.2295230727206473,NEAR,NEAR,0.6,1,,,0.03,0
C1_n0.03_d000_r01,C1,202609,10.56,10.56,0.0,0.256556736499764,0.2421711006742801,0.2326850797090555,NEAR,NEAR,0.6,1,,,0.03,0
C1_n0.03_d000_r01,C1,202609,10.58,10.58,0.0,0.25850903423690136,0.2635903624108621,0.24041140038450715,NEAR,NEAR,0.6,1,,,0.03,0
C1_n0.03_d000_r01,C1,202609,10.6,10.6,0.0,0.2602682065889303,0.246274464478343,0.2418771664079661,NEAR,NEAR,0.6,1,,,0.03,0
C1_n0.03_d000_r01,C1,202609,10.62,10.62,0.0,0.2617943264820492,0.30512194775118257,0.25768836174377024,NEAR,NEAR,0.6,1,,,0.03,0
C1_n0.03_d000_r01,C1,202609,10.64,10.64,0.0,0.26305275632004294,0.3153418723263194,0.2721017393894075,NEAR,NEAR,0.6,1,,,0.03,0
C1_n0.03_d000_r01,C1,202609,10.66,10.66,0.0,0.2640149341368492,0.2592007419529595,0.2688764900302955,NEAR,NEAR,0.6,1,,,0.03,0
C1_n0.03_d000_r01,C1,202609,10.68,10.68,0.0,0.2646590218535229,0.2890179162983977,0.27391184659732104,NEAR,NEAR,0.6,1,,,0.03,0
C1_n0.03_d000_r01,C1,202609,10.7,10.7,0.0,0.26497040092642404,0.23811445165561074,0.26496249786189346,NEAR,NEAR,0.6,1,,,0.03,0
C1_n0.03_d000_r01,C1,202609,10.72,10.72,0.0,0.2649420041371476,0.2466387864727229,0.2603815700146008,NEAR,NEAR,0.6,1,,,0.03,0
C1_n0.03_d000_r01,C1,202609,10.74,10.74,0.0,0.2645744759937201,0.2527137724895514,0.25846462063333847,NEAR,NEAR,0.6,1,,,0.03,0
C1_n0.03_d000_r01,C1,202609,10.76,10.76,0.0,0.26387615810251686,0.2724842699553603,0.2619695329638439,NEAR,NEAR,0.6,1,,,0.03,0
C1_n0.03_d000_r01,C1,202609,10.78,10.78,0.0,0.26286289984290484,0.22411725806093807,0.25250646423811746,NEAR,NEAR,0.6,1,,,0.03,0
C1_n0.03_d000_r01,C1,202609,10.8,10.8,0.0,0.2615576986416368,0.28470404321957815,0.26055585898348266,NEAR,NEAR,0.6,1,,,0.03,0
C1_n0.03_d000_r01,C1,202609,10.82,10.82,0.0,0.25999017801151375,0.2684163461691415,0.2625209807798974,NEAR,NEAR,0.6,1,,,0.03,0
C1_n0.03_d000_r01,C1,202609,10.84,10.84,0.0,0.25819591520101404,0.2648693414685152,0.26310807095205185,NEAR,NEAR,0.6,1,,,0.03,0
C1_n0.03_d000_r01,C1,202609,10.86,10.86,0.0,0.25621563371489936,0.22663903434801355,0.25399081180104227,NEAR,NEAR,0.6,1,,,0.03,0
C1_n0.03_d000_r01,C1,202609,10.88,10.88,0.0,0.2540942790327598,0.27361462152202887,0.25889676423128893,NEAR,NEAR,0.6,1,,,0.03,0
C1_n0.03_d000_r01,C1,202609,10.9,10.9,0.0,0.2518799985034645,0.23583393914354658,0.25313105795935337,NEAR,NEAR,0.6,1,,,0.03,0
C1_n0.03_d000_r01,C1,202609,10.92,10.92,0.0,0.24962304856834996,0.29865141104735954,0.2645111462313549,NEAR,NEAR,0.6,1,,,0.03,0
C1_n0.03_d000_r01,C1,202609,10.94,10.94,0.0,0.24737465411537093,0.24123999611699581,0.2586933587027651,NEAR,NEAR,0.6,1,,,0.03,0
C1_n0.03_d000_r01,C1,202609,10.96,10.96,0.0,0.24518584585289174,0.20149028113369036,0.24439258931049643,NEAR,NEAR,0.6,1,,,0.03,0
C1_n0.03_d000_r01,C1,202609,10.98,10.98,0.0,0.24310630209067766,0.24742006996425203,0.24514945947393532,NEAR,NEAR,0.6,1,,,0.03,0
C1_n0.03_d000_r01,C1,202609,11.0,11.0,0.0,0.24118322121561292,0.27860268124570703,0.25351276491687824,NEAR,NEAR,0.6,1,,,0.03,0
C1_n0.03_d000_r01,C1,202609,11.02,11.02,0.0,0.2394602504530173,0.23521511528145153,0.24893835250802157,NEAR,NEAR,0.6,1,,,0.03,0
C1_n0.03_d000_r01,C1,202609,11.04,11.04,0.0,0.23797649522693692,0.2273388800293669,0.2435384843883579,NEAR,NEAR,0.6,1,,,0.03,0
C1_n0.03_d000_r01,C1,202609,11.06,11.06,0.0,0.2367656316034757,0.2792475680552779,0.2524657553050879,NEAR,NEAR,0.6,1,,,0.03,0
C1_n0.03_d000_r01,C1,202609,11.08,11.08,0.0,0.23585514196160703,0.29739263962768864,0.2636974763857381,NEAR,NEAR,0.6,1,,,0.03,0
C1_n0.03_d000_r01,C1,202609,11.1,11.1,0.0,0.23526569123906968,0.24676113740320835,0.2594633916401057,NEAR,NEAR,0.6,1,,,0.03,0
C1_n0.03_d000_r01,C1,202609,11.12,11.12,0.0,0.23501065791039116,0.2242966203473048,0.25067169881690543,NEAR,NEAR,0.6,1,,,0.03,0
C1_n0.03_d000_r01,C1,202609,11.14,11.14,0.0,0.23509583034219989,0.2962887862962042,0.2620759706867301,NEAR,NEAR,0.6,1,,,0.03,0
C1_n0.03_d000_r01,C1,202609,11.16,11.16,0.0,0.2355192754175009,0.25227733397961516,0.25962631150995136,NEAR,NEAR,0.6,1,,,0.03,0
C1_n0.03_d000_r01,C1,202609,11.18,11.18,0.0,0.2362713824106862,0.19757225714110807,0.24411279791774054,NEAR,NEAR,0.6,1,,,0.03,0
C1_n0.03_d000_r01,C1,202609,11.2,11.2,0.0,0.23733508111746973,0.2511469055468805,0.24587132482502555,NEAR,NEAR,0.6,1,,,0.03,0
C1_n0.03_d000_r01,C1,202609,11.22,11.22,0.0,0.23868622928895847,0.242234716234295,0.24496217267734294,NEAR,NEAR,0.6,1,,,0.03,0
C1_n0.03_d000_r01,C1,202609,11.24,11.24,0.0,0.24029416057645833,0.2284905203205226,0.24084425958813785,NEAR,NEAR,0.6,1,,,0.03,0
C1_n0.03_d000_r01,C1,202609,11.26,11.26,0.0,0.24212238055058055,0.24620336893410294,0.24218403692462914,NEAR,NEAR,0.6,1,,,0.03,0
C1_n0.03_d000_r01,C1,202609,11.28,11.28,0.0,0.2441293949974419,0.21436945866061347,0.23523039235862525,NEAR,NEAR,0.6,1,,,0.03,0
C1_n0.03_d000_r01,C1,202609,11.3,11.3,0.0,0.24626965169252724,0.21457510965094279,0.23006657168170463,NEAR,NEAR,0.6,1,,,0.03,0
C1_n0.03_d000_r01,C1,202609,11.32,11.32,0.0,0.2484945742772318,0.2844477832431808,0.24366187457207367,NEAR,NEAR,0.6,1,,,0.03,0
C1_n0.03_d000_r01,C1,202609,11.34,11.34,0.0,0.25075366477269656,0.23608568064247173,0.24176782608967318,NEAR,NEAR,0.6,1,,,0.03,0
C1_n0.03_d000_r01,C1,202609,11.36,11.36,0.0,0.252995649707716,0.2862274126073603,0.25288272271909495,NEAR,NEAR,0.6,1,,,0.03,0
C1_n0.03_d000_r01,C1,202609,11.38,11.38,0.0,0.2551696438476178,0.25632913304475935,0.25374432530051105,NEAR,NEAR,0.6,1,,,0.03,0
C1_n0.03_d000_r01,C1,202609,11.4,11.4,0.0,0.2572263051115258,0.2524412066839827,0.25341854564637895,NEAR,NEAR,0.6,1,,,0.03,0
C1_n0.03_d000_r01,C1,202609,11.42,11.42,0.0,0.25911895446541905,0.2537293001562858,0.2534962342738557,NEAR,NEAR,0.6,1,,,0.03,0
C1_n0.03_d000_r01,C1,202609,11.44,11.44,0.0,0.26080463537331855,0.2700058485039046,0.25762363783136794,NEAR,NEAR,0.6,1,,,0.03,0
C1_n0.03_d000_r01,C1,202609,11.46,11.46,0.0,0.2622450887607578,0.31628240075324493,0.2722883285618372,NEAR,NEAR,0.6,1,,,0.03,0
C1_n0.03_d000_r01,C1,202609,11.48,11.48,0.0,0.263407621362269,0.29667137012288597,0.27838408895209943,NEAR,NEAR,0.6,1,,,0.03,0
C1_n0.03_d000_r01,C1,202609,11.5,11.5,0.0,0.2642658477444273,0.24738889011869752,0.27063528924374897,NEAR,NEAR,0.6,1,,,0.03,0
C1_n0.03_d000_r01,C1,202609,11.52,11.52,0.0,0.264800289163118,0.2433399950065456,0.26381146568444813,NEAR,NEAR,0.6,1,,,0.03,0
C1_n0.03_d000_r01,C1,202609,11.54,11.54,0.0,0.2649988156630572,0.30365348137427156,0.273771969606904,NEAR,NEAR,0.6,1,,,0.03,0
C1_n0.03_d000_r01,C1,202609,11.56,11.56,0.0,0.26485692138544975,0.27968913115327537,0.2752512599934968,NEAR,NEAR,0.6,1,,,0.03,0
C1_n0.03_d000_r01,C1,202609,11.58,11.58,0.0,0.2643778268352606,0.22615356425432154,0.262976836058703,NEAR,NEAR,0.6,1,,,0.03,0
C1_n0.03_d000_r01,C1,202609,11.6,11.6,0.0,0.2635724057869903,0.2907903404742733,0.26993021216259555,NEAR,NEAR,0.6,1,,,0.03,0
C1_n0.03_d000_r01,C1,202609,11.62,11.62,0.0,0.2624589384879373,0.23259176427147074,0.26059560018981437,NEAR,NEAR,0.6,1,,,0.03,0
C1_n0.03_d000_r01,C1,202609,11.64,11.64,0.0,0.2610626967603726,0.2851028801765333,0.26672242018649406,NEAR,NEAR,0.6,1,,,0.03,0
C1_n0.03_d000_r01,C1,202609,11.66,11.66,0.0,0.2594153704193605,0.29963784547230277,0.27495127650794626,NEAR,NEAR,0.6,1,,,0.03,0
C1_n0.03_d000_r01,C1,202609,11.68,11.68,0.0,0.2575543480245365,0.18837246132144053,0.25330657271131984,NEAR,NEAR,0.6,1,,,0.03,0
C1_n0.03_d000_r01,C1,202609,11.7,11.7,0.0,0.25552186829027024,0.27144364177015246,0.257840839976028,NEAR,NEAR,0.6,1,,,0.03,0
C1_n0.03_d000_r01,C1,202609,11.72,11.72,0.0,0.25336406141424067,0.3215848250694857,0.2737768362493924,NEAR,NEAR,0.6,1,,,0.03,0
C1_n0.03_d000_r01,C1,202609,11.74,11.74,0.0,0.25112990208291897,0.21742231690545058,0.25968820641340695,NEAR,NEAR,0.6,1,,,0.03,0
C1_n0.03_d000_r01,C1,202609,11.76,11.76,0.0,0.24887009791708103,0.1994873915996625,0.24463800270997083,NEAR,NEAR,0.6,1,,,0.03,0
C1_n0.03_d000_r01,C1,202609,11.78,11.78,0.0,0.24663593858575936,0.23601708850288397,0.2424827741581991,NEAR,NEAR,0.6,1,,,0.03,0
C1_n0.03_d000_r01,C1,202609,11.8,11.8,0.0,0.2444781317097298,0.24251541459025688,0.24249093426621354,NEAR,NEAR,0.6,1,,,0.03,0
C1_n0.03_d000_r01,C1,202609,11.82,11.82,0.0,0.24244565197546356,0.21711537159319874,0.23614704359795982,NEAR,NEAR,0.6,1,,,0.03,0
C1_n0.03_d000_r01,C1,202609,11.84,11.84,0.0,0.2405846295806395,0.27519115780533554,0.24590807214980376,NEAR,NEAR,0.6,1,,,0.03,0
C1_n0.03_d000_r01,C1,202609,11.86,11.86,0.0,0.23893730323962745,0.22050844880527298,0.23955816631367108,NEAR,NEAR,0.6,1,,,0.03,0
C1_n0.03_d000_r01,C1,202609,11.88,11.88,0.0,0.23754106151206278,0.25321017458739187,0.24297116838210125,NEAR,NEAR,0.6,1,,,0.03,0
C1_n0.03_d000_r01,C1,202609,11.9,11.9,0.0,0.23642759421300968,0.2185398582515049,0.23686334084945218,NEAR,NEAR,0.6,1,,,0.03,0
C1_n0.03_d000_r01,C1,202609,11.92,11.92,0.0,0.23562217316473938,0.2561689113040016,0.24168973346308953,NEAR,NEAR,0.6,1,,,0.03,0
C1_n0.03_d000_r01,C1,202609,11.94,11.94,0.0,0.23514307861455025,0.19686374364602774,0.2304832360088241,NEAR,NEAR,0.6,1,,,0.03,0
C1_n0.03_d000_r01,C1,202609,11.96,11.96,0.0,0.23500118433694275,0.18585510128496352,0.21932620232785896,NEAR,NEAR,0.6,1,,,0.03,0
C1_n0.03_d000_r01,C1,202609,11.98,11.98,0.0,0.235199710836882,0.25301237545314903,0.22774774560918148,NEAR,NEAR,0.6,1,,,0.03,0
C1_n0.03_d000_r01,C1,202609,12.0,12.0,0.0,0.25,0.22934368176945305,0.2281467296492494,NEAR,NEAR,0.6,1,,,0.03,0
C1_n0.03_d000_r01,C1,202609,12.02,12.02,0.0,0.25175,0.31332457761704885,0.24944119164119927,NEAR,NEAR,0.6,1,,,0.03,0
C1_n0.03_d000_r01,C1,202609,12.04,12.04,0.0,0.25349999999999995,0.26388442773552995,0.25305200066478195,NEAR,NEAR,0.6,1,,,0.03,0
C1_n0.03_d000_r01,C1,202609,12.06,12.06,0.0,0.25525000000000003,0.23479522104666045,0.2484878057602516,NEAR,NEAR,0.6,1,,,0.03,0
C1_n0.03_d000_r01,C1,202609,12.08,12.08,0.0,0.257,0.30091918501920606,0.26159565057499023,NEAR,NEAR,0.6,1,,,0.03,0
C1_n0.03_d000_r01,C1,202609,12.1,12.1,0.0,0.25875,0.2475299584667084,0.2580792275479198,NEAR,NEAR,0.6,1,,,0.03,0
C1_n0.03_d000_r01,C1,202609,12.12,12.12,0.0,0.26049999999999995,0.22650977546284215,0.2501868645266504,NEAR,NEAR,0.6,1,,,0.03,0
C1_n0.03_d000_r01,C1,202609,12.14,12.14,0.0,0.26225000000000004,0.2661182918295299,0.25416972135237026,NEAR,NEAR,0.6,1,,,0.03,0
C1_n0.03_d000_r01,C1,202609,12.16,12.16,0.0,0.264,0.2725994687717215,0.25877715820720804,NEAR,NEAR,0.6,1,,,0.03,0
C1_n0.03_d000_r01,C1,202609,12.18,12.18,0.0,0.26575,0.20786198140444498,0.24604836400651728,NEAR,NEAR,0.6,1,,,0.03,0
C1_n0.03_d000_r01,C1,202609,12.2,12.2,0.0,0.26749999999999996,0.3504947040725665,0.2721599490230296,NEAR,FAR,0.0,1,EXIT_NEAR,,0.03,0
C1_n0.03_d000_r01,C1,202609,12.22,12.22,0.0,0.26925000000000004,0.2855602443719651,0.2755100228602635,NEAR,NEAR,0.6,1,ENTER_NEAR,,0.03,0
C1_n0.03_d000_r01,C1,202609,12.24,12.24,0.0,0.271,0.2932736498958919,0.27995092961917056,NEAR,NEAR,0.6,1,,,0.03,0
C1_n0.03_d000_r01,C1,202609,12.26,12.26,0.0,0.27275,0.25119627623987556,0.2727622662743468,NEAR,NEAR,0.6,1,,,0.03,0
C1_n0.03_d000_r01,C1,202609,12.28,12.28,0.0,0.27449999999999997,0.27007439332722516,0.2720902980375664,NEAR,NEAR,0.6,1,,,0.03,0
C1_n0.03_d000_r01,C1,202609,12.3,12.3,0.0,0.27625000000000005,0.29893484727413894,0.27880143534670954,NEAR,NEAR,0.6,1,,,0.03,0
C1_n0.03_d000_r01,C1,202609,12.32,12.32,0.0,0.278,0.27724921380879775,0.2784133799622316,NEAR,NEAR,0.6,1,,,0.03,0
C1_n0.03_d000_r01,C1,202609,12.34,12.34,0.0,0.27975,0.2635644435230992,0.2747011458524485,NEAR,NEAR,0.6,1,,,0.03,0
C1_n0.03_d000_r01,C1,202609,12.36,12.36,0.0,0.2815,0.26910271045312856,0.2733015370026185,NEAR,NEAR,0.6,1,,,0.03,0
C1_n0.03_d000_r01,C1,202609,12.38,12.38,0.0,0.28325000000000006,0.2791890515182593,0.2747734156315287,NEAR,NEAR,0.6,1,,,0.03,0
C1_n0.03_d000_r01,C1,202609,12.4,12.4,0.0,0.28500000000000003,0.2932580201289582,0.27939456675588603,NEAR,NEAR,0.6,1,,,0.03,0
C1_n0.03_d000_r01,C1,202609,12.42,12.42,0.0,0.28675,0.2902979468134369,0.28212041177027375,NEAR,NEAR,0.6,1,,,0.03,0
C1_n0.03_d000_r01,C1,202609,12.44,12.44,0.0,0.2885,0.31075944898754526,0.2892801710745916,NEAR,NEAR,0.6,1,,,0.03,0
C1_n0.03_d000_r01,C1,202609,12.46,12.46,0.0,0.29025000000000006,0.30588336490253004,0.2934309695315762,NEAR,NEAR,0.6,1,,,0.03,0
C1_n0.03_d000_r01,C1,202609,12.48,12.48,0.0,0.29200000000000004,0.32042814090338273,0.30018026237452783,NEAR,NEAR,0.6,1,,,0.03,0
C1_n0.03_d000_r01,C1,202609,12.5,12.5,0.0,0.29375,0.27090088849171096,0.29286041890382364,NEAR,NEAR,0.6,1,,,0.03,0
C1_n0.03_d000_r01,C1,202609,12.52,12.52,0.0,0.2955,0.30155769617278594,0.2950347382210642,NEAR,NEAR,0.6,1,,,0.03,0
C1_n0.03_d000_r01,C1,202609,12.54,12.54,0.0,0.2972499999999999,0.26261363573659957,0.286929462599948,NEAR,NEAR,0.6,1,,,0.03,0
C1_n0.03_d000_r01,C1,202609,12.56,12.56,0.0,0.29900000000000004,0.30009758480265214,0.29022149315062407,NEAR,NEAR,0.6,1,,,0.03,0
C1_n0.03_d000_r01,C1,202609,12.58,12.58,0.0,0.30075,0.23339691223821624,0.27601534792252214,NEAR,NEAR,0.6,1,,,0.03,0
C1_n0.03_d000_r01,C1,202609,12.6,12.6,0.0,0.3025,0.29296368592254685,0.2802524324225283,NEAR,NEAR,0.6,1,,,0.03,0
C1_n0.03_d000_r01,C1,202609,12.62,12.62,0.0,0.3042499999999999,0.2999694435088415,0.2851816851941066,NEAR,NEAR,0.6,1,,,0.03,0
C1_n0.03_d000_r01,C1,202609,12.64,12.64,0.0,0.30600000000000005,0.3167541566081092,0.29307480304760725,NEAR,NEAR,0.6,1,,,0.03,0
C1_n0.03_d000_r01,C1,202609,12.66,12.66,0.0,0.30775,0.2569428772876087,0.2840418216076076,NEAR,NEAR,0.6,1,,,0.03,0
C1_n0.03_d000_r01,C1,202609,12.68,12.68,0.0,0.3095,0.29927054519910196,0.2878490025054812,NEAR,NEAR,0.6,1,,,0.03,0
C1_n0.03_d000_r01,C1,202609,12.7,12.7,0.0,0.3112499999999999,0.38350801729140327,0.31176375620196173,NEAR,FAR,0.0,1,EXIT_NEAR,,0.03,0
C1_n0.03_d000_r01,C1,202609,12.72,12.72,0.0,0.31300000000000006,0.3068484351814409,0.3105349259468315,NEAR,NEAR,0.6,1,ENTER_NEAR,,0.03,0
C1_n0.03_d000_r01,C1,202609,12.74,12.74,0.0,0.31475000000000003,0.3191255362304003,0.31268257851772374,NEAR,NEAR,0.6,1,,,0.03,0
C1_n0.03_d000_r01,C1,202609,12.76,12.76,0.0,0.3165,0.31161135381113203,0.31241477234107584,NEAR,NEAR,0.6,1,,,0.03,0
C1_n0.03_d000_r01,C1,202609,12.78,12.78,0.0,0.3182499999999999,0.3171288583819794,0.31359329385130175,NEAR,NEAR,0.6,1,,,0.03,0
C1_n0.03_d000_r01,C1,202609,12.8,12.8,0.0,0.32000000000000006,0.31369217038207026,0.3136180129839939,NEAR,NEAR,0.6,1,,,0.03,0
C1_n0.03_d000_r01,C1,202609,12.82,12.82,0.0,0.32175000000000004,0.31869435396508583,0.31488709822926686,NEAR,NEAR,0.6,1,,,0.03,0
C1_n0.03_d000_r01,C1,202609,12.84,12.84,0.0,0.3235,0.2973083231111857,0.3104924044497466,NEAR,NEAR,0.6,1,,,0.03,0
C1_n0.03_d000_r01,C1,202609,12.86,12.86,0.0,0.32524999999999993,0.341768260601361,0.3183113684876502,NEAR,NEAR,0.6,1,,,0.03,0
C1_n0.03_d000_r01,C1,202609,12.88,12.88,0.0,0.32700000000000007,0.31543729533625414,0.31759285019980116,NEAR,NEAR,0.6,1,,,0.03,0
C1_n0.03_d000_r01,C1,202609,12.9,12.9,0.0,0.32875000000000004,0.3390808959896358,0.32296486164725985,NEAR,NEAR,0.6,1,,,0.03,0
C1_n0.03_d000_r01,C1,202609,12.92,12.92,0.0,0.3305,0.31367034829829793,0.32064123331001937,NEAR,NEAR,0.6,1,,,0.03,0
C1_n0.03_d000_r01,C1,202609,12.94,12.94,0.0,0.33224999999999993,0.34680046614836213,0.32718104151960503,NEAR,NEAR,0.6,1,,,0.03,0
C1_n0.03_d000_r01,C1,202609,12.96,12.96,0.0,0.3340000000000001,0.36067828174711297,0.33555535157648203,NEAR,FAR,0.0,1,EXIT_NEAR,,0.03,0
C1_n0.03_d000_r01,C1,202609,12.98,12.98,0.0,0.33575000000000005,0.32728975462066934,0.33348895233752884,NEAR,NEAR,0.6,1,ENTER_NEAR,,0.03,0
C1_n0.03_d000_r01,C1,202609,13.0,13.0,0.0,0.3375,0.37124468220025136,0.34292788480320946,NEAR,FAR,0.0,1,EXIT_NEAR,,0.03,0
C1_n0.03_d000_r01,C1,202609,13.02,13.02,0.0,0.33924999999999994,0.31261086236929636,0.3353486291947312,NEAR,NEAR,0.6,1,ENTER_NEAR,,0.03,0
C1_n0.03_d000_r01,C1,202609,13.04,13.04,0.0,0.3409999999999999,0.3601908212919016,0.3415591772190238,NEAR,FAR,0.0,1,EXIT_NEAR,,0.03,0
C1_n0.03_d000_r01,C1,202609,13.06,13.06,0.0,0.34275000000000005,0.39762810281530475,0.35557640861809403,NEAR,FAR,0.0,1,,,0.03,0
C1_n0.03_d000_r01,C1,202609,13.08,13.08,0.0,0.34450000000000003,0.35237074008417274,0.35477499148461367,NEAR,FAR,0.0,1,,,0.03,0
C1_n0.03_d000_r01,C1,202609,13.1,13.1,0.0,0.34624999999999995,0.3831314906739249,0.3618641162819415,NEAR,FAR,0.0,1,,,0.03,0
C1_n0.03_d000_r01,C1,202609,13.12,13.12,0.0,0.3479999999999999,0.3300825246315138,0.35391871836933453,NEAR,NEAR,0.6,1,ENTER_NEAR,,0.03,0
C1_n0.03_d000_r01,C1,202609,13.14,13.14,0.0,0.34975000000000006,0.35436893915565193,0.3540312735659139,NEAR,FAR,0.0,1,EXIT_NEAR,,0.03,0
C1_n0.03_d000_r01,C1,202609,13.16,13.16,0.0,0.35150000000000003,0.31475951842199257,0.34421333477993354,FAR,NEAR,0.6,1,ENTER_NEAR,,0.03,0
C1_n0.03_d000_r01,C1,202609,13.18,13.18,0.0,0.35324999999999995,0.34491049492207015,0.3443876248154677,FAR,NEAR,0.6,1,,,0.03,0
C1_n0.03_d000_r01,C1,202609,13.2,13.2,0.0,0.3549999999999999,0.40488016998761445,0.35951076110850444,FAR,FAR,0.0,1,EXIT_NEAR,,0.03,0
C1_n0.03_d000_r01,C1,202609,13.22,13.22,0.0,0.35675000000000007,0.3507650819540914,0.3573243413199012,FAR,FAR,0.0,1,,,0.03,0
C1_n0.03_d000_r01,C1,202609,13.24,13.24,0.0,0.35850000000000004,0.36212504657545697,0.3585245176337901,FAR,FAR,0.0,1,,,0.03,0
C1_n0.03_d000_r01,C1,202609,13.26,13.26,0.0,0.36024999999999996,0.34800489794647604,0.3558946127119616,FAR,NEAR,0.6,1,ENTER_NEAR,,0.03,0
C1_n0.03_d000_r01,C1,202609,13.28,13.28,0.0,0.36199999999999993,0.40226835633761676,0.3674880486183754,FAR,FAR,0.0,1,EXIT_NEAR,,0.03,0
C1_n0.03_d000_r01,C1,202609,13.3,13.3,0.0,0.3637500000000001,0.3507644414830226,0.36330714683453724,FAR,FAR,0.0,1,,,0.03,0
C1_n0.03_d000_r01,C1,202609,13.32,13.32,0.0,0.36550000000000005,0.38826369549299994,0.3695462839991529,FAR,FAR,0.0,1,,,0.03,0
C1_n0.03_d000_r01,C1,202609,13.34,13.34,0.0,0.36724999999999997,0.41155918064450403,0.3800495081604907,FAR,FAR,0.0,1,,,0.03,0
C1_n0.03_d000_r01,C1,202609,13.36,13.36,0.0,0.36899999999999994,0.3690523419265136,0.3773002166019964,FAR,FAR,0.0,1,,,0.03,0
C1_n0.03_d000_r01,C1,202609,13.38,13.38,0.0,0.3707500000000001,0.40226106746104456,0.38354042931675847,FAR,FAR,0.0,1,,,0.03,0
C1_n0.03_d000_r01,C1,202609,13.4,13.4,0.0,0.37250000000000005,0.38754905147903557,0.38454258485732773,FAR,FAR,0.0,1,,,0.03,0
C1_n0.03_d000_r01,C1,202609,13.42,13.42,0.0,0.37424999999999997,0.3977374476058941,0.38784130054446936,FAR,FAR,0.0,1,,,0.03,0
C1_n0.03_d000_r01,C1,202609,13.44,13.44,0.0,0.37599999999999995,0.36223038091094284,0.3814385706360877,FAR,FAR,0.0,1,,,0.03,0
C1_n0.03_d000_r01,C1,202609,13.46,13.46,0.0,0.37775000000000003,0.4111570963325828,0.3888682020602115,FAR,FAR,0.0,1,,,0.03,0
C1_n0.03_d000_r01,C1,202609,13.48,13.48,0.0,0.37950000000000006,0.4120211501711916,0.39465643908795656,FAR,FAR,0.0,1,,,0.03,0
C1_n0.03_d000_r01,C1,202609,13.5,13.5,0.0,0.38125,0.3940423742254271,0.3945029228723242,FAR,FAR,0.0,1,,,0.03,0
C1_n0.03_d000_r01,C1,202609,13.52,13.52,0.0,0.38299999999999995,0.37108957462804903,0.3886495858112554,FAR,FAR,0.0,1,,,0.03,0
C1_n0.03_d000_r01,C1,202609,13.54,13.54,0.0,0.3847499999999999,0.39644287067851336,0.39059790702806985,FAR,FAR,0.0,1,,,0.03,0
C1_n0.03_d000_r01,C1,202609,13.56,13.56,0.0,0.38650000000000007,0.33173809307974966,0.3758829535409898,FAR,NEAR,0.6,1,ENTER_NEAR,,0.03,0
C1_n0.03_d000_r01,C1,202609,13.58,13.58,0.0,0.38825,0.40589792454501217,0.3833866962919954,FAR,FAR,0.0,1,EXIT_NEAR,,0.03,0
C1_n0.03_d000_r01,C1,202609,13.6,13.6,0.0,0.38999999999999996,0.4488220042022302,0.3997455232695541,FAR,FAR,0.0,1,,,0.03,0
C1_n0.03_d000_r01,C1,202609,13.62,13.62,0.0,0.39174999999999993,0.4236667915261718,0.4057258403337085,FAR,FAR,0.0,1,,,0.03,0
C1_n0.03_d000_r01,C1,202609,13.64,13.64,0.0,0.39350000000000007,0.41476031206205777,0.4079844582657958,FAR,FAR,0.0,1,,,0.03,0
C1_n0.03_d000_r01,C1,202609,13.66,13.66,0.0,0.39525,0.3936020985240784,0.40438886833036647,FAR,FAR,0.0,1,,,0.03,0
C1_n0.03_d000_r01,C1,202609,13.68,13.68,0.0,0.39699999999999996,0.4124389455375612,0.40640138763216516,FAR,FAR,0.0,1,,,0.03,0
C1_n0.03_d000_r01,C1,202609,13.7,13.7,0.0,0.39874999999999994,0.42994306857408476,0.41228680786764504,FAR,FAR,0.0,1,,,0.03,0
C1_n0.03_d000_r01,C1,202609,13.72,13.72,0.0,0.4005000000000001,0.4085927259531492,0.41136328738902106,FAR,FAR,0.0,1,,,0.03,0
C1_n0.03_d000_r01,C1,202609,13.74,13.74,0.0,0.40225,0.44938029852924505,0.420867540174077,FAR,FAR,0.0,1,,,0.03,0
C1_n0.03_d000_r01,C1,202609,13.76,13.76,0.0,0.40399999999999997,0.38377637779221035,0.41159474957861036,FAR,FAR,0.0,1,,,0.03,0
C1_n0.03_d000_r01,C1,202609,13.78,13.78,0.0,0.40574999999999994,0.45187547666244277,0.4216649313495685,FAR,FAR,0.0,1,,,0.03,0
C1_n0.03_d000_r01,C1,202609,13.8,13.8,0.0,0.4075000000000001,0.3556565501659332,0.4051628360536597,FAR,FAR,0.0,1,,,0.03,0
C1_n0.03_d000_r01,C1,202609,13.82,13.82,0.0,0.40925,0.37293035549553377,0.3971047159141282,FAR,FAR,0.0,1,,,0.03,0
C1_n0.03_d000_r01,C1,202609,13.84,13.84,0.0,0.411,0.423116861151713,0.4036077522235244,FAR,FAR,0.0,1,,,0.03,0
C1_n0.03_d000_r01,C1,202609,13.86,13.86,0.0,0.41274999999999995,0.38487382110085694,0.3989242694428575,FAR,FAR,0.0,1,,,0.03,0
C1_n0.03_d000_r01,C1,202609,13.88,13.88,0.0,0.4145000000000001,0.3987438614962044,0.3988791674561943,FAR,FAR,0.0,1,,,0.03,0
C1_n0.03_d000_r01,C1,202609,13.9,13.9,0.0,0.41625,0.36671842527890264,0.3908389819118714,FAR,FAR,0.0,1,,,0.03,0
C1_n0.03_d000_r01,C1,202609,13.92,13.92,0.0,0.418,0.4876866564120914,0.4150509005369264,FAR,FAR,0.0,1,,,0.03,0
C1_n0.03_d000_r01,C1,202609,13.94,13.94,0.0,0.41974999999999996,0.4186050177859077,0.41593942984917176,FAR,FAR,0.0,1,,,0.03,0
C1_n0.03_d000_r01,C1,202609,13.96,13.96,0.0,0.4215000000000001,0.41441152335576925,0.41555745322582116,FAR,FAR,0.0,1,,,0.03,0
C1_n0.03_d000_r01,C1,202609,13.98,13.98,0.0,0.42325,0.4531086724846063,0.42494525804051747,FAR,FAR,0.0,1,,,0.03,0
C1_n0.03_d000_r01,C1,202609,14.0,14.0,0.0,0.425,0.3925673988527494,0.41685079324357543,FAR,FAR,0.0,1,,,0.03,0
C1_n0.03_d000_r01,C1,202609,14.02,14.02,0.0,0.42674999999999996,0.40838053453692175,0.414733228566912,FAR,FAR,0.0,1,,,0.03,0
C1_n0.03_d000_r01,C1,202609,14.04,14.04,0.0,0.4284999999999999,0.4541230018243868,0.4245806718812807,FAR,FAR,0.0,1,,,0.03,0
C1_n0.03_d000_r01,C1,202609,14.06,14.06,0.0,0.43025,0.40746544953627345,0.4203018662950289,FAR,FAR,0.0,1,,,0.03,0
C1_n0.03_d000_r01,C1,202609,14.08,14.08,0.0,0.432,0.444018764780843,0.4262310909164825,FAR,FAR,0.0,1,,,0.03,0
C1_n0.03_d000_r01,C1,202609,14.1,14.1,0.0,0.43374999999999997,0.4087091717686685,0.42185061112952904,FAR,FAR,0.0,1,,,0.03,0
C1_n0.03_d000_r01,C1,202609,14.12,14.12,0.0,0.4354999999999999,0.5358993762830189,0.4503628024179015,FAR,FAR,0.0,1,,,0.03,0
C1_n0.03_d000_r01,C1,202609,14.14,14.14,0.0,0.43725,0.458665793397076,0.4524385501626951,FAR,FAR,0.0,1,,,0.03,0
C1_n0.03_d000_r01,C1,202609,14.16,14.16,0.0,0.439,0.4915035413952035,0.4622047979708222,FAR,FAR,0.0,1,,,0.03,0
C1_n0.03_d000_r01,C1,202609,14.18,14.18,0.0,0.44075,0.41798419272152554,0.45114964665849805,FAR,FAR,0.0,1,,,0.03,0
C1_n0.03_d000_r01,C1,202609,14.2,14.2,0.0,0.4424999999999999,0.44927063218650914,0.4506798930405008,FAR,FAR,0.0,1,,,0.03,0
C1_n0.03_d000_r01,C1,202609,14.22,14.22,0.0,0.44425000000000003,0.44753969471140287,0.4498948434582264,FAR,FAR,0.0,1,,,0.03,0
C1_n0.03_d000_r01,C1,202609,14.24,14.24,0.0,0.446,0.43242745896068757,0.4455279973338417,FAR,FAR,0.0,1,,,0.03,0
C1_n0.03_d000_r01,C1,202609,14.26,14.26,0.0,0.44775,0.46721186290286126,0.45094896372609655,FAR,FAR,0.0,1,,,0.03,0
C1_n0.03_d000_r01,C1,202609,14.28,14.28,0.0,0.4494999999999999,0.47979193704877215,0.45815970705676545,FAR,FAR,0.0,1,,,0.03,0
C1_n0.03_d000_r01,C1,202609,14.3,14.3,0.0,0.45125000000000004,0.44029699179977344,0.4536940282425175,FAR,FAR,0.0,1,,,0.03,0
C1_n0.03_d000_r01,C1,202609,14.32,14.32,0.0,0.453,0.427445852222772,0.4471319842375811,FAR,FAR,0.0,1,,,0.03,0
C1_n0.03_d000_r01,C1,202609,14.34,14.34,0.0,0.45475,0.3845029729367536,0.43147473141237425,FAR,FAR,0.0,1,,,0.03,0
C1_n0.03_d000_r01,C1,202609,14.36,14.36,0.0,0.4564999999999999,0.41206728073468485,0.42662286874295186,FAR,FAR,0.0,1,,,0.03,0
C1_n0.03_d000_r01,C1,202609,14.38,14.38,0.0,0.45825000000000005,0.49740055410298617,0.44431729008296045,FAR,FAR,0.0,1,,,0.03,0
C1_n0.03_d000_r01,C1,202609,14.4,14.4,0.0,0.46,0.41577190202434006,0.43718094306830535,FAR,FAR,0.0,1,,,0.03,0
C1_n0.03_d000_r01,C1,202609,14.42,14.42,0.0,0.46175,0.4448499270311938,0.4390981890590275,FAR,FAR,0.0,1,,,0.03,0
C1_n0.03_d000_r01,C1,202609,14.44,14.44,0.0,0.4634999999999999,0.47813071859706313,0.4488563214435364,FAR,FAR,0.0,1,,,0.03,0
C1_n0.03_d000_r01,C1,202609,14.46,14.46,0.0,0.46525000000000005,0.4354085407685756,0.44549437627479616,FAR,FAR,0.0,1,,,0.03,0
C1_n0.03_d000_r01,C1,202609,14.48,14.48,0.0,0.467,0.47192809499851834,0.45210280595572666,FAR,FAR,0.0,1,,,0.03,0
C1_n0.03_d000_r01,C1,202609,14.5,14.5,0.0,0.46875,0.4650901126267442,0.45534963262348105,FAR,FAR,0.0,1,,,0.03,0
C1_n0.03_d000_r01,C1,202609,14.52,14.52,0.0,0.4704999999999999,0.49985461857937413,0.4664758791124543,FAR,FAR,0.0,1,,,0.03,0
C1_n0.03_d000_r01,C1,202609,14.54,14.54,0.0,0.47224999999999995,0.4964987096686775,0.4739815867515101,FAR,FAR,0.0,1,,,0.03,0
C1_n0.03_d000_r01,C1,202609,14.56,14.56,0.0,0.47400000000000003,0.47062472941540523,0.4731423724174839,FAR,FAR,0.0,1,,,0.03,0
C1_n0.03_d000_r01,C1,202609,14.58,14.58,0.0,0.47575,0.5113825878338417,0.48270242627157334,FAR,FAR,0.0,1,,,0.03,0
C1_n0.03_d000_r01,C1,202609,14.6,14.6,0.0,0.4774999999999999,0.4833246786197751,0.4828579893586238,FAR,FAR,0.0,1,,,0.03,0
C1_n0.03_d000_r01,C1,202609,14.62,14.62,0.0,0.47924999999999995,0.5049575844576851,0.48838288813338915,FAR,FAR,0.0,1,,,0.03,0
C1_n0.03_d000_r01,C1,202609,14.64,14.64,0.0,0.48100000000000004,0.5326528089679956,0.49945036834204076,FAR,FAR,0.0,1,,,0.03,0
C1_n0.03_d000_r01,C1,202609,14.66,14.66,0.0,0.48275,0.4291286479974997,0.4818699382559055,FAR,FAR,0.0,1,,,0.03,0
C1_n0.03_d000_r01,C1,202609,14.68,14.68,0.0,0.48449999999999993,0.5393275870672941,0.49623435045875264,FAR,FAR,0.0,1,,,0.03,0
C1_n0.03_d000_r01,C1,202609,14.7,14.7,0.0,0.48624999999999996,0.521295431388336,0.5024996206911485,FAR,FAR,0.0,1,,,0.03,0
C1_n0.03_d000_r01,C1,202609,14.72,14.72,0.0,0.48800000000000004,0.4866673268664437,0.4985415472349723,FAR,FAR,0.0,1,,,0.03,0
C1_n0.03_d000_r01,C1,202609,14.74,14.74,0.0,0.48975,0.4660075945216895,0.4904080590566516,FAR,FAR,0.0,1,,,0.03,0
C1_n0.03_d000_r01,C1,202609,14.76,14.76,0.0,0.49149999999999994,0.4720526779135379,0.48581921377087317,FAR,FAR,0.0,1,,,0.03,0
C1_n0.03_d000_r01,C1,202609,14.78,14.78,0.0,0.49324999999999997,0.4693379914587536,0.4816989081928433,FAR,FAR,0.0,1,,,0.03,0
C1_n0.03_d000_r01,C1,202609,14.8,14.8,0.0,0.49500000000000005,0.4733038626810896,0.4796001468149048,FAR,FAR,0.0,1,,,0.03,0
C1_n0.03_d000_r01,C1,202609,14.82,14.82,0.0,0.49675,0.4845659249126048,0.48084159133932985,FAR,FAR,0.0,1,,,0.03,0
C1_n0.03_d000_r01,C1,202609,14.84,14.84,0.0,0.49849999999999994,0.5015333502645563,0.48601453107063647,FAR,FAR,0.0,1,,,0.03,0
C1_n0.03_d000_r01,C1,202609,14.86,14.86,0.0,0.5002499999999999,0.43556672726512125,0.4734025801192576,FAR,FAR,0.0,1,,,0.03,0
C1_n0.03_d000_r01,C1,202609,14.88,14.88,0.0,0.502,0.5277169121805848,0.4869811631345894,FAR,FAR,0.0,1,,,0.03,0
C1_n0.03_d000_r01,C1,202609,14.9,14.9,0.0,0.50375,0.5078921145414531,0.4922089009863053,FAR,FAR,0.0,1,,,0.03,0
C1_n0.03_d000_r01,C1,202609,14.92,14.92,0.0,0.5055000000000001,0.5030998599940182,0.49493164073823354,FAR,FAR,0.0,1,,,0.03,0
C1_n0.03_d000_r01,C1,202609,14.94,14.94,0.0,0.50725,0.554376899666018,0.5097929554701797,FAR,FAR,0.0,1,,,0.03,0
C1_n0.03_d000_r01,C1,202609,14.96,14.96,0.0,0.5090000000000001,0.5365240143084408,0.516475720179745,FAR,FAR,0.0,1,,,0.03,0
C1_n0.03_d000_r01,C1,202609,14.98,14.98,0.0,0.51075,0.5007725730642273,0.5125499334008655,FAR,FAR,0.0,1,,,0.03,0
C1_n0.03_d000_r01,C1,202609,15.0,15.0,0.0,0.5125,0.5491226177417577,0.5216931044860886,FAR,FAR,0.0,1,,,0.03,0
C1_n0.03_d000_r01,C1,202609,15.02,15.02,0.0,0.5142499999999999,0.5403184784973866,0.5263494479889131,FAR,FAR,0.0,1,,,0.03,0
C1_n0.03_d000_r01,C1,202609,15.04,15.04,0.0,0.5159999999999999,0.5069839575312323,0.521508075374493,FAR,FAR,0.0,1,,,0.03,0
C1_n0.03_d000_r01,C1,202609,15.06,15.06,0.0,0.51775,0.47939251823662893,0.5109791860900269,FAR,FAR,0.0,1,,,0.03,0
C1_n0.03_d000_r01,C1,202609,15.08,15.08,0.0,0.5195,0.5400092519462015,0.5182367025540706,FAR,FAR,0.0,1,,,0.03,0
C1_n0.03_d000_r01,C1,202609,15.1,15.1,0.0,0.52125,0.53587972027599,0.5226474569845505,FAR,FAR,0.0,1,,,0.03,0
C1_n0.03_d000_r01,C1,202609,15.12,15.12,0.0,0.5229999999999999,0.4936444095259021,0.5153966951198884,FAR,FAR,0.0,1,,,0.03,0
C1_n0.03_d000_r01,C1,202609,15.14,15.14,0.0,0.52475,0.5297394902909874,0.5189823939126632,FAR,FAR,0.0,1,,,0.03,0
C1_n0.03_d000_r01,C1,202609,15.16,15.16,0.0,0.5265,0.583949041369731,0.5352240557769301,FAR,FAR,0.0,1,,,0.03,0
C1_n0.03_d000_r01,C1,202609,15.18,15.18,0.0,0.5282499999999999,0.5304108444272748,0.5340207529395162,FAR,FAR,0.0,1,,,0.03,0
C1_n0.03_d000_r01,C1,202609,15.2,15.2,0.0,0.5299999999999999,0.5378712427587578,0.5349833753943266,FAR,FAR,0.0,1,,,0.03,0
C1_n0.03_d000_r01,C1,202609,15.22,15.22,0.0,0.5317500000000001,0.5461683046504598,0.5377796077083599,FAR,FAR,0.0,1,,,0.03,0
C1_n0.03_d000_r01,C1,202609,15.24,15.24,0.0,0.5335,0.49110725828808477,0.5261115203532911,FAR,FAR,0.0,1,,,0.03,0
C1_n0.03_d000_r01,C1,202609,15.26,15.26,0.0,0.53525,0.5595055517665851,0.5344600282066146,FAR,FAR,0.0,1,,,0.03,0
C1_n0.03_d000_r01,C1,202609,15.28,15.28,0.0,0.5369999999999999,0.4949772958368162,0.5245893451141651,FAR,FAR,0.0,1,,,0.03,0
C1_n0.03_d000_r01,C1,202609,15.3,15.3,0.0,0.5387500000000001,0.5717303553445864,0.5363745976717704,FAR,FAR,0.0,1,,,0.03,0
C1_n0.03_d000_r01,C1,202609,15.32,15.32,0.0,0.5405,0.5940338949735573,0.5507894219972171,FAR,FAR,0.0,1,,,0.03,0
C1_n0.03_d000_r01,C1,202609,15.34,15.34,0.0,0.5422499999999999,0.5164513701674327,0.542204909039771,FAR,FAR,0.0,1,,,0.03,0
C1_n0.03_d000_r01,C1,202609,15.36,15.36,0.0,0.5439999999999999,0.5532427348694587,0.544964365497193,FAR,FAR,0.0,1,,,0.03,0
C1_n0.03_d000_r01,C1,202609,15.38,15.38,0.0,0.5457500000000001,0.4960888332643648,0.5327454824389859,FAR,FAR,0.0,1,,,0.03,0
C1_n0.03_d000_r01,C1,202609,15.4,15.4,0.0,0.5475,0.6076810005725896,0.5514793619723868,FAR,FAR,0.0,1,,,0.03,0
C1_n0.03_d000_r01,C1,202609,15.42,15.42,0.0,0.54925,0.519004406164086,0.5433606230203116,FAR,FAR,0.0,1,,,0.03,0
C1_n0.03_d000_r01,C1,202609,15.44,15.44,0.0,0.5509999999999999,0.5724715497914228,0.5506383547130894,FAR,FAR,0.0,1,,,0.03,0
C1_n0.03_d000_r01,C1,202609,15.46,15.46,0.0,0.5527500000000001,0.584976686764579,0.5592229377259619,FAR,FAR,0.0,1,,,0.03,0
C1_n0.03_d000_r01,C1,202609,15.48,15.48,0.0,0.5545,0.5621514680683015,0.5599550703115468,FAR,FAR,0.0,1,,,0.03,0
C1_n0.03_d000_r01,C1,202609,15.5,15.5,0.0,0.5562499999999999,0.5040764010603406,0.5459854029987452,FAR,FAR,0.0,1,,,0.03,0
C1_n0.03_d000_r01,C1,202609,15.52,15.52,0.0,0.5579999999999999,0.5412385775136498,0.5447986966274714,FAR,FAR,0.0,1,,,0.03,0
C1_n0.03_d000_r01,C1,202609,15.54,15.54,0.0,0.55975,0.5989811360123469,0.5583443064736903,FAR,FAR,0.0,1,,,0.03,0
C1_n0.03_d000_r01,C1,202609,15.56,15.56,0.0,0.5615,0.49889804142307864,0.5434827402110374,FAR,FAR,0.0,1,,,0.03,0
C1_n0.03_d000_r01,C1,202609,15.58,15.58,0.0,0.56325,0.5541420877991318,0.5461475771080609,FAR,FAR,0.0,1,,,0.03,0
C1_n0.03_d000_r01,C1,202609,15.6,15.6,0.0,0.565,0.5287680652466432,0.5418026991427065,FAR,FAR,0.0,1,,,0.03,0
C1_n0.03_d000_r01,C1,202609,15.62,15.62,0.0,0.5667499999999999,0.5576356632815838,0.5457609401774258,FAR,FAR,0.0,1,,,0.03,0
C1_n0.03_d000_r01,C1,202609,15.64,15.64,0.0,0.5685,0.5222790928763846,0.5398904783521655,FAR,FAR,0.0,1,,,0.03,0
C1_n0.03_d000_r01,C1,202609,15.66,15.66,0.0,0.5702499999999999,0.5605777022605931,0.5450622843292724,FAR,FAR,0.0,1,,,0.03,0
C1_n0.03_d000_r01,C1,202609,15.68,15.68,0.0,0.572,0.6164175954129671,0.5629011121001961,FAR,FAR,0.0,1,,,0.03,0
C1_n0.03_d000_r01,C1,202609,15.7,15.7,0.0,0.57375,0.54263003523265,0.5578333428833095,FAR,FAR,0.0,1,,,0.03,0
C1_n0.03_d000_r01,C1,202609,15.72,15.72,0.0,0.5755,0.5434981789977184,0.5542495519119117,FAR,FAR,0.0,1,,,0.03,0
C1_n0.03_d000_r01,C1,202609,15.74,15.74,0.0,0.57725,0.5950199442738827,0.5644421500024045,FAR,FAR,0.0,1,,,0.03,0
C1_n0.03_d000_r01,C1,202609,15.76,15.76,0.0,0.579,0.567660782077721,0.5652468080212336,FAR,FAR,0.0,1,,,0.03,0
C1_n0.03_d000_r01,C1,202609,15.78,15.78,0.0,0.5807499999999999,0.5261144164227222,0.5554637101216058,FAR,FAR,0.0,1,,,0.03,0
C1_n0.03_d000_r01,C1,202609,15.8,15.8,0.0,0.5825,0.5575328738857938,0.5559810010626528,FAR,FAR,0.0,1,,,0.03,0
C1_n0.03_d000_r01,C1,202609,15.82,15.82,0.0,0.5842499999999999,0.6113579019448535,0.569825226283203,FAR,FAR,0.0,1,,,0.03,0
C1_n0.03_d000_r01,C1,202609,15.84,15.84,0.0,0.586,0.6035534229158268,0.5782572754413589,FAR,FAR,0.0,1,,,0.03,0
C1_n0.03_d000_r01,C1,202609,15.86,15.86,0.0,0.58775,0.6098490596403486,0.5861552214911063,FAR,FAR,0.0,1,,,0.03,0
C1_n0.03_d000_r01,C1,202609,15.88,15.88,0.0,0.5895,0.627362626889329,0.596457072840662,FAR,FAR,0.0,1,,,0.03,0
C1_n0.03_d000_r01,C1,202609,15.9,15.9,0.0,0.59125,0.5705865999187417,0.5899894546101819,FAR,FAR,0.0,1,,,0.03,0
C1_n0.03_d000_r01,C1,202609,15.92,15.92,0.0,0.593,0.6235831508599495,0.5983878786726238,FAR,FAR,0.0,1,,,0.03,0
C1_n0.03_d000_r01,C1,202609,15.94,15.94,0.0,0.5947499999999999,0.6044942109659871,0.5999144617459646,FAR,FAR,0.0,1,,,0.03,0
C1_n0.03_d000_r01,C1,202609,15.96,15.96,0.0,0.5965,0.5839833826872833,0.5959316919812943,FAR,FAR,0.0,1,,,0.03,0
C1_n0.03_d000_r01,C1,202609,15.98,15.98,0.0,0.59825,0.5572068029713597,0.5862504697288107,FAR,FAR,0.0,1,,,0.03,0
C1_n0.03_d000_r01,C1,202609,16.0,16.0,0.0,0.6,0.6469197322756579,0.6014177853655225,FAR,FAR,0.0,1,,,0.03,0
C1_n0.03_d000_r01,C1,202609,16.02,16.02,0.0,0.6,0.5766077974895695,0.5952152883965343,FAR,FAR,0.0,1,,,0.03,0
C1_n0.03_d000_r01,C1,202609,16.04,16.04,0.0,0.6,0.6552632828227605,0.6102272870030908,FAR,FAR,0.0,1,,,0.03,0
C1_n0.03_d000_r01,C1,202609,16.06,16.06,0.0,0.6,0.5492535248698496,0.5949838464697805,FAR,FAR,0.0,1,,,0.03,0
C1_n0.03_d000_r01,C1,202609,16.08,16.08,0.0,0.6,0.604987781360146,0.5974848301923719,FAR,FAR,0.0,1,,,0.03,0
C1_n0.03_d000_r01,C1,202609,16.1,16.1,0.0,0.6,0.6070357986455862,0.5998725723056755,FAR,FAR,0.0,1,,,0.03,0
C1_n0.03_d000_r01,C1,202609,16.12,16.12,0.0,0.6,0.5903233461868401,0.5974852657759666,FAR,FAR,0.0,1,,,0.03,0
C1_n0.03_d000_r01,C1,202609,16.14,16.14,0.0,0.6,0.6508295616554554,0.6108213397458389,FAR,FAR,0.0,1,,,0.03,0
C1_n0.03_d000_r01,C1,202609,16.16,16.16,0.0,0.6,0.5214724309663458,0.5884841125509656,FAR,FAR,0.0,1,,,0.03,0
C1_n0.03_d000_r01,C1,202609,16.18,16.18,0.0,0.6,0.5878824234334372,0.5883336902715834,FAR,FAR,0.0,1,,,0.03,0
C1_n0.03_d000_r01,C1,202609,16.2,16.2,0.0,0.6,0.5872490285631717,0.5880625248444805,FAR,FAR,0.0,1,,,0.03,0
C1_n0.03_d000_r01,C1,202609,16.22,16.22,0.0,0.6,0.6058311403110811,0.5925046787111307,FAR,FAR,0.0,1,,,0.03,0
C1_n0.03_d000_r01,C1,202609,16.24,16.24,0.0,0.6,0.6238379798330725,0.6003380039916161,FAR,FAR,0.0,1,,,0.03,0
C1_n0.03_d000_r01,C1,202609,16.26,16.26,0.0,0.6,0.5818028847208877,0.595704224173934,FAR,FAR,0.0,1,,,0.03,0
C1_n0.03_d000_r01,C1,202609,16.28,16.28,0.0,0.6,0.5741196820706257,0.5903080886481069,FAR,FAR,0.0,1,,,0.03,0
C1_n0.03_d000_r01,C1,202609,16.3,16.3,0.0,0.6,0.6062540690822463,0.5942945837566418,FAR,FAR,0.0,1,,,0.03,0
C1_n0.03_d000_r01,C1,202609,16.32,16.32,0.0,0.6,0.6488736530563182,0.6079393510815609,FAR,FAR,0.0,1,,,0.03,0
C1_n0.03_d000_r01,C1,202609,16.34,16.34,0.0,0.6,0.5649493040663128,0.5971918393277489,FAR,FAR,0.0,1,,,0.03,0
C1_n0.03_d000_r01,C1,202609,16.36,16.36,0.0,0.6,0.5922730821732576,0.5959621500391261,FAR,FAR,0.0,1,,,0.03,0
C1_n0.03_d000_r01,C1,202609,16.38,16.38,0.0,0.6,0.5754870465340759,0.5908433741628636,FAR,FAR,0.0,1,,,0.03,0
C1_n0.03_d000_r01,C1,202609,16.4,16.4,0.0,0.6,0.6112155991802529,0.5959364304172109,FAR,FAR,0.0,1,,,0.03,0
C1_n0.03_d000_r01,C1,202609,16.42,16.42,0.0,0.6,0.5946532430226703,0.5956156335685758,FAR,FAR,0.0,1,,,0.03,0
C1_n0.03_d000_r01,C1,202609,16.44,16.44,0.0,0.6,0.5908720175979396,0.5944297295759168,FAR,FAR,0.0,1,,,0.03,0
C1_n0.03_d000_r01,C1,202609,16.46,16.46,0.0,0.6,0.6107686430375463,0.5985144579413242,FAR,FAR,0.0,1,,,0.03,0
C1_n0.03_d000_r01,C1,202609,16.48,16.48,0.0,0.6,0.538052887026345,0.5833990652125793,FAR,FAR,0.0,1,,,0.03,0
C1_n0.03_d000_r01,C1,202609,16.5,16.5,0.0,0.6,0.6514892868510302,0.6004216206221921,FAR,FAR,0.0,1,,,0.03,0
C1_n0.03_d000_r01,C1,202609,16.52,16.52,0.0,0.6,0.6686341024902196,0.617474741089199,FAR,FAR,0.0,1,,,0.03,0
C1_n0.03_d000_r01,C1,202609,16.54,16.54,0.0,0.6,0.5895821657927407,0.6105015972650845,FAR,FAR,0.0,1,,,0.03,0
C1_n0.03_d000_r01,C1,202609,16.56,16.56,0.0,0.6,0.5637306843611186,0.598808869039093,FAR,FAR,0.0,1,,,0.03,0
C1_n0.03_d000_r01,C1,202609,16.58,16.58,0.0,0.6,0.5670668368761768,0.590873360998364,FAR,FAR,0.0,1,,,0.03,0
C1_n0.03_d000_r01,C1,202609,16.6,16.6,0.0,0.6,0.6028280365380526,0.5938620298832862,FAR,FAR,0.0,1,,,0.03,0
C1_n0.03_d000_r01,C1,202609,16.62,16.62,0.0,0.6,0.5843600188567474,0.5914865271266515,FAR,FAR,0.0,1,,,0.03,0
C1_n0.03_d000_r01,C1,202609,16.64,16.64,0.0,0.6,0.6254774356449392,0.5999842542562235,FAR,FAR,0.0,1,,,0.03,0
C1_n0.03_d000_r01,C1,202609,16.66,16.66,0.0,0.6,0.6072258996674073,0.6017946656090194,FAR,FAR,0.0,1,,,0.03,0
C1_n0.03_d000_r01,C1,202609,16.68,16.68,0.0,0.6,0.6020097578761928,0.6018484386758127,FAR,FAR,0.0,1,,,0.03,0
C1_n0.03_d000_r01,C1,202609,16.7,16.7,0.0,0.6,0.6839831611571465,0.6223821192961462,FAR,FAR,0.0,1,,,0.03,0
C1_n0.03_d000_r01,C1,202609,16.72,16.72,0.0,0.6,0.5992625387263341,0.6166022241536931,FAR,FAR,0.0,1,,,0.03,0
C1_n0.03_d000_r01,C1,202609,16.74,16.74,0.0,0.6,0.6000550065786595,0.6124654197599347,FAR,FAR,0.0,1,,,0.03,0
C1_n0.03_d000_r01,C1,202609,16.76,16.76,0.0,0.6,0.6382912143112052,0.6189218683977524,FAR,FAR,0.0,1,,,0.03,0
C1_n0.03_d000_r01,C1,202609,16.78,16.78,0.0,0.6,0.6253299774700191,0.6205238956658191,FAR,FAR,0.0,1,,,0.03,0
C1_n0.03_d000_r01,C1,202609,16.8,16.8,0.0,0.6,0.609214684921763,0.6176965929798051,FAR,FAR,0.0,1,,,0.03,0
C1_n0.03_d000_r01,C1,202609,16.82,16.82,0.0,0.6,0.6020906985636755,0.6137951193757727,FAR,FAR,0.0,1,,,0.03,0
C1_n0.03_d000_r01,C1,202609,16.84,16.84,0.0,0.6,0.6325632848545165,0.6184871607454586,FAR,FAR,0.0,1,,,0.03,0
C1_n0.03_d000_r01,C1,202609,16.86,16.86,0.0,0.6,0.5914316062005833,0.6117232721092398,FAR,FAR,0.0,1,,,0.03,0
C1_n0.03_d000_r01,C1,202609,16.88,16.88,0.0,0.6,0.6068148018624338,0.6104961545475383,FAR,FAR,0.0,1,,,0.03,0
C1_n0.03_d000_r01,C1,202609,16.9,16.9,0.0,0.6,0.6532876128431739,0.6211940191214471,FAR,FAR,0.0,1,,,0.03,0
C1_n0.03_d000_r01,C1,202609,16.92,16.92,0.0,0.6,0.5870322798421069,0.6126535843016121,FAR,FAR,0.0,1,,,0.03,0
C1_n0.03_d000_r01,C1,202609,16.94,16.94,0.0,0.6,0.5683542906130004,0.6015787608794592,FAR,FAR,0.0,1,,,0.03,0
C1_n0.03_d000_r01,C1,202609,16.96,16.96,0.0,0.6,0.5714377379992704,0.594043505159412,FAR,FAR,0.0,1,,,0.03,0
C1_n0.03_d000_r01,C1,202609,16.98,16.98,0.0,0.6,0.5867342993421613,0.5922162037050993,FAR,FAR,0.0,1,,,0.03,0
C1_n0.03_d000_r01,C1,202609,17.0,17.0,0.0,0.6,0.612829786228591,0.5973695993359722,FAR,FAR,0.0,1,,,0.03,0
C1_n0.03_d000_r01,C1,202609,17.02,17.02,0.0,0.6,0.5680929597861628,0.5900504394485199,FAR,FAR,0.0,1,,,0.03,0
C1_n0.03_d000_r01,C1,202609,17.04,17.04,0.0,0.6,0.6290339857205787,0.5997963260165345,FAR,FAR,0.0,1,,,0.03,0
C1_n0.03_d000_r01,C1,202609,17.06,17.06,0.0,0.6,0.5728207408388603,0.5930524297221159,FAR,FAR,0.0,1,,,0.03,0
C1_n0.03_d000_r01,C1,202609,17.08,17.08,0.0,0.6,0.6002571347669137,0.5948536059833154,FAR,FAR,0.0,1,,,0.03,0
C1_n0.03_d000_r01,C1,202609,17.1,17.1,0.0,0.6,0.6164205872744128,0.6002453513060897,FAR,FAR,0.0,1,,,0.03,0
C1_n0.03_d000_r01,C1,202609,17.12,17.12,0.0,0.6,0.5922307651002703,0.5982417047546349,FAR,FAR,0.0,1,,,0.03,0
C1_n0.03_d000_r01,C1,202609,17.14,17.14,0.0,0.6,0.6259301445957912,0.605163814714924,FAR,FAR,0.0,1,,,0.03,0
C1_n0.03_d000_r01,C1,202609,17.16,17.16,0.0,0.6,0.6065282565819311,0.6055049251816758,FAR,FAR,0.0,1,,,0.03,0
C1_n0.03_d000_r01,C1,202609,17.18,17.18,0.0,0.6,0.5870568898959369,0.600892916360241,FAR,FAR,0.0,1,,,0.03,0
C1_n0.03_d000_r01,C1,202609,17.2,17.2,0.0,0.6,0.5375840638626301,0.5850657032358383,FAR,FAR,0.0,1,,,0.03,0
C1_n0.03_d000_r01,C1,202609,17.22,17.22,0.0,0.6,0.5746000169743698,0.5824492816704712,FAR,FAR,0.0,1,,,0.03,0
C1_n0.03_d000_r01,C1,202609,17.24,17.24,0.0,0.6,0.5927040658946213,0.5850129777265087,FAR,FAR,0.0,1,,,0.03,0
C1_n0.03_d000_r01,C1,202609,17.26,17.26,0.0,0.6,0.606562206652622,0.590400284958037,FAR,FAR,0.0,1,,,0.03,0
C1_n0.03_d000_r01,C1,202609,17.28,17.28,0.0,0.6,0.5484750325867349,0.5799189718652115,FAR,FAR,0.0,1,,,0.03,0
C1_n0.03_d000_r01,C1,202609,17.3,17.3,0.0,0.6,0.6177585364235609,0.5893788630047988,FAR,FAR,0.0,1,,,0.03,0
C1_n0.03_d000_r01,C1,202609,17.32,17.32,0.0,0.6,0.6074813140589808,0.5939044757683443,FAR,FAR,0.0,1,,,0.03,0
C1_n0.03_d000_r01,C1,202609,17.34,17.34,0.0,0.6,0.5326752965892453,0.5785971809735695,FAR,FAR,0.0,1,,,0.03,0
C1_n0.03_d000_r01,C1,202609,17.36,17.36,0.0,0.6,0.5735508014065317,0.57733558608181,FAR,FAR,0.0,1,,,0.03,0
C1_n0.03_d000_r01,C1,202609,17.38,17.38,0.0,0.6,0.6167922586522887,0.5871997542244297,FAR,FAR,0.0,1,,,0.03,0
C1_n0.03_d000_r01,C1,202609,17.4,17.4,0.0,0.6,0.6041791309008953,0.5914445983935461,FAR,FAR,0.0,1,,,0.03,0
C1_n0.03_d000_r01,C1,202609,17.42,17.42,0.0,0.6,0.5794131668615561,0.5884367405105486,FAR,FAR,0.0,1,,,0.03,0
C1_n0.03_d000_r01,C1,202609,17.44,17.44,0.0,0.6,0.622242557737516,0.5968881948172905,FAR,FAR,0.0,1,,,0.03,0
C1_n0.03_d000_r01,C1,202609,17.46,17.46,0.0,0.6,0.6077599607616991,0.5996061363033927,FAR,FAR,0.0,1,,,0.03,0
C1_n0.03_d000_r01,C1,202609,17.48,17.48,0.0,0.6,0.5374405818828202,0.5840647476982496,FAR,FAR,0.0,1,,,0.03,0
C1_n0.03_d000_r01,C1,202609,17.5,17.5,0.0,0.6,0.6381532771895179,0.5975868800710666,FAR,FAR,0.0,1,,,0.03,0
C1_n0.03_d000_r01,C1,202609,17.52,17.52,0.0,0.6,0.5974792380237883,0.5975599695592471,FAR,FAR,0.0,1,,,0.03,0
C1_n0.03_d000_r01,C1,202609,17.54,17.54,0.0,0.6,0.5541386322261296,0.5867046352259677,FAR,FAR,0.0,1,,,0.03,0
C1_n0.03_d000_r01,C1,202609,17.56,17.56,0.0,0.6,0.6343924805229467,0.5986265965502124,FAR,FAR,0.0,1,,,0.03,0
C1_n0.03_d000_r01,C1,202609,17.58,17.58,0.0,0.6,0.5925179792619881,0.5970994422281564,FAR,FAR,0.0,1,,,0.03,0
C1_n0.03_d000_r01,C1,202609,17.6,17.6,0.0,0.6,0.5846300111104435,0.5939820844487281,FAR,FAR,0.0,1,,,0.03,0
C1_n0.03_d000_r01,C1,202609,17.62,17.62,0.0,0.6,0.570944147564057,0.5882226002275603,FAR,FAR,0.0,1,,,0.03,0
C1_n0.03_d000_r01,C1,202609,17.64,17.64,0.0,0.6,0.6210903040382026,0.5964395261802209,FAR,FAR,0.0,1,,,0.03,0
C1_n0.03_d000_r01,C1,202609,17.66,17.66,0.0,0.6,0.612013754208551,0.6003330831873034,FAR,FAR,0.0,1,,,0.03,0
C1_n0.03_d000_r01,C1,202609,17.68,17.68,0.0,0.6,0.5596459688354001,0.5901613045993276,FAR,FAR,0.0,1,,,0.03,0
C1_n0.03_d000_r01,C1,202609,17.7,17.7,0.0,0.6,0.6178361292544235,0.5970800107631016,FAR,FAR,0.0,1,,,0.03,0
C1_n0.03_d000_r01,C1,202609,17.72,17.72,0.0,0.6,0.5901017461375371,0.5953354446067105,FAR,FAR,0.0,1,,,0.03,0
C1_n0.03_d000_r01,C1,202609,17.74,17.74,0.0,0.6,0.6031254323126563,0.5972829415331969,FAR,FAR,0.0,1,,,0.03,0
C1_n0.03_d000_r01,C1,202609,17.76,17.76,0.0,0.6,0.6272323289866446,0.6047702883965589,FAR,FAR,0.0,1,,,0.03,0
C1_n0.03_d000_r01,C1,202609,17.78,17.78,0.0,0.6,0.5619836241810582,0.5940736223426837,FAR,FAR,0.0,1,,,0.03,0
C1_n0.03_d000_r01,C1,202609,17.8,17.8,0.0,0.6,0.6772779897797455,0.6148747142019492,FAR,FAR,0.0,1,,,0.03,0
C1_n0.03_d000_r01,C1,202609,17.82,17.82,0.0,0.6,0.6680897979565927,0.62817848514061,FAR,FAR,0.0,1,,,0.03,0
C1_n0.03_d000_r01,C1,202609,17.84,17.84,0.0,0.6,0.5874109178826922,0.6179865933261306,FAR,FAR,0.0,1,,,0.03,0
C1_n0.03_d000_r01,C1,202609,17.86,17.86,0.0,0.6,0.6019673037002491,0.6139817709196602,FAR,FAR,0.0,1,,,0.03,0
C1_n0.03_d000_r01,C1,202609,17.88,17.88,0.0,0.6,0.5774296461978996,0.6048437397392201,FAR,FAR,0.0,1,,,0.03,0
C1_n0.03_d000_r01,C1,202609,17.9,17.9,0.0,0.6,0.597661270862758,0.6030481225201045,FAR,FAR,0.0,1,,,0.03,0
C1_n0.03_d000_r01,C1,202609,17.92,17.92,0.0,0.6,0.6107524130512312,0.6049741951528862,FAR,FAR,0.0,1,,,0.03,0
C1_n0.03_d000_r01,C1,202609,17.94,17.94,0.0,0.6,0.6150412426893234,0.6074909570369955,FAR,FAR,0.0,1,,,0.03,0
C1_n0.03_d000_r01,C1,202609,17.96,17.96,0.0,0.6,0.5897310444902716,0.6030509789003146,FAR,FAR,0.0,1,,,0.03,0
C1_n0.03_d000_r01,C1,202609,17.98,17.98,0.0,0.6,0.5885683431671069,0.5994303199670126,FAR,FAR,0.0,1,,,0.03,0
C1_n0.03_d000_r01,C1,202609,18.0,18.0,0.0,0.6,0.6300223109096407,0.6070783177026696,FAR,FAR,0.0,1,,,0.03,0
C1_n0.03_d000_r01,C1,202609,18.02,18.02,0.0,0.6,0.5933955310686658,0.6036576210441686,FAR,FAR,0.0,1,,,0.03,0
C1_n0.03_d000_r01,C1,202609,18.04,18.04,0.0,0.6,0.556376376424683,0.5918373098892973,FAR,FAR,0.0,1,,,0.03,0
C1_n0.03_d000_r01,C1,202609,18.06,18.06,0.0,0.6,0.5814010225074927,0.5892282380438462,FAR,FAR,0.0,1,,,0.03,0
C1_n0.03_d000_r01,C1,202609,18.08,18.08,0.0,0.6,0.5856306502329904,0.5883288410911323,FAR,FAR,0.0,1,,,0.03,0
C1_n0.03_d000_r01,C1,202609,18.1,18.1,0.0,0.6,0.5994265592828253,0.5911032706390555,FAR,FAR,0.0,1,,,0.03,0
C1_n0.03_d000_r01,C1,202609,18.12,18.12,0.0,0.6,0.6188937699952818,0.5980508954781121,FAR,FAR,0.0,1,,,0.03,0
C1_n0.03_d000_r01,C1,202609,18.14,18.14,0.0,0.6,0.6611923826990533,0.6138362672833474,FAR,FAR,0.0,1,,,0.03,0
C1_n0.03_d000_r01,C1,202609,18.16,18.16,0.0,0.6,0.6292176360293238,0.6176816094698414,FAR,FAR,0.0,1,,,0.03,0
C1_n0.03_d000_r01,C1,202609,18.18,18.18,0.0,0.6,0.6022122368226136,0.6138142663080345,FAR,FAR,0.0,1,,,0.03,0
C1_n0.03_d000_r01,C1,202609,18.2,18.2,0.0,0.6,0.575977807253533,0.6043551515444091,FAR,FAR,0.0,1,,,0.03,0
C1_n0.03_d000_r01,C1,202609,18.22,18.22,0.0,0.6,0.6370192263216508,0.6125211702387195,FAR,FAR,0.0,1,,,0.03,0
C1_n0.03_d000_r01,C1,202609,18.24,18.24,0.0,0.6,0.6314400853418579,0.6172508990145041,FAR,FAR,0.0,1,,,0.03,0
C1_n0.03_d000_r01,C1,202609,18.26,18.26,0.0,0.6,0.6318988866173753,0.6209128959152219,FAR,FAR,0.0,1,,,0.03,0
C1_n0.03_d000_r01,C1,202609,18.28,18.28,0.0,0.6,0.5457621360464163,0.6021252059480205,FAR,FAR,0.0,1,,,0.03,0
C1_n0.03_d000_r01,C1,202609,18.3,18.3,0.0,0.6,0.5749570244038096,0.5953331605619678,FAR,FAR,0.0,1,,,0.03,0
C1_n0.03_d000_r01,C1,202609,18.32,18.32,0.0,0.6,0.5929121493588698,0.5947279077611933,FAR,FAR,0.0,1,,,0.03,0
C1_n0.03_d000_r01,C1,202609,18.34,18.34,0.0,0.6,0.6504384763109403,0.6086555498986301,FAR,FAR,0.0,1,,,0.03,0
C1_n0.03_d000_r01,C1,202609,18.36,18.36,0.0,0.6,0.5833402143531281,0.6023267160122546,FAR,FAR,0.0,1,,,0.03,0
C1_n0.03_d000_r01,C1,202609,18.38,18.38,0.0,0.6,0.6284222959662203,0.6088506110007461,FAR,FAR,0.0,1,,,0.03,0
C1_n0.03_d000_r01,C1,202609,18.4,18.4,0.0,0.6,0.6084058573370894,0.6087394225848319,FAR,FAR,0.0,1,,,0.03,0
C1_n0.03_d000_r01,C1,202609,18.42,18.42,0.0,0.6,0.6071735587790088,0.6083479566333762,FAR,FAR,0.0,1,,,0.03,0
C1_n0.03_d000_r01,C1,202609,18.44,18.44,0.0,0.6,0.602138598569954,0.6067956171175206,FAR,FAR,0.0,1,,,0.03,0
C1_n0.03_d000_r01,C1,202609,18.46,18.46,0.0,0.6,0.6321062729072022,0.613123281064941,FAR,FAR,0.0,1,,,0.03,0
C1_n0.03_d000_r01,C1,202609,18.48,18.48,0.0,0.6,0.580917440790619,0.6050718209963605,FAR,FAR,0.0,1,,,0.03,0
C1_n0.03_d000_r01,C1,202609,18.5,18.5,0.0,0.6,0.583334314093842,0.5996374442707308,FAR,FAR,0.0,1,,,0.03,0
C1_n0.03_d000_r01,C1,202609,18.52,18.52,0.0,0.6,0.6554991815337193,0.613602878586478,FAR,FAR,0.0,1,,,0.03,0
C1_n0.03_d000_r01,C1,202609,18.54,18.54,0.0,0.6,0.6131419360974496,0.6134876429642209,FAR,FAR,0.0,1,,,0.03,0
C1_n0.03_d000_r01,C1,202609,18.56,18.56,0.0,0.6,0.5761344218037542,0.6041493376741042,FAR,FAR,0.0,1,,,0.03,0
C1_n0.03_d000_r01,C1,202609,18.58,18.58,0.0,0.6,0.6110988524535523,0.6058867163689662,FAR,FAR,0.0,1,,,0.03,0
C1_n0.03_d000_r01,C1,202609,18.6,18.6,0.0,0.6,0.6052012701777136,0.605715354821153,FAR,FAR,0.0,1,,,0.03,0
C1_n0.03_d000_r01,C1,202609,18.62,18.62,0.0,0.6,0.6319573292756177,0.6122758484347692,FAR,FAR,0.0,1,,,0.03,0
C1_n0.03_d000_r01,C1,202609,18.64,18.64,0.0,0.6,0.5647899464395829,0.6004043729359727,FAR,FAR,0.0,1,,,0.03,0
C1_n0.03_d000_r01,C1,202609,18.66,18.66,0.0,0.6,0.5914640967967405,0.5981693039011646,FAR,FAR,0.0,1,,,0.03,0
C1_n0.03_d000_r01,C1,202609,18.68,18.68,0.0,0.6,0.5700458963900277,0.5911384520233804,FAR,FAR,0.0,1,,,0.03,0
C1_n0.03_d000_r01,C1,202609,18.7,18.7,0.0,0.6,0.6265049941991463,0.5999800875673219,FAR,FAR,0.0,1,,,0.03,0
C1_n0.03_d000_r01,C1,202609,18.72,18.72,0.0,0.6,0.5733557985800246,0.5933240153204976,FAR,FAR,0.0,1,,,0.03,0
C1_n0.03_d000_r01,C1,202609,18.74,18.74,0.0,0.6,0.5863407349447453,0.5915781952265595,FAR,FAR,0.0,1,,,0.03,0
C1_n0.03_d000_r01,C1,202609,18.76,18.76,0.0,0.6,0.6159425644592095,0.597669287534722,FAR,FAR,0.0,1,,,0.03,0
C1_n0.03_d000_r01,C1,202609,18.78,18.78,0.0,0.6,0.5528325719582156,0.5864601086405954,FAR,FAR,0.0,1,,,0.03,0
C1_n0.03_d000_r01,C1,202609,18.8,18.8,0.0,0.6,0.5506803369136696,0.577515165708864,FAR,FAR,0.0,1,,,0.03,0
C1_n0.03_d000_r01,C1,202609,18.82,18.82,0.0,0.6,0.5623999280925509,0.5737363563047857,FAR,FAR,0.0,1,,,0.03,0
C1_n0.03_d000_r01,C1,202609,18.84,18.84,0.0,0.6,0.5379426092338891,0.5647879195370615,FAR,FAR,0.0,1,,,0.03,0
C1_n0.03_d000_r01,C1,202609,18.86,18.86,0.0,0.6,0.562456138485095,0.5642049742740699,FAR,FAR,0.0,1,,,0.03,0
C1_n0.03_d000_r01,C1,202609,18.88,18.88,0.0,0.6,0.6339771152362216,0.5816480095146078,FAR,FAR,0.0,1,,,0.03,0
C1_n0.03_d000_r01,C1,202609,18.9,18.9,0.0,0.6,0.6033198481626644,0.587065969176622,FAR,FAR,0.0,1,,,0.03,0
C1_n0.03_d000_r01,C1,202609,18.92,18.92,0.0,0.6,0.5687410920074878,0.5824847498843384,FAR,FAR,0.0,1,,,0.03,0
C1_n0.03_d000_r01,C1,202609,18.94,18.94,0.0,0.6,0.5900165480813329,0.584367699433587,FAR,FAR,0.0,1,,,0.03,0
C1_n0.03_d000_r01,C1,202609,18.96,18.96,0.0,0.6,0.6000404393697035,0.5882858844176162,FAR,FAR,0.0,1,,,0.03,0
C1_n0.03_d000_r01,C1,202609,18.98,18.98,0.0,0.6,0.573618132984658,0.5846189465593766,FAR,FAR,0.0,1,,,0.03,0
C1_n0.03_d000_r01,C1,202609,19.0,19.0,0.0,0.6,0.6021100131096795,0.5889917131969524,FAR,FAR,0.0,1,,,0.03,0
C1_n0.03_d000_r01,C1,202609,19.02,19.02,0.0,0.6,0.562391963188491,0.582341775694837,FAR,FAR,0.0,1,,,0.03,0
C1_n0.03_d000_r01,C1,202609,19.04,19.04,0.0,0.6,0.5765124655231393,0.5808844481519126,FAR,FAR,0.0,1,,,0.03,0
C1_n0.03_d000_r01,C1,202609,19.06,19.06,0.0,0.6,0.6046507161908591,0.5868260151616492,FAR,FAR,0.0,1,,,0.03,0
C1_n0.03_d000_r01,C1,202609,19.08,19.08,0.0,0.6,0.5514977449127599,0.5779939475994269,FAR,FAR,0.0,1,,,0.03,0
C1_n0.03_d000_r01,C1,202609,19.1,19.1,0.0,0.6,0.5630175826944018,0.5742498563731706,FAR,FAR,0.0,1,,,0.03,0
C1_n0.03_d000_r01,C1,202609,19.12,19.12,0.0,0.6,0.60320403059845,0.5814883999294904,FAR,FAR,0.0,1,,,0.03,0
C1_n0.03_d000_r01,C1,202609,19.14,19.14,0.0,0.6,0.5840619446629102,0.5821317861128453,FAR,FAR,0.0,1,,,0.03,0
C1_n0.03_d000_r01,C1,202609,19.16,19.16,0.0,0.6,0.5753392133167246,0.580433642913815,FAR,FAR,0.0,1,,,0.03,0
C1_n0.03_d000_r01,C1,202609,19.18,19.18,0.0,0.6,0.6139616696067258,0.5888156495870427,FAR,FAR,0.0,1,,,0.03,0
C1_n0.03_d000_r01,C1,202609,19.2,19.2,0.0,0.6,0.6023529804272787,0.5921999822971017,FAR,FAR,0.0,1,,,0.03,0
C1_n0.03_d000_r01,C1,202609,19.22,19.22,0.0,0.6,0.5435218418172124,0.5800304471771294,FAR,FAR,0.0,1,,,0.03,0
C1_n0.03_d000_r01,C1,202609,19.24,19.24,0.0,0.6,0.6171094085204181,0.5893001875129515,FAR,FAR,0.0,1,,,0.03,0
C1_n0.03_d000_r01,C1,202609,19.26,19.26,0.0,0.6,0.6306313911919964,0.5996329884327127,FAR,FAR,0.0,1,,,0.03,0
C1_n0.03_d000_r01,C1,202609,19.28,19.28,0.0,0.6,0.6557227039584186,0.6136554173141392,FAR,FAR,0.0,1,,,0.03,0
C1_n0.03_d000_r01,C1,202609,19.3,19.3,0.0,0.6,0.5826511044607028,0.6059043391007801,FAR,FAR,0.0,1,,,0.03,0
C1_n0.03_d000_r01,C1,202609,19.32,19.32,0.0,0.6,0.5517498128478608,0.5923657075375504,FAR,FAR,0.0,1,,,0.03,0
C1_n0.03_d000_r01,C1,202609,19.34,19.34,0.0,0.6,0.591438094786209,0.5921338043497151,FAR,FAR,0.0,1,,,0.03,0
C1_n0.03_d000_r01,C1,202609,19.36,19.36,0.0,0.6,0.5897633750188597,0.5915411970170013,FAR,FAR,0.0,1,,,0.03,0
C1_n0.03_d000_r01,C1,202609,19.38,19.38,0.0,0.6,0.600420967644559,0.5937611396738907,FAR,FAR,0.0,1,,,0.03,0
C1_n0.03_d000_r01,C1,202609,19.4,19.4,0.0,0.6,0.6059170536690985,0.5968001181726926,FAR,FAR,0.0,1,,,0.03,0
C1_n0.03_d000_r01,C1,202609,19.42,19.42,0.0,0.6,0.5778978715369372,0.5920745565137537,FAR,FAR,0.0,1,,,0.03,0
C1_n0.03_d000_r01,C1,202609,19.44,19.44,0.0,0.6,0.6143662828747791,0.5976474881040101,FAR,FAR,0.0,1,,,0.03,0
C1_n0.03_d000_r01,C1,202609,19.46,19.46,0.0,0.6,0.5776429929411667,0.5926463643132993,FAR,FAR,0.0,1,,,0.03,0
C1_n0.03_d000_r01,C1,202609,19.48,19.48,0.0,0.6,0.6053688434766145,0.5958269841041282,FAR,FAR,0.0,1,,,0.03,0
C1_n0.03_d000_r01,C1,202609,19.5,19.5,0.0,0.6,0.6088059670057464,0.5990717298295327,FAR,FAR,0.0,1,,,0.03,0
C1_n0.03_d000_r01,C1,202609,19.52,19.52,0.0,0.6,0.6382713744356779,0.608871640981069,FAR,FAR,0.0,1,,,0.03,0
C1_n0.03_d000_r01,C1,202609,19.54,19.54,0.0,0.6,0.6344241690431582,0.6152597729965914,FAR,FAR,0.0,1,,,0.03,0
C1_n0.03_d000_r01,C1,202609,19.56,19.56,0.0,0.6,0.6582980874046238,0.6260193515985994,FAR,FAR,0.0,1,,,0.03,0
C1_n0.03_d000_r01,C1,202609,19.58,19.58,0.0,0.6,0.6427545994765373,0.6302031635680839,FAR,FAR,0.0,1,,,0.03,0
C1_n0.03_d000_r01,C1,202609,19.6,19.6,0.0,0.6,0.5827504237832215,0.6183399786218684,FAR,FAR,0.0,1,,,0.03,0
C1_n0.03_d000_r01,C1,202609,19.62,19.62,0.0,0.6,0.58532903162287,0.6100872418721188,FAR,FAR,0.0,1,,,0.03,0
C1_n0.03_d000_r01,C1,202609,19.64,19.64,0.0,0.6,0.5901081452302104,0.6050924677116417,FAR,FAR,0.0,1,,,0.03,0
C1_n0.03_d000_r01,C1,202609,19.66,19.66,0.0,0.6,0.5645806671367981,0.5949645175679308,FAR,FAR,0.0,1,,,0.03,0
C1_n0.03_d000_r01,C1,202609,19.68,19.68,0.0,0.6,0.5697253618886666,0.5886547286481147,FAR,FAR,0.0,1,,,0.03,0
C1_n0.03_d000_r01,C1,202609,19.7,19.7,0.0,0.6,0.6058073049694512,0.5929428727284489,FAR,FAR,0.0,1,,,0.03,0
C1_n0.03_d000_r01,C1,202609,19.72,19.72,0.0,0.6,0.6337534018680411,0.603145505013347,FAR,FAR,0.0,1,,,0.03,0
C1_n0.03_d000_r01,C1,202609,19.74,19.74,0.0,0.6,0.6197889273786111,0.607306360604663,FAR,FAR,0.0,1,,,0.03,0
C1_n0.03_d000_r01,C1,202609,19.76,19.76,0.0,0.6,0.5942686134569723,0.6040469238177404,FAR,FAR,0.0,1,,,0.03,0
C1_n0.03_d000_r01,C1,202609,19.78,19.78,0.0,0.6,0.585787500739251,0.5994820680481181,FAR,FAR,0.0,1,,,0.03,0
C1_n0.03_d000_r01,C1,202609,19.8,19.8,0.0,0.6,0.6189543463979579,0.604350137635578,FAR,FAR,0.0,1,,,0.03,0
C1_n0.03_d000_r01,C1,202609,19.82,19.82,0.0,0.6,0.6124526958381846,0.6063757771862297,FAR,FAR,0.0,1,,,0.03,0
C1_n0.03_d000_r01,C1,202609,19.84,19.84,0.0,0.6,0.5858760347504433,0.601250841577283,FAR,FAR,0.0,1,,,0.03,0
C1_n0.03_d000_r01,C1,202609,19.86,19.86,0.0,0.6,0.6175754298732291,0.6053319886512696,FAR,FAR,0.0,1,,,0.03,0
C1_n0.03_d000_r01,C1,202609,19.88,19.88,0.0,0.6,0.6175354666213229,0.6083828581437829,FAR,FAR,0.0,1,,,0.03,0
C1_n0.03_d000_r01,C1,202609,19.9,19.9,0.0,0.6,0.6499220887908425,0.6187676658055478,FAR,FAR,0.0,1,,,0.03,0
C1_n0.03_d000_r01,C1,202609,19.92,19.92,0.0,0.6,0.5774899685032984,0.6084482414799854,FAR,FAR,0.0,1,,,0.03,0
C1_n0.03_d000_r01,C1,202609,19.94,19.94,0.0,0.6,0.5864972901421324,0.6029605036455221,FAR,FAR,0.0,1,,,0.03,0
C1_n0.03_d000_r01,C1,202609,19.96,19.96,0.0,0.6,0.6599214363161645,0.6172007368131827,FAR,FAR,0.0,1,,,0.03,0
C1_n0.03_d000_r01,C1,202609,19.98,19.98,0.0,0.6,0.5836146707250905,0.6088042202911597,FAR,FAR,0.0,1,,,0.03,0
C1_n0.03_d000_r01,C1,202609,20.0,20.0,0.0,0.6,0.6017664803358641,0.6070447853023357,FAR,FAR,0.0,1,,,0.03,0
