trial_id,condition,seed,time_s,sensor_time_s,sample_age_s,true_distance_m,raw_distance_m,filtered_distance_m,expected_state,state,command,valid,event_label,invalid_reason,noise_sigma_m,delay_ms
C1_n0.03_d000_r02,C1,202610,0.0,0.0,0.0,0.6,0.5998465138043828,0.5998465138043828,FAR,FAR,0.0,1,,,0.03,0
C1_n0.03_d000_r02,C1,202610,0.02,0.02,0.0,0.6,0.6129817542592939,0.6031303239181105,FAR,FAR,0.0,1,,,0.03,0
C1_n0.03_d000_r02,C1,202610,0.04,0.04,0.0,0.6,0.6078668817627302,0.6043144633792654,FAR,FAR,0.0,1,,,0.03,0
C1_n0.03_d000_r02,C1,202610,0.06,0.06,0.0,0.6,0.6001927475736956,0.6032840344278729,FAR,FAR,0.0,1,,,0.03,0
C1_n0.03_d000_r02,C1,202610,0.08,0.08,0.0,0.6,0.578667429808785,0.5971298832731009,FAR,FAR,0.0,1,,,0.03,0
C1_n0.03_d000_r02,C1,202610,0.1,0.1,0.0,0.6,0.5862696005540345,0.5944148125933343,FAR,FAR,0.0,1,,,0.03,0
C1_n0.03_d000_r02,C1,202610,0.12,0.12,0.0,0.6,0.6080788667444874,0.5978308261311225,FAR,FAR,0.0,1,,,0.03,0
C1_n0.03_d000_r02,C1,202610,0.14,0.14,0.0,0.6,0.6340371726783425,0.6068824127679275,FAR,FAR,0.0,1,,,0.03,0
C1_n0.03_d000_r02,C1,202610,0.16,0.16,0.0,0.6,0.6093891237828031,0.6075090905216465,FAR,FAR,0.0,1,,,0.03,0
C1_n0.03_d000_r02,C1,202610,0.18,0.18,0.0,0.6,0.6101782771392152,0.6081763871760386,FAR,FAR,0.0,1,,,0.03,0
C1_n0.03_d000_r02,C1,202610,0.2,0.2,0.0,0.6,0.6528476246183784,0.6193441965366235,FAR,FAR,0.0,1,,,0.03,0
C1_n0.03_d000_r02,C1,202610,0.22,0.22,0.0,0.6,0.6233828142274787,0.6203538509593374,FAR,FAR,0.0,1,,,0.03,0
C1_n0.03_d000_r02,C1,202610,0.24,0.24,0.0,0.6,0.5951396644082949,0.6140503043215768,FAR,FAR,0.0,1,,,0.03,0
C1_n0.03_d000_r02,C1,202610,0.26,0.26,0.0,0.6,0.6153035931085798,0.6143636265183275,FAR,FAR,0.0,1,,,0.03,0
C1_n0.03_d000_r02,C1,202610,0.28,0.28,0.0,0.6,0.5977004783151105,0.6101978394675234,FAR,FAR,0.0,1,,,0.03,0
C1_n0.03_d000_r02,C1,202610,0.3,0.3,0.0,0.6,0.601695159873378,0.608072169568987,FAR,FAR,0.0,1,,,0.03,0
C1_n0.03_d000_r02,C1,202610,0.32,0.32,0.0,0.6,0.6318628115959731,0.6140198300757336,FAR,FAR,0.0,1,,,0.03,0
C1_n0.03_d000_r02,C1,202610,0.34,0.34,0.0,0.6,0.5916219411012343,0.6084203578321088,FAR,FAR,0.0,1,,,0.03,0
C1_n0.03_d000_r02,C1,202610,0.36,0.36,0.0,0.6,0.5769890803683739,0.600562538466175,FAR,FAR,0.0,1,,,0.03,0
C1_n0.03_d000_r02,C1,202610,0.38,0.38,0.0,0.6,0.6310884635687759,0.6081940197418252,FAR,FAR,0.0,1,,,0.03,0
C1_n0.03_d000_r02,C1,202610,0.4,0.4,0.0,0.6,0.6060916266454552,0.6076684214677327,FAR,FAR,0.0,1,,,0.03,0
C1_n0.03_d000_r02,C1,202610,0.42,0.42,0.0,0.6,0.5912170388862283,0.6035555758223566,FAR,FAR,0.0,1,,,0.03,0
C1_n0.03_d000_r02,C1,202610,0.44,0.44,0.0,0.6,0.6122725193454498,0.6057348117031299,FAR,FAR,0.0,1,,,0.03,0
C1_n0.03_d000_r02,C1,202610,0.46,0.46,0.0,0.6,0.5295595011530962,0.5866909840656215,FAR,FAR,0.0,1,,,0.03,0
C1_n0.03_d000_r02,C1,202610,0.48,0.48,0.0,0.6,0.600857673996957,0.5902326565484554,FAR,FAR,0.0,1,,,0.03,0
C1_n0.03_d000_r02,C1,202610,0.5,0.5,0.0,0.6,0.612590510079389,0.5958221199311887,FAR,FAR,0.0,1,,,0.03,0
C1_n0.03_d000_r02,C1,202610,0.52,0.52,0.0,0.6,0.6155081464376795,0.6007436265578114,FAR,FAR,0.0,1,,,0.03,0
C1_n0.03_d000_r02,C1,202610,0.54,0.54,0.0,0.6,0.5758291125109952,0.5945149980461074,FAR,FAR,0.0,1,,,0.03,0
C1_n0.03_d000_r02,C1,202610,0.56,0.56,0.0,0.6,0.6361941255712326,0.6049347799273888,FAR,FAR,0.0,1,,,0.03,0
C1_n0.03_d000_r02,C1,202610,0.58,0.58,0.0,0.6,0.59732161044962,0.6030314875579466,FAR,FAR,0.0,1,,,0.03,0
C1_n0.03_d000_r02,C1,202610,0.6,0.6,0.0,0.6,0.6396923116910681,0.612196693591227,FAR,FAR,0.0,1,,,0.03,0
C1_n0.03_d000_r02,C1,202610,0.62,0.62,0.0,0.6,0.641136481721395,0.619431640623769,FAR,FAR,0.0,1,,,0.03,0
C1_n0.03_d000_r02,C1,202610,0.64,0.64,0.0,0.6,0.6213578287200807,0.619913187647847,FAR,FAR,0.0,1,,,0.03,0
C1_n0.03_d000_r02,C1,202610,0.66,0.66,0.0,0.6,0.5707456632318675,0.607621306543852,FAR,FAR,0.0,1,,,0.03,0
C1_n0.03_d000_r02,C1,202610,0.68,0.68,0.0,0.6,0.5936702243595788,0.6041335359977837,FAR,FAR,0.0,1,,,0.03,0
C1_n0.03_d000_r02,C1,202610,0.7,0.7,0.0,0.6,0.5957389062609949,0.6020348785635865,FAR,FAR,0.0,1,,,0.03,0
C1_n0.03_d000_r02,C1,202610,0.72,0.72,0.0,0.6,0.6285710841431684,0.608668929958482,FAR,FAR,0.0,1,,,0.03,0
C1_n0.03_d000_r02,C1,202610,0.74,0.74,0.0,0.6,0.639445007056375,0.6163629492329552,FAR,FAR,0.0,1,,,0.03,0
C1_n0.03_d000_r02,C1,202610,0.76,0.76,0.0,0.6,0.6061679952878272,0.6138142107466732,FAR,FAR,0.0,1,,,0.03,0
C1_n0.03_d000_r02,C1,202610,0.78,0.78,0.0,0.6,0.6235359350064684,0.6162446418116221,FAR,FAR,0.0,1,,,0.03,0
C1_n0.03_d000_r02,C1,202610,0.8,0.8,0.0,0.6,0.5823346150568877,0.6077671351229385,FAR,FAR,0.0,1,,,0.03,0
C1_n0.03_d000_r02,C1,202610,0.82,0.82,0.0,0.6,0.573742822912917,0.5992610570704331,FAR,FAR,0.0,1,,,0.03,0
C1_n0.03_d000_r02,C1,202610,0.84,0.84,0.0,0.6,0.5712891696063256,0.5922680852044062,FAR,FAR,0.0,1,,,0.03,0
C1_n0.03_d000_r02,C1,202610,0.86,0.86,0.0,0.6,0.5818906423864315,0.5896737244999125,FAR,FAR,0.0,1,,,0.03,0
C1_n0.03_d000_r02,C1,202610,0.88,0.88,0.0,0.6,0.5862039374652324,0.5888062777412425,FAR,FAR,0.0,1,,,0.03,0
C1_n0.03_d000_r02,C1,202610,0.9,0.9,0.0,0.6,0.6247686593462697,0.5977968731424993,FAR,FAR,0.0,1,,,0.03,0
C1_n0.03_d000_r02,C1,202610,0.92,0.92,0.0,0.6,0.5817425723823058,0.5937832979524509,FAR,FAR,0.0,1,,,0.03,0
C1_n0.03_d000_r02,C1,202610,0.94,0.94,0.0,0.6,0.6032515532608034,0.596150361779539,FAR,FAR,0.0,1,,,0.03,0
C1_n0.03_d000_r02,C1,202610,0.96,0.96,0.0,0.6,0.5556835182829781,0.5860336509053987,FAR,FAR,0.0,1,,,0.03,0
C1_n0.03_d000_r02,C1,202610,0.98,0.98,0.0,0.6,0.6328941453264303,0.5977487745106567,FAR,FAR,0.0,1,,,0.03,0
C1_n0.03_d000_r02,C1,202610,1.0,1.0,0.0,0.6,0.5800693861180274,0.5933289274124993,FAR,FAR,0.0,1,,,0.03,0
C1_n0.03_d000_r02,C1,202610,1.02,1.02,0.0,0.6,0.5720192712719768,0.5880015133773687,FAR,FAR,0.0,1,,,0.03,0
C1_n0.03_d000_r02,C1,202610,1.04,1.04,0.0,0.6,0.5417542850840581,0.5764397063040411,FAR,FAR,0.0,1,,,0.03,0
C1_n0.03_d000_r02,C1,202610,1.06,1.06,0.0,0.6,0.5726240643112438,0.5754857958058417,FAR,FAR,0.0,1,,,0.03,0
C1_n0.03_d000_r02,C1,202610,1.08,1.08,0.0,0.6,0.5711887100909429,0.574411524377117,FAR,FAR,0.0,1,,,0.03,0
C1_n0.03_d000_r02,C1,202610,1.1,1.1,0.0,0.6,0.6241952177296645,0.5868574477152538,FAR,FAR,0.0,1,,,0.03,0
C1_n0.03_d000_r02,C1,202610,1.12,1.12,0.0,0.6,0.5436030925438408,0.5760438589224005,FAR,FAR,0.0,1,,,0.03,0
C1_n0.03_d000_r02,C1,202610,1.14,1.14,0.0,0.6,0.5857386396328945,0.5784675541000239,FAR,FAR,0.0,1,,,0.03,0
C1_n0.03_d000_r02,C1,202610,1.16,1.16,0.0,0.6,0.6039155687549368,0.5848295577637521,FAR,FAR,0.0,1,,,0.03,0
C1_n0.03_d000_r02,C1,202610,1.18,1.18,0.0,0.6,0.5601673619367649,0.5786640088070053,FAR,FAR,0.0,1,,,0.03,0
C1_n0.03_d000_r02,C1,202610,1.2,1.2,0.0,0.6,0.6345840485069104,0.5926440187319816,FAR,FAR,0.0,1,,,0.03,0
C1_n0.03_d000_r02,C1,202610,1.22,1.22,0.0,0.6,0.6416126738777088,0.6048861825184133,FAR,FAR,0.0,1,,,0.03,0
C1_n0.03_d000_r02,C1,202610,1.24,1.24,0.0,0.6,0.581977514237811,0.5991590154482627,FAR,FAR,0.0,1,,,0.03,0
C1_n0.03_d000_r02,C1,202610,1.26,1.26,0.0,0.6,0.6009548818003662,0.5996079820362885,FAR,FAR,0.0,1,,,0.03,0
C1_n0.03_d000_r02,C1,202610,1.28,1.28,0.0,0.6,0.6033188464154957,0.6005356981310903,FAR,FAR,0.0,1,,,0.03,0
C1_n0.03_d000_r02,C1,202610,1.3,1.3,0.0,0.6,0.5724127350958104,0.5935049573722704,FAR,FAR,0.0,1,,,0.03,0
C1_n0.03_d000_r02,C1,202610,1.32,1.32,0.0,0.6,0.5958834953218516,0.5940995918596657,FAR,FAR,0.0,1,,,0.03,0
C1_n0.03_d000_r02,C1,202610,1.34,1.34,0.0,0.6,0.6255445074082044,0.6019608207468004,FAR,FAR,0.0,1,,,0.03,0
C1_n0.03_d000_r02,C1,202610,1.36,1.36,0.0,0.6,0.6306067522498494,0.6091223036225626,FAR,FAR,0.0,1,,,0.03,0
C1_n0.03_d000_r02,C1,202610,1.38,1.38,0.0,0.6,0.5598936862594944,0.5968151492817956,FAR,FAR,0.0,1,,,0.03,0
C1_n0.03_d000_r02,C1,202610,1.4,1.4,0.0,0.6,0.5830106628559661,0.5933640276753382,FAR,FAR,0.0,1,,,0.03,0
C1_n0.03_d000_r02,C1,202610,1.42,1.42,0.0,0.6,0.6062003917427617,0.5965731186921941,FAR,FAR,0.0,1,,,0.03,0
C1_n0.03_d000_r02,C1,202610,1.44,1.44,0.0,0.6,0.5591160642885048,0.5872088550912717,FAR,FAR,0.0,1,,,0.03,0
C1_n0.03_d000_r02,C1,202610,1.46,1.46,0.0,0.6,0.6384179053083919,0.6000111176455518,FAR,FAR,0.0,1,,,0.03,0
C1_n0.03_d000_r02,C1,202610,1.48,1.48,0.0,0.6,0.6665480382569363,0.616645347798398,FAR,FAR,0.0,1,,,0.03,0
C1_n0.03_d000_r02,C1,202610,1.5,1.5,0.0,0.6,0.5727481712892949,0.6056710536711222,FAR,FAR,0.0,1,,,0.03,0
C1_n0.03_d000_r02,C1,202610,1.52,1.52,0.0,0.6,0.6323996442481566,0.6123532013153807,FAR,FAR,0.0,1,,,0.03,0
C1_n0.03_d000_r02,C1,202610,1.54,1.54,0.0,0.6,0.6252122722221166,0.6155679690420647,FAR,FAR,0.0,1,,,0.03,0
C1_n0.03_d000_r02,C1,202610,1.56,1.56,0.0,0.6,0.599338378619783,0.6115105714364942,FAR,FAR,0.0,1,,,0.03,0
C1_n0.03_d000_r02,C1,202610,1.58,1.58,0.0,0.6,0.5922062080622398,0.6066844805929307,FAR,FAR,0.0,1,,,0.03,0
C1_n0.03_d000_r02,C1,202610,1.6,1.6,0.0,0.6,0.5691256603692428,0.5972947755370087,FAR,FAR,0.0,1,,,0.03,0
C1_n0.03_d000_r02,C1,202610,1.62,1.62,0.0,0.6,0.5726108518035218,0.591123794603637,FAR,FAR,0.0,1,,,0.03,0
C1_n0.03_d000_r02,C1,202610,1.64,1.64,0.0,0.6,0.590207674876664,0.5908947646718937,FAR,FAR,0.0,1,,,0.03,0
C1_n0.03_d000_r02,C1,202610,1.66,1.66,0.0,0.6,0.5629568799558501,0.5839102934928828,FAR,FAR,0.0,1,,,0.03,0
C1_n0.03_d000_r02,C1,202610,1.68,1.68,0.0,0.6,0.5795308896509056,0.5828154425323885,FAR,FAR,0.0,1,,,0.03,0
C1_n0.03_d000_r02,C1,202610,1.7,1.7,0.0,0.6,0.5871602893855128,0.5839016542456695,FAR,FAR,0.0,1,,,0.03,0
C1_n0.03_d000_r02,C1,202610,1.72,1.72,0.0,0.6,0.6004398983128806,0.5880362152624723,FAR,FAR,0.0,1,,,0.03,0
C1_n0.03_d000_r02,C1,202610,1.74,1.74,0.0,0.6,0.6086036360607058,0.5931780704620306,FAR,FAR,0.0,1,,,0.03,0
C1_n0.03_d000_r02,C1,202610,1.76,1.76,0.0,0.6,0.5997389235991869,0.5948182837463197,FAR,FAR,0.0,1,,,0.03,0
C1_n0.03_d000_r02,C1,202610,1.78,1.78,0.0,0.6,0.5984578531366261,0.5957281760938963,FAR,FAR,0.0,1,,,0.03,0
C1_n0.03_d000_r02,C1,202610,1.8,1.8,0.0,0.6,0.594734445891494,0.5954797435432957,FAR,FAR,0.0,1,,,0.03,0
C1_n0.03_d000_r02,C1,202610,1.82,1.82,0.0,0.6,0.6122136537826176,0.5996632211031262,FAR,FAR,0.0,1,,,0.03,0
C1_n0.03_d000_r02,C1,202610,1.84,1.84,0.0,0.6,0.609902046441057,0.602222927437609,FAR,FAR,0.0,1,,,0.03,0
C1_n0.03_d000_r02,C1,202610,1.86,1.86,0.0,0.6,0.5653107833245982,0.5929948914093562,FAR,FAR,0.0,1,,,0.03,0
C1_n0.03_d000_r02,C1,202610,1.88,1.88,0.0,0.6,0.5685669441285188,0.5868879045891469,FAR,FAR,0.0,1,,,0.03,0
C1_n0.03_d000_r02,C1,202610,1.9,1.9,0.0,0.6,0.653902100667981,0.6036414536088555,FAR,FAR,0.0,1,,,0.03,0
C1_n0.03_d000_r02,C1,202610,1.92,1.92,0.0,0.6,0.619450326502359,0.6075936718322313,FAR,FAR,0.0,1,,,0.03,0
C1_n0.03_d000_r02,C1,202610,1.94,1.94,0.0,0.6,0.6116324411419948,0.6086033641596722,FAR,FAR,0.0,1,,,0.03,0
C1_n0.03_d000_r02,C1,202610,1.96,1.96,0.0,0.6,0.6045226557683658,0.6075831870618456,FAR,FAR,0.0,1,,,0.03,0
C1_n0.03_d000_r02,C1,202610,1.98,1.98,0.0,0.6,0.5614650718813843,0.5960536582667302,FAR,FAR,0.0,1,,,0.03,0
C1_n0.03_d000_r02,C1,202610,2.0,2.0,0.0,0.6,0.6306833196422219,0.6047110736106032,FAR,FAR,0.0,1,,,0.03,0
C1_n0.03_d000_r02,C1,202610,2.02,2.02,0.0,0.6,0.5974845760370718,0.6029044492172203,FAR,FAR,0.0,1,,,0.03,0
C1_n0.03_d000_r02,C1,202610,2.04,2.04,0.0,0.6,0.5930039180491533,0.6004293164252035,FAR,FAR,0.0,1,,,0.03,0
C1_n0.03_d000_r02,C1,202610,2.06,2.06,0.0,0.6,0.5979768403097148,0.5998161973963313,FAR,FAR,0.0,1,,,0.03,0
C1_n0.03_d000_r02,C1,202610,2.08,2.08,0.0,0.6,0.6366257117387932,0.6090185759819468,FAR,FAR,0.0,1,,,0.03,0
C1_n0.03_d000_r02,C1,202610,2.1,2.1,0.0,0.6,0.6058174604137652,0.6082182970899013,FAR,FAR,0.0,1,,,0.03,0
C1_n0.03_d000_r02,C1,202610,2.12,2.12,0.0,0.6,0.6013458301375076,0.6065001803518029,FAR,FAR,0.0,1,,,0.03,0
C1_n0.03_d000_r02,C1,202610,2.14,2.14,0.0,0.6,0.6251169118410645,0.6111543632241183,FAR,FAR,0.0,1,,,0.03,0
C1_n0.03_d000_r02,C1,202610,2.16,2.16,0.0,0.6,0.6153743513670066,0.6122093602598404,FAR,FAR,0.0,1,,,0.03,0
C1_n0.03_d000_r02,C1,202610,2.18,2.18,0.0,0.6,0.5704712660187999,0.6017748366995803,FAR,FAR,0.0,1,,,0.03,0
C1_n0.03_d000_r02,C1,202610,2.2,2.2,0.0,0.6,0.610172038440399,0.603874137134785,FAR,FAR,0.0,1,,,0.03,0
C1_n0.03_d000_r02,C1,202610,2.22,2.22,0.0,0.6,0.5176230944076597,0.5823113764530037,FAR,FAR,0.0,1,,,0.03,0
C1_n0.03_d000_r02,C1,202610,2.24,2.24,0.0,0.6,0.6342781558316761,0.5953030712976718,FAR,FAR,0.0,1,,,0.03,0
C1_n0.03_d000_r02,C1,202610,2.26,2.26,0.0,0.6,0.6534794196514365,0.609847158386113,FAR,FAR,0.0,1,,,0.03,0
C1_n0.03_d000_r02,C1,202610,2.28,2.28,0.0,0.6,0.5684899646338353,0.5995078599480437,FAR,FAR,0.0,1,,,0.03,0
C1_n0.03_d000_r02,C1,202610,2.3,2.3,0.0,0.6,0.6406422850294705,0.6097914662184004,FAR,FAR,0.0,1,,,0.03,0
C1_n0.03_d000_r02,C1,202610,2.32,2.32,0.0,0.6,0.5941384346469579,0.6058782083255398,FAR,FAR,0.0,1,,,0.03,0
C1_n0.03_d000_r02,C1,202610,2.34,2.34,0.0,0.6,0.5297103534293554,0.5868362446014938,FAR,FAR,0.0,1,,,0.03,0
C1_n0.03_d000_r02,C1,202610,2.36,2.36,0.0,0.6,0.570645558344922,0.5827885730373509,FAR,FAR,0.0,1,,,0.03,0
C1_n0.03_d000_r02,C1,202610,2.38,2.38,0.0,0.6,0.5818986649264108,0.582566096009616,FAR,FAR,0.0,1,,,0.03,0
C1_n0.03_d000_r02,C1,202610,2.4,2.4,0.0,0.6,0.6399981416759751,0.5969241074262057,FAR,FAR,0.0,1,,,0.03,0
C1_n0.03_d000_r02,C1,202610,2.42,2.42,0.0,0.6,0.6188518022288545,0.602406031126868,FAR,FAR,0.0,1,,,0.03,0
C1_n0.03_d000_r02,C1,202610,2.44,2.44,0.0,0.6,0.6375194088627893,0.6111843755608484,FAR,FAR,0.0,1,,,0.03,0
C1_n0.03_d000_r02,C1,202610,2.46,2.46,0.0,0.6,0.5375244037864015,0.5927693826172367,FAR,FAR,0.0,1,,,0.03,0
C1_n0.03_d000_r02,C1,202610,2.48,2.48,0.0,0.6,0.6243831925301485,0.6006728350954647,FAR,FAR,0.0,1,,,0.03,0
C1_n0.03_d000_r02,C1,202610,2.5,2.5,0.0,0.6,0.6249944195152015,0.6067532312003989,FAR,FAR,0.0,1,,,0.03,0
C1_n0.03_d000_r02,C1,202610,2.52,2.52,0.0,0.6,0.6152022374392703,0.6088654827601168,FAR,FAR,0.0,1,,,0.03,0
C1_n0.03_d000_r02,C1,202610,2.54,2.54,0.0,0.6,0.6089735200855072,0.6088924920914643,FAR,FAR,0.0,1,,,0.03,0
C1_n0.03_d000_r02,C1,202610,2.56,2.56,0.0,0.6,0.6265342759804029,0.613302938063699,FAR,FAR,0.0,1,,,0.03,0
C1_n0.03_d000_r02,C1,202610,2.58,2.58,0.0,0.6,0.6298075754767759,0.6174290974169682,FAR,FAR,0.0,1,,,0.03,0
C1_n0.03_d000_r02,C1,202610,2.6,2.6,0.0,0.6,0.6101885627232804,0.6156189637435462,FAR,FAR,0.0,1,,,0.03,0
C1_n0.03_d000_r02,C1,202610,2.62,2.62,0.0,0.6,0.5754464100586119,0.6055758253223126,FAR,FAR,0.0,1,,,0.03,0
C1_n0.03_d000_r02,C1,202610,2.64,2.64,0.0,0.6,0.5887367355779931,0.6013660528862327,FAR,FAR,0.0,1,,,0.03,0
C1_n0.03_d000_r02,C1,202610,2.66,2.66,0.0,0.6,0.5906591819010565,0.5986893351399386,FAR,FAR,0.0,1,,,0.03,0
C1_n0.03_d000_r02,C1,202610,2.68,2.68,0.0,0.6,0.6601551864097013,0.6140557979573793,FAR,FAR,0.0,1,,,0.03,0
C1_n0.03_d000_r02,C1,202610,2.7,2.7,0.0,0.6,0.6112112838221223,0.613344669423565,FAR,FAR,0.0,1,,,0.03,0
C1_n0.03_d000_r02,C1,202610,2.72,2.72,0.0,0.6,0.5723074150756033,0.6030853558365745,FAR,FAR,0.0,1,,,0.03,0
C1_n0.03_d000_r02,C1,202610,2.74,2.74,0.0,0.6,0.6149579533708737,0.6060535052201493,FAR,FAR,0.0,1,,,0.03,0
C1_n0.03_d000_r02,C1,202610,2.76,2.76,0.0,0.6,0.5847728397300118,0.6007333388476149,FAR,FAR,0.0,1,,,0.03,0
C1_n0.03_d000_r02,C1,202610,2.78,2.78,0.0,0.6,0.6182084020969699,0.6051021046599537,FAR,FAR,0.0,1,,,0.03,0
C1_n0.03_d000_r02,C1,202610,2.8,2.8,0.0,0.6,0.5669238687472105,0.5955575456817679,FAR,FAR,0.0,1,,,0.03,0
C1_n0.03_d000_r02,C1,202610,2.82,2.82,0.0,0.6,0.570143352270738,0.5892039973290104,FAR,FAR,0.0,1,,,0.03,0
C1_n0.03_d000_r02,C1,202610,2.84,2.84,0.0,0.6,0.6697155573318712,0.6093318873297255,FAR,FAR,0.0,1,,,0.03,0
C1_n0.03_d000_r02,C1,202610,2.86,2.86,0.0,0.6,0.5989180184674825,0.6067284201141647,FAR,FAR,0.0,1,,,0.03,0
C1_n0.03_d000_r02,C1,202610,2.88,2.88,0.0,0.6,0.625435896636319,0.6114052892447033,FAR,FAR,0.0,1,,,0.03,0
C1_n0.03_d000_r02,C1,202610,2.9,2.9,0.0,0.6,0.5856287206211241,0.6049611470888085,FAR,FAR,0.0,1,,,0.03,0
C1_n0.03_d000_r02,C1,202610,2.92,2.92,0.0,0.6,0.689101640097509,0.6259962703409836,FAR,FAR,0.0,1,,,0.03,0
C1_n0.03_d000_r02,C1,202610,2.94,2.94,0.0,0.6,0.5930845092756926,0.6177683300746608,FAR,FAR,0.0,1,,,0.03,0
C1_n0.03_d000_r02,C1,202610,2.96,2.96,0.0,0.6,0.6102500833240226,0.6158887683870012,FAR,FAR,0.0,1,,,0.03,0
C1_n0.03_d000_r02,C1,202610,2.98,2.98,0.0,0.6,0.5862429970069879,0.608477325541998,FAR,FAR,0.0,1,,,0.03,0
C1_n0.03_d000_r02,C1,202610,3.0,3.0,0.0,0.6,0.554368754998587,0.5949501829061452,FAR,FAR,0.0,1,,,0.03,0
C1_n0.03_d000_r02,C1,202610,3.02,3.02,0.0,0.6,0.5935987346179734,0.5946123208341023,FAR,FAR,0.0,1,,,0.03,0
C1_n0.03_d000_r02,C1,202610,3.04,3.04,0.0,0.6,0.5546714067114957,0.5846270923034507,FAR,FAR,0.0,1,,,0.03,0
C1_n0.03_d000_r02,C1,202610,3.06,3.06,0.0,0.6,0.6088023896133228,0.5906709166309188,FAR,FAR,0.0,1,,,0.03,0
C1_n0.03_d000_r02,C1,202610,3.08,3.08,0.0,0.6,0.6220147027749884,0.5985068631669361,FAR,FAR,0.0,1,,,0.03,0
C1_n0.03_d000_r02,C1,202610,3.1,3.1,0.0,0.6,0.5916698863556534,0.5967976189641154,FAR,FAR,0.0,1,,,0.03,0
C1_n0.03_d000_r02,C1,202610,3.12,3.12,0.0,0.6,0.5913766817591566,0.5954423846628757,FAR,FAR,0.0,1,,,0.03,0
C1_n0.03_d000_r02,C1,202610,3.14,3.14,0.0,0.6,0.6215304274429201,0.6019643953578868,FAR,FAR,0.0,1,,,0.03,0
C1_n0.03_d000_r02,C1,202610,3.16,3.16,0.0,0.6,0.6389754824669467,0.6112171671351518,FAR,FAR,0.0,1,,,0.03,0
C1_n0.03_d000_r02,C1,202610,3.18,3.18,0.0,0.6,0.6221052183651119,0.6139391799426419,FAR,FAR,0.0,1,,,0.03,0
C1_n0.03_d000_r02,C1,202610,3.2,3.2,0.0,0.6,0.529918206778621,0.5929339366516366,FAR,FAR,0.0,1,,,0.03,0
C1_n0.03_d000_r02,C1,202610,3.22,3.22,0.0,0.6,0.6076944912851207,0.5966240753100076,FAR,FAR,0.0,1,,,0.03,0
C1_n0.03_d000_r02,C1,202610,3.24,3.24,0.0,0.6,0.6163246284590815,0.6015492135972761,FAR,FAR,0.0,1,,,0.03,0
C1_n0.03_d000_r02,C1,202610,3.26,3.26,0.0,0.6,0.5910804463608256,0.5989320217881634,FAR,FAR,0.0,1,,,0.03,0
C1_n0.03_d000_r02,C1,202610,3.28,3.28,0.0,0.6,0.5441481850846371,0.5852360626122819,FAR,FAR,0.0,1,,,0.03,0
C1_n0.03_d000_r02,C1,202610,3.3,3.3,0.0,0.6,0.6347390125716765,0.5976118001021306,FAR,FAR,0.0,1,,,0.03,0
C1_n0.03_d000_r02,C1,202610,3.32,3.32,0.0,0.6,0.6322844213181824,0.6062799554061435,FAR,FAR,0.0,1,,,0.03,0
C1_n0.03_d000_r02,C1,202610,3.34,3.34,0.0,0.6,0.5692431181107798,0.5970207460823026,FAR,FAR,0.0,1,,,0.03,0
C1_n0.03_d000_r02,C1,202610,3.36,3.36,0.0,0.6,0.5288830494583178,0.5799863219263064,FAR,FAR,0.0,1,,,0.03,0
C1_n0.03_d000_r02,C1,202610,3.38,3.38,0.0,0.6,0.6058110060861328,0.586442492966263,FAR,FAR,0.0,1,,,0.03,0
C1_n0.03_d000_r02,C1,202610,3.4,3.4,0.0,0.6,0.5760564041168318,0.5838459707539052,FAR,FAR,0.0,1,,,0.03,0
C1_n0.03_d000_r02,C1,202610,3.42,3.42,0.0,0.6,0.57044974232903,0.5804969136476864,FAR,FAR,0.0,1,,,0.03,0
C1_n0.03_d000_r02,C1,202610,3.44,3.44,0.0,0.6,0.6044034730898585,0.5864735535082294,FAR,FAR,0.0,1,,,0.03,0
C1_n0.03_d000_r02,C1,202610,3.46,3.46,0.0,0.6,0.641325962759137,0.6001866558209563,FAR,FAR,0.0,1,,,0.03,0
C1_n0.03_d000_r02,C1,202610,3.48,3.48,0.0,0.6,0.6109523674390608,0.6028780837254825,FAR,FAR,0.0,1,,,0.03,0
C1_n0.03_d000_r02,C1,202610,3.5,3.5,0.0,0.6,0.576443708204635,0.5962694898452705,FAR,FAR,0.0,1,,,0.03,0
C1_n0.03_d000_r02,C1,202610,3.52,3.52,0.0,0.6,0.6094227460661714,0.5995578039004957,FAR,FAR,0.0,1,,,0.03,0
C1_n0.03_d000_r02,C1,202610,3.54,3.54,0.0,0.6,0.5908781366794996,0.5973878870952467,FAR,FAR,0.0,1,,,0.03,0
C1_n0.03_d000_r02,C1,202610,3.56,3.56,0.0,0.6,0.5645756405390026,0.5891848254561857,FAR,FAR,0.0,1,,,0.03,0
C1_n0.03_d000_r02,C1,202610,3.58,3.58,0.0,0.6,0.6129276470255148,0.595120530848518,FAR,FAR,0.0,1,,,0.03,0
C1_n0.03_d000_r02,C1,202610,3.6,3.6,0.0,0.6,0.633132519359477,0.6046235279762577,FAR,FAR,0.0,1,,,0.03,0
C1_n0.03_d000_r02,C1,202610,3.62,3.62,0.0,0.6,0.5540830782304847,0.5919884155398145,FAR,FAR,0.0,1,,,0.03,0
C1_n0.03_d000_r02,C1,202610,3.64,3.64,0.0,0.6,0.6020540417176236,0.5945048220842668,FAR,FAR,0.0,1,,,0.03,0
C1_n0.03_d000_r02,C1,202610,3.66,3.66,0.0,0.6,0.5878457346384585,0.5928400502228147,FAR,FAR,0.0,1,,,0.03,0
C1_n0.03_d000_r02,C1,202610,3.68,3.68,0.0,0.6,0.5786687907265562,0.5892972353487501,FAR,FAR,0.0,1,,,0.03,0
C1_n0.03_d000_r02,C1,202610,3.7,3.7,0.0,0.6,0.602257824627664,0.5925373826684786,FAR,FAR,0.0,1,,,0.03,0
C1_n0.03_d000_r02,C1,202610,3.72,3.72,0.0,0.6,0.5579878501844129,0.5838999995474621,FAR,FAR,0.0,1,,,0.03,0
C1_n0.03_d000_r02,C1,202610,3.74,3.74,0.0,0.6,0.6128444628445217,0.591136115371727,FAR,FAR,0.0,1,,,0.03,0
C1_n0.03_d000_r02,C1,202610,3.76,3.76,0.0,0.6,0.5820877111519147,0.5888740143167739,FAR,FAR,0.0,1,,,0.03,0
C1_n0.03_d000_r02,C1,202610,3.78,3.78,0.0,0.6,0.5658225194825955,0.5831111406082293,FAR,FAR,0.0,1,,,0.03,0
C1_n0.03_d000_r02,C1,202610,3.8,3.8,0.0,0.6,0.5614705786170168,0.5777010001104262,FAR,FAR,0.0,1,,,0.03,0
C1_n0.03_d000_r02,C1,202610,3.82,3.82,0.0,0.6,0.6329123434633647,0.5915038359486608,FAR,FAR,0.0,1,,,0.03,0
C1_n0.03_d000_r02,C1,202610,3.84,3.84,0.0,0.6,0.5804570228135134,0.588742132664874,FAR,FAR,0.0,1,,,0.03,0
C1_n0.03_d000_r02,C1,202610,3.86,3.86,0.0,0.6,0.6019692147472312,0.5920489031854632,FAR,FAR,0.0,1,,,0.03,0
C1_n0.03_d000_r02,C1,202610,3.88,3.88,0.0,0.6,0.6137890475271722,0.5974839392708905,FAR,FAR,0.0,1,,,0.03,0
C1_n0.03_d000_r02,C1,202610,3.9,3.9,0.0,0.6,0.6299443762096913,0.6055990485055908,FAR,FAR,0.0,1,,,0.03,0
C1_n0.03_d000_r02,C1,202610,3.92,3.92,0.0,0.6,0.5870559442424449,0.6009632724398043,FAR,FAR,0.0,1,,,0.03,0
C1_n0.03_d000_r02,C1,202610,3.94,3.94,0.0,0.6,0.6358328623606242,0.6096806699200092,FAR,FAR,0.0,1,,,0.03,0
C1_n0.03_d000_r02,C1,202610,3.96,3.96,0.0,0.6,0.6439549013208231,0.6182492277702127,FAR,FAR,0.0,1,,,0.03,0
C1_n0.03_d000_r02,C1,202610,3.98,3.98,0.0,0.6,0.616395877135353,0.6177858901114979,FAR,FAR,0.0,1,,,0.03,0
C1_n0.03_d000_r02,C1,202610,4.0,4.0,0.0,0.6,0.6436000589938965,0.6242394323320976,FAR,FAR,0.0,1,,,0.03,0
C1_n0.03_d000_r02,C1,202610,4.02,4.02,0.0,0.5982500000000001,0.5768837558048021,0.6124005132002737,FAR,FAR,0.0,1,,,0.03,0
C1_n0.03_d000_r02,C1,202610,4.04,4.04,0.0,0.5965,0.59554123874235,0.6081856945857927,FAR,FAR,0.0,1,,,0.03,0
C1_n0.03_d000_r02,C1,202610,4.06,4.06,0.0,0.59475,0.5972766340411731,0.6054584294496379,FAR,FAR,0.0,1,,,0.03,0
C1_n0.03_d000_r02,C1,202610,4.08,4.08,0.0,0.593,0.6359584541765884,0.6130834356313755,FAR,FAR,0.0,1,,,0.03,0
C1_n0.03_d000_r02,C1,202610,4.1,4.1,0.0,0.59125,0.6004758078193739,0.6099315286783751,FAR,FAR,0.0,1,,,0.03,0
C1_n0.03_d000_r02,C1,202610,4.12,4.12,0.0,0.5894999999999999,0.5435890302323308,0.593345904066864,FAR,FAR,0.0,1,,,0.03,0
C1_n0.03_d000_r02,C1,202610,4.14,4.14,0.0,0.58775,0.5818094680844239,0.5904617950712541,FAR,FAR,0.0,1,,,0.03,0
C1_n0.03_d000_r02,C1,202610,4.16,4.16,0.0,0.586,0.5414604794148469,0.5782114661571522,FAR,FAR,0.0,1,,,0.03,0
C1_n0.03_d000_r02,C1,202610,4.18,4.18,0.0,0.58425,0.5796037714527047,0.5785595424810404,FAR,FAR,0.0,1,,,0.03,0
C1_n0.03_d000_r02,C1,202610,4.2,4.2,0.0,0.5825,0.5842432097405486,0.5799804592959175,FAR,FAR,0.0,1,,,0.03,0
C1_n0.03_d000_r02,C1,202610,4.22,4.22,0.0,0.58075,0.5747440017453892,0.5786713449082854,FAR,FAR,0.0,1,,,0.03,0
C1_n0.03_d000_r02,C1,202610,4.24,4.24,0.0,0.579,0.5696153566288312,0.5764073478384218,FAR,FAR,0.0,1,,,0.03,0
C1_n0.03_d000_r02,C1,202610,4.26,4.26,0.0,0.57725,0.6022983693610829,0.5828801032190871,FAR,FAR,0.0,1,,,0.03,0
C1_n0.03_d000_r02,C1,202610,4.28,4.28,0.0,0.5754999999999999,0.5544453513434221,0.5757714152501708,FAR,FAR,0.0,1,,,0.03,0
C1_n0.03_d000_r02,C1,202610,4.3,4.3,0.0,0.57375,0.48263263085536107,0.5524867191514684,FAR,FAR,0.0,1,,,0.03,0
C1_n0.03_d000_r02,C1,202610,4.32,4.32,0.0,0.572,0.6096718787725922,0.5667830090567494,FAR,FAR,0.0,1,,,0.03,0
C1_n0.03_d000_r02,C1,202610,4.34,4.34,0.0,0.57025,0.5640725875383125,0.5661054036771401,FAR,FAR,0.0,1,,,0.03,0
C1_n0.03_d000_r02,C1,202610,4.36,4.36,0.0,0.5685,0.5645074421967253,0.5657059133070365,FAR,FAR,0.0,1,,,0.03,0
C1_n0.03_d000_r02,C1,202610,4.38,4.38,0.0,0.56675,0.6145862859076519,0.5779260064571903,FAR,FAR,0.0,1,,,0.03,0
C1_n0.03_d000_r02,C1,202610,4.4,4.4,0.0,0.565,0.5110781871540603,0.5612140516314078,FAR,FAR,0.0,1,,,0.03,0
C1_n0.03_d000_r02,C1,202610,4.42,4.42,0.0,0.56325,0.5689295459073288,0.5631429252003881,FAR,FAR,0.0,1,,,0.03,0
C1_n0.03_d000_r02,C1,202610,4.44,4.44,0.0,0.5614999999999999,0.5531272980636198,0.560639018416196,FAR,FAR,0.0,1,,,0.03,0
C1_n0.03_d000_r02,C1,202610,4.46,4.46,0.0,0.55975,0.555682799487295,0.5593999636839708,FAR,FAR,0.0,1,,,0.03,0
C1_n0.03_d000_r02,C1,202610,4.48,4.48,0.0,0.5579999999999999,0.608327832218728,0.5716319308176601,FAR,FAR,0.0,1,,,0.03,0
C1_n0.03_d000_r02,C1,202610,4.5,4.5,0.0,0.55625,0.6137224842901114,0.5821545691857729,FAR,FAR,0.0,1,,,0.03,0
C1_n0.03_d000_r02,C1,202610,4.52,4.52,0.0,0.5545,0.5199951923501567,0.5666147249768689,FAR,FAR,0.0,1,,,0.03,0
C1_n0.03_d000_r02,C1,202610,4.54,4.54,0.0,0.55275,0.5698126677180526,0.5674142106621649,FAR,FAR,0.0,1,,,0.03,0
C1_n0.03_d000_r02,C1,202610,4.56,4.56,0.0,0.551,0.4992233852917055,0.55036650431955,FAR,FAR,0.0,1,,,0.03,0
C1_n0.03_d000_r02,C1,202610,4.58,4.58,0.0,0.54925,0.5701112078909271,0.5553026802123943,FAR,FAR,0.0,1,,,0.03,0
C1_n0.03_d000_r02,C1,202610,4.6,4.6,0.0,0.5475,0.5035245914038242,0.5423581580102518,FAR,FAR,0.0,1,,,0.03,0
C1_n0.03_d000_r02,C1,202610,4.62,4.62,0.0,0.54575,0.5449179208440621,0.5429980987187044,FAR,FAR,0.0,1,,,0.03,0
C1_n0.03_d000_r02,C1,202610,4.64,4.64,0.0,0.544,0.5376655599337182,0.5416649640224579,FAR,FAR,0.0,1,,,0.03,0
C1_n0.03_d000_r02,C1,202610,4.66,4.66,0.0,0.54225,0.5388394396593614,0.5409585829316839,FAR,FAR,0.0,1,,,0.03,0
C1_n0.03_d000_r02,C1,202610,4.68,4.68,0.0,0.5405,0.49113000521455247,0.528501438502401,FAR,FAR,0.0,1,,,0.03,0
C1_n0.03_d000_r02,C1,202610,4.7,4.7,0.0,0.53875,0.5372723923685527,0.5306941769689391,FAR,FAR,0.0,1,,,0.03,0
C1_n0.03_d000_r02,C1,202610,4.72,4.72,0.0,0.537,0.5364040547956314,0.5321216464256121,FAR,FAR,0.0,1,,,0.03,0
C1_n0.03_d000_r02,C1,202610,4.74,4.74,0.0,0.53525,0.5010387821306704,0.5243509303518766,FAR,FAR,0.0,1,,,0.03,0
C1_n0.03_d000_r02,C1,202610,4.76,4.76,0.0,0.5335,0.5023749210496734,0.5188569280263259,FAR,FAR,0.0,1,,,0.03,0
C1_n0.03_d000_r02,C1,202610,4.78,4.78,0.0,0.53175,0.48619646420586693,0.5106918120712112,FAR,FAR,0.0,1,,,0.03,0
C1_n0.03_d000_r02,C1,202610,4.8,4.8,0.0,0.53,0.5512686043074861,0.5208360101302799,FAR,FAR,0.0,1,,,0.03,0
C1_n0.03_d000_r02,C1,202610,4.82,4.82,0.0,0.52825,0.4908312181019104,0.5133348121231875,FAR,FAR,0.0,1,,,0.03,0
C1_n0.03_d000_r02,C1,202610,4.84,4.84,0.0,0.5265,0.4831092390141964,0.5057784188459398,FAR,FAR,0.0,1,,,0.03,0
C1_n0.03_d000_r02,C1,202610,4.86,4.86,0.0,0.5247499999999999,0.5266254120553016,0.5109901671482802,FAR,FAR,0.0,1,,,0.03,0
C1_n0.03_d000_r02,C1,202610,4.88,4.88,0.0,0.523,0.5463747501064259,0.5198363128878166,FAR,FAR,0.0,1,,,0.03,0
C1_n0.03_d000_r02,C1,202610,4.9,4.9,0.0,0.52125,0.49724246548192697,0.5141878510363442,FAR,FAR,0.0,1,,,0.03,0
C1_n0.03_d000_r02,C1,202610,4.92,4.92,0.0,0.5195,0.5101665779521141,0.5131825327652867,FAR,FAR,0.0,1,,,0.03,0
C1_n0.03_d000_r02,C1,202610,4.94,4.94,0.0,0.5177499999999999,0.5241805710220274,0.5159320423294719,FAR,FAR,0.0,1,,,0.03,0
C1_n0.03_d000_r02,C1,202610,4.96,4.96,0.0,0.516,0.46692864546927426,0.5036811931144225,FAR,FAR,0.0,1,,,0.03,0
C1_n0.03_d000_r02,C1,202610,4.98,4.98,0.0,0.51425,0.5871287131804377,0.5245430731309263,FAR,FAR,0.0,1,,,0.03,0
C1_n0.03_d000_r02,C1,202610,5.0,5.0,0.0,0.5125,0.48704992690440646,0.5151697865742964,FAR,FAR,0.0,1,,,0.03,0
C1_n0.03_d000_r02,C1,202610,5.02,5.02,0.0,0.51075,0.5217036652040122,0.5168032562317253,FAR,FAR,0.0,1,,,0.03,0
C1_n0.03_d000_r02,C1,202610,5.04,5.04,0.0,0.509,0.5439940672244968,0.5236009589799182,FAR,FAR,0.0,1,,,0.03,0
C1_n0.03_d000_r02,C1,202610,5.06,5.06,0.0,0.50725,0.49193487935098806,0.5156844390726857,FAR,FAR,0.0,1,,,0.03,0
C1_n0.03_d000_r02,C1,202610,5.08,5.08,0.0,0.5055,0.5282169001447717,0.5188175543407072,FAR,FAR,0.0,1,,,0.03,0
C1_n0.03_d000_r02,C1,202610,5.1,5.1,0.0,0.50375,0.5619342527762721,0.5295967289495984,FAR,FAR,0.0,1,,,0.03,0
C1_n0.03_d000_r02,C1,202610,5.12,5.12,0.0,0.502,0.49349925139049944,0.5205723595598237,FAR,FAR,0.0,1,,,0.03,0
C1_n0.03_d000_r02,C1,202610,5.14,5.14,0.0,0.50025,0.5615414648610975,0.5308146358851422,FAR,FAR,0.0,1,,,0.03,0
C1_n0.03_d000_r02,C1,202610,5.16,5.16,0.0,0.49849999999999994,0.47804310160461505,0.5176217523150104,FAR,FAR,0.0,1,,,0.03,0
C1_n0.03_d000_r02,C1,202610,5.18,5.18,0.0,0.49675,0.5026422725776031,0.5138768823806585,FAR,FAR,0.0,1,,,0.03,0
C1_n0.03_d000_r02,C1,202610,5.2,5.2,0.0,0.495,0.49180509854359145,0.5083589364213917,FAR,FAR,0.0,1,,,0.03,0
C1_n0.03_d000_r02,C1,202610,5.22,5.22,0.0,0.49325,0.5207246956500643,0.5114503762285598,FAR,FAR,0.0,1,,,0.03,0
C1_n0.03_d000_r02,C1,202610,5.24,5.24,0.0,0.49149999999999994,0.4635411664704582,0.4994730737890344,FAR,FAR,0.0,1,,,0.03,0
C1_n0.03_d000_r02,C1,202610,5.26,5.26,0.0,0.48975,0.4767567276612392,0.49379398725708556,FAR,FAR,0.0,1,,,0.03,0
C1_n0.03_d000_r02,C1,202610,5.28,5.28,0.0,0.488,0.48881842902089573,0.4925500976980381,FAR,FAR,0.0,1,,,0.03,0
C1_n0.03_d000_r02,C1,202610,5.3,5.3,0.0,0.48625,0.5051939229138535,0.4957110540019919,FAR,FAR,0.0,1,,,0.03,0
C1_n0.03_d000_r02,C1,202610,5.32,5.32,0.0,0.48449999999999993,0.46162195796278427,0.48718877999219,FAR,FAR,0.0,1,,,0.03,0
C1_n0.03_d000_r02,C1,202610,5.34,5.34,0.0,0.48275,0.5003082749555159,0.49046865373302145,FAR,FAR,0.0,1,,,0.03,0
C1_n0.03_d000_r02,C1,202610,5.36,5.36,0.0,0.481,0.4744062733593584,0.4864530586396057,FAR,FAR,0.0,1,,,0.03,0
C1_n0.03_d000_r02,C1,202610,5.38,5.38,0.0,0.47925,0.5318052200032538,0.49779109898051777,FAR,FAR,0.0,1,,,0.03,0
C1_n0.03_d000_r02,C1,202610,5.4,5.4,0.0,0.4774999999999999,0.4204829511088673,0.4784640620126051,FAR,FAR,0.0,1,,,0.03,0
C1_n0.03_d000_r02,C1,202610,5.42,5.42,0.0,0.47575,0.4809736984029708,0.47909147111019657,FAR,FAR,0.0,1,,,0.03,0
C1_n0.03_d000_r02,C1,202610,5.44,5.44,0.0,0.474,0.41704260912308483,0.4635792556134186,FAR,FAR,0.0,1,,,0.03,0
C1_n0.03_d000_r02,C1,202610,5.46,5.46,0.0,0.47224999999999995,0.47443017582281566,0.4662919856657679,FAR,FAR,0.0,1,,,0.03,0
C1_n0.03_d000_r02,C1,202610,5.48,5.48,0.0,0.4704999999999999,0.4407416440107611,0.4599044002520162,FAR,FAR,0.0,1,,,0.03,0
C1_n0.03_d000_r02,C1,202610,5.5,5.5,0.0,0.46875,0.4788601651260741,0.46464334147053066,FAR,FAR,0.0,1,,,0.03,0
C1_n0.03_d000_r02,C1,202610,5.52,5.52,0.0,0.467,0.5158973478358,0.477456843061848,FAR,FAR,0.0,1,,,0.03,0
C1_n0.03_d000_r02,C1,202610,5.54,5.54,0.0,0.46525,0.4180209522414162,0.46259787035674005,FAR,FAR,0.0,1,,,0.03,0
C1_n0.03_d000_r02,C1,202610,5.56,5.56,0.0,0.4635,0.42411096875334964,0.45297614495589245,FAR,FAR,0.0,1,,,0.03,0
C1_n0.03_d000_r02,C1,202610,5.58,5.58,0.0,0.46175,0.48026339965728276,0.45979795863124,FAR,FAR,0.0,1,,,0.03,0
C1_n0.03_d000_r02,C1,202610,5.6,5.6,0.0,0.46,0.4464866566608663,0.4564701331386466,FAR,FAR,0.0,1,,,0.03,0
C1_n0.03_d000_r02,C1,202610,5.62,5.62,0.0,0.45825,0.4484256016197857,0.4544590002589313,FAR,FAR,0.0,1,,,0.03,0
C1_n0.03_d000_r02,C1,202610,5.64,5.64,0.0,0.4565,0.4942629658557862,0.46440999165814506,FAR,FAR,0.0,1,,,0.03,0
C1_n0.03_d000_r02,C1,202610,5.66,5.66,0.0,0.45475,0.4581068201956207,0.462834198792514,FAR,FAR,0.0,1,,,0.03,0
C1_n0.03_d000_r02,C1,202610,5.68,5.68,0.0,0.453,0.4309106475894675,0.45485331099175236,FAR,FAR,0.0,1,,,0.03,0
C1_n0.03_d000_r02,C1,202610,5.7,5.7,0.0,0.45125,0.41356195989390154,0.44453047321728967,FAR,FAR,0.0,1,,,0.03,0
C1_n0.03_d000_r02,C1,202610,5.72,5.72,0.0,0.4495,0.454082683089846,0.4469185256854288,FAR,FAR,0.0,1,,,0.03,0
C1_n0.03_d000_r02,C1,202610,5.74,5.74,0.0,0.44775,0.38957177122471665,0.4325818370702508,FAR,FAR,0.0,1,,,0.03,0
C1_n0.03_d000_r02,C1,202610,5.76,5.76,0.0,0.446,0.4259863927718479,0.43093297599565006,FAR,FAR,0.0,1,,,0.03,0
C1_n0.03_d000_r02,C1,202610,5.78,5.78,0.0,0.44425,0.43504419041117304,0.43196077959953083,FAR,FAR,0.0,1,,,0.03,0
C1_n0.03_d000_r02,C1,202610,5.8,5.8,0.0,0.4425,0.4249399050694034,0.43020556096699897,FAR,FAR,0.0,1,,,0.03,0
C1_n0.03_d000_r02,C1,202610,5.82,5.82,0.0,0.44075,0.435473051372087,0.43152243356827097,FAR,FAR,0.0,1,,,0.03,0
C1_n0.03_d000_r02,C1,202610,5.84,5.84,0.0,0.439,0.38509122311416,0.41991463095474324,FAR,FAR,0.0,1,,,0.03,0
C1_n0.03_d000_r02,C1,202610,5.86,5.86,0.0,0.43724999999999997,0.46772139882776304,0.4318663229229982,FAR,FAR,0.0,1,,,0.03,0
C1_n0.03_d000_r02,C1,202610,5.88,5.88,0.0,0.4355,0.42131152868912874,0.4292276243645308,FAR,FAR,0.0,1,,,0.03,0
C1_n0.03_d000_r02,C1,202610,5.9,5.9,0.0,0.43374999999999997,0.44967557653730716,0.4343396124077249,FAR,FAR,0.0,1,,,0.03,0
C1_n0.03_d000_r02,C1,202610,5.92,5.92,0.0,0.432,0.3908630571871185,0.4234704736025733,FAR,FAR,0.0,1,,,0.03,0
C1_n0.03_d000_r02,C1,202610,5.94,5.94,0.0,0.43024999999999997,0.4899754287650847,0.44009671239320114,FAR,FAR,0.0,1,,,0.03,0
C1_n0.03_d000_r02,C1,202610,5.96,5.96,0.0,0.4285,0.43037406583613336,0.43766605075393417,FAR,FAR,0.0,1,,,0.03,0
C1_n0.03_d000_r02,C1,202610,5.98,5.98,0.0,0.42674999999999996,0.4180489848995653,0.43276178429034196,FAR,FAR,0.0,1,,,0.03,0
C1_n0.03_d000_r02,C1,202610,6.0,6.0,0.0,0.425,0.4450184151372466,0.43582594200206815,FAR,FAR,0.0,1,,,0.03,0
C1_n0.03_d000_r02,C1,202610,6.02,6.02,0.0,0.42325,0.4662185032398056,0.4434240823115025,FAR,FAR,0.0,1,,,0.03,0
C1_n0.03_d000_r02,C1,202610,6.04,6.04,0.0,0.4215,0.39112269553159124,0.43034873561652465,FAR,FAR,0.0,1,,,0.03,0
C1_n0.03_d000_r02,C1,202610,6.06,6.06,0.0,0.41975,0.45349671120056984,0.436135729512536,FAR,FAR,0.0,1,,,0.03,0
C1_n0.03_d000_r02,C1,202610,6.08,6.08,0.0,0.418,0.4390665306328466,0.43686842979261364,FAR,FAR,0.0,1,,,0.03,0
C1_n0.03_d000_r02,C1,202610,6.1,6.1,0.0,0.41625,0.4217171269084835,0.4330806040715811,FAR,FAR,0.0,1,,,0.03,0
C1_n0.03_d000_r02,C1,202610,6.12,6.12,0.0,0.4145,0.4399761453454314,0.4348044893900437,FAR,FAR,0.0,1,,,0.03,0
C1_n0.03_d000_r02,C1,202610,6.14,6.14,0.0,0.41275,0.4598707285856274,0.4410710491889396,FAR,FAR,0.0,1,,,0.03,0
C1_n0.03_d000_r02,C1,202610,6.16,6.16,0.0,0.411,0.4018507871564409,0.4312659836808149,FAR,FAR,0.0,1,,,0.03,0
C1_n0.03_d000_r02,C1,202610,6.18,6.18,0.0,0.40925,0.3441296105740104,0.4094818904041138,FAR,NEAR,0.6,1,ENTER_NEAR,,0.03,0
C1_n0.03_d000_r02,C1,202610,6.2,6.2,0.0,0.4075,0.37942591730689373,0.4019678971298088,FAR,FAR,0.0,1,EXIT_NEAR,,0.03,0
C1_n0.03_d000_r02,C1,202610,6.22,6.22,0.0,0.40575,0.375486209377843,0.39534747519181734,FAR,FAR,0.0,1,,,0.03,0
C1_n0.03_d000_r02,C1,202610,6.24,6.24,0.0,0.40399999999999997,0.4230425511350758,0.40227124417763194,FAR,FAR,0.0,1,,,0.03,0
C1_n0.03_d000_r02,C1,202610,6.26,6.26,0.0,0.40225,0.42335101733921165,0.40754118746802687,FAR,FAR,0.0,1,,,0.03,0
C1_n0.03_d000_r02,C1,202610,6.28,6.28,0.0,0.40049999999999997,0.3589498614769264,0.39539335597025177,FAR,FAR,0.0,1,,,0.03,0
C1_n0.03_d000_r02,C1,202610,6.3,6.3,0.0,0.39875,0.35106380465775366,0.38431096814212723,FAR,FAR,0.0,1,,,0.03,0
C1_n0.03_d000_r02,C1,202610,6.32,6.32,0.0,0.39699999999999996,0.34884174672835977,0.37544366278868535,FAR,NEAR,0.6,1,ENTER_NEAR,,0.03,0
C1_n0.03_d000_r02,C1,202610,6.34,6.34,0.0,0.39525,0.3623193554123206,0.3721625859445941,FAR,FAR,0.0,1,EXIT_NEAR,,0.03,0
C1_n0.03_d000_r02,C1,202610,6.36,6.36,0.0,0.39349999999999996,0.3513559986540709,0.3669609391219633,FAR,FAR,0.0,1,,,0.03,0
C1_n0.03_d000_r02,C1,202610,6.38,6.38,0.0,0.39175,0.4159876883969246,0.37921762644070367,FAR,FAR,0.0,1,,,0.03,0
C1_n0.03_d000_r02,C1,202610,6.4,6.4,0.0,0.38999999999999996,0.3830623153236316,0.38017879866143567,FAR,FAR,0.0,1,,,0.03,0
C1_n0.03_d000_r02,C1,202610,6.42,6.42,0.0,0.38825,0.3881569163376915,0.38217332808049964,FAR,FAR,0.0,1,,,0.03,0
C1_n0.03_d000_r02,C1,202610,6.44,6.44,0.0,0.38649999999999995,0.3635895312448314,0.3775273788715826,FAR,FAR,0.0,1,,,0.03,0
C1_n0.03_d000_r02,C1,202610,6.46,6.46,0.0,0.38475,0.35379961930871545,0.3715954389808658,FAR,FAR,0.0,1,,,0.03,0
C1_n0.03_d000_r02,C1,202610,6.48,6.48,0.0,0.38299999999999995,0.41223440224719593,0.38175517979744833,FAR,FAR,0.0,1,,,0.03,0
C1_n0.03_d000_r02,C1,202610,6.5,6.5,0.0,0.38125,0.3652961071130544,0.37764041162634987,FAR,FAR,0.0,1,,,0.03,0
C1_n0.03_d000_r02,C1,202610,6.52,6.52,0.0,0.37950000000000006,0.33340608489072476,0.3665818299424436,FAR,NEAR,0.6,1,ENTER_NEAR,,0.03,0
C1_n0.03_d000_r02,C1,202610,6.54,6.54,0.0,0.37775000000000003,0.364455519507014,0.3660502523335862,FAR,FAR,0.0,1,EXIT_NEAR,,0.03,0
C1_n0.03_d000_r02,C1,202610,6.56,6.56,0.0,0.376,0.33454329760175555,0.3581735136506285,FAR,NEAR,0.6,1,ENTER_NEAR,,0.03,0
C1_n0.03_d000_r02,C1,202610,6.58,6.58,0.0,0.37424999999999997,0.3507778760427497,0.35632460424865875,FAR,FAR,0.0,1,EXIT_NEAR,,0.03,0
C1_n0.03_d000_r02,C1,202610,6.6,6.6,0.0,0.37250000000000005,0.40101815040350425,0.3674979907873701,FAR,FAR,0.0,1,,,0.03,0
C1_n0.03_d000_r02,C1,202610,6.62,6.62,0.0,0.37075,0.3908078814767537,0.373325463459716,FAR,FAR,0.0,1,,,0.03,0
C1_n0.03_d000_r02,C1,202610,6.64,6.64,0.0,0.369,0.3560379953018728,0.3690035964202552,FAR,FAR,0.0,1,,,0.03,0
C1_n0.03_d000_r02,C1,202610,6.66,6.66,0.0,0.36724999999999997,0.3997118649479157,0.37668066355217034,FAR,FAR,0.0,1,,,0.03,0
C1_n0.03_d000_r02,C1,202610,6.68,6.68,0.0,0.36550000000000005,0.347720150973209,0.36944053540743,FAR,NEAR,0.6,1,ENTER_NEAR,,0.03,0
C1_n0.03_d000_r02,C1,202610,6.7,6.7,0.0,0.36375,0.35914417469566917,0.3668664452294898,FAR,FAR,0.0,1,EXIT_NEAR,,0.03,0
C1_n0.03_d000_r02,C1,202610,6.72,6.72,0.0,0.362,0.3363024499791755,0.35922544641691123,FAR,NEAR,0.6,1,ENTER_NEAR,,0.03,0
C1_n0.03_d000_r02,C1,202610,6.74,6.74,0.0,0.36024999999999996,0.37746147237192323,0.3637844529056642,FAR,FAR,0.0,1,EXIT_NEAR,,0.03,0
C1_n0.03_d000_r02,C1,202610,6.76,6.76,0.0,0.35850000000000004,0.39560835756216794,0.3717404290697901,FAR,FAR,0.0,1,,,0.03,0
C1_n0.03_d000_r02,C1,202610,6.78,6.78,0.0,0.35675,0.37075272898292744,0.37149350404807446,FAR,FAR,0.0,1,,,0.03,0
C1_n0.03_d000_r02,C1,202610,6.8,6.8,0.0,0.355,0.2966917945697566,0.352793076678495,FAR,NEAR,0.6,1,ENTER_NEAR,,0.03,0
C1_n0.03_d000_r02,C1,202610,6.82,6.82,0.0,0.35324999999999995,0.35299536307429497,0.352843648277445,FAR,FAR,0.0,1,EXIT_NEAR,,0.03,0
C1_n0.03_d000_r02,C1,202610,6.84,6.84,0.0,0.35150000000000003,0.36276052859535024,0.3553228683569213,FAR,FAR,0.0,1,,,0.03,0
C1_n0.03_d000_r02,C1,202610,6.86,6.86,0.0,0.34974999999999995,0.36335286485677193,0.35733036748188396,NEAR,FAR,0.0,1,,,0.03,0
C1_n0.03_d000_r02,C1,202610,6.88,6.88,0.0,0.348,0.35104315064112174,0.3557585632716934,NEAR,FAR,0.0,1,,,0.03,0
C1_n0.03_d000_r02,C1,202610,6.9,6.9,0.0,0.34624999999999995,0.3941801988647411,0.3653639721699553,NEAR,FAR,0.0,1,,,0.03,0
C1_n0.03_d000_r02,C1,202610,6.92,6.92,0.0,0.3445,0.34426162916800457,0.3600883864194676,NEAR,NEAR,0.6,1,ENTER_NEAR,,0.03,0
C1_n0.03_d000_r02,C1,202610,6.94,6.94,0.0,0.34274999999999994,0.3767797973207594,0.3642612391447905,NEAR,FAR,0.0,1,EXIT_NEAR,,0.03,0
C1_n0.03_d000_r02,C1,202610,6.96,6.96,0.0,0.34099999999999997,0.3241735021543899,0.35423930489719035,NEAR,NEAR,0.6,1,ENTER_NEAR,,0.03,0
C1_n0.03_d000_r02,C1,202610,6.98,6.98,0.0,0.33924999999999994,0.3557781910709721,0.3546240264406358,NEAR,FAR,0.0,1,EXIT_NEAR,,0.03,0
C1_n0.03_d000_r02,C1,202610,7.0,7.0,0.0,0.3375,0.3461741804757152,0.35251156494940566,NEAR,NEAR,0.6,1,ENTER_NEAR,,0.03,0
C1_n0.03_d000_r02,C1,202610,7.02,7.02,0.0,0.33575000000000005,0.3168191359707207,0.3435884577047344,NEAR,NEAR,0.6,1,,,0.03,0
C1_n0.03_d000_r02,C1,202610,7.04,7.04,0.0,0.334,0.3334158802684058,0.34104531334565225,NEAR,NEAR,0.6,1,,,0.03,0
C1_n0.03_d000_r02,C1,202610,7.06,7.06,0.0,0.33225000000000005,0.37002886883933883,0.34829120221907384,NEAR,FAR,0.0,1,EXIT_NEAR,,0.03,0
C1_n0.03_d000_r02,C1,202610,7.08,7.08,0.0,0.3305,0.34084507842800577,0.3464296712713068,NEAR,NEAR,0.6,1,ENTER_NEAR,,0.03,0
C1_n0.03_d000_r02,C1,202610,7.1,7.1,0.0,0.32875000000000004,0.31304124211457307,0.33808256398212333,NEAR,NEAR,0.6,1,,,0.03,0
C1_n0.03_d000_r02,C1,202610,7.12,7.12,0.0,0.327,0.3550697721478715,0.3423293660235604,NEAR,FAR,0.0,1,EXIT_NEAR,,0.03,0
C1_n0.03_d000_r02,C1,202610,7.14,7.14,0.0,0.32525000000000004,0.3393011970011315,0.34157232376795316,NEAR,NEAR,0.6,1,ENTER_NEAR,,0.03,0
C1_n0.03_d000_r02,C1,202610,7.16,7.16,0.0,0.3235,0.3339862743706838,0.33967581141863584,NEAR,NEAR,0.6,1,,,0.03,0
C1_n0.03_d000_r02,C1,202610,7.18,7.18,0.0,0.32175000000000004,0.3058186031070191,0.3312115093407317,NEAR,NEAR,0.6,1,,,0.03,0
C1_n0.03_d000_r02,C1,202610,7.2,7.2,0.0,0.32,0.2863223794467936,0.3199892268672472,NEAR,NEAR,0.6,1,,,0.03,0
C1_n0.03_d000_r02,C1,202610,7.22,7.22,0.0,0.31825000000000003,0.32968499665810286,0.3224131693149611,NEAR,NEAR,0.6,1,,,0.03,0
C1_n0.03_d000_r02,C1,202610,7.24,7.24,0.0,0.3165,0.2850034062565406,0.313060728550356,NEAR,NEAR,0.6,1,,,0.03,0
C1_n0.03_d000_r02,C1,202610,7.26,7.26,0.0,0.31475000000000003,0.2979569902412455,0.3092847939730784,NEAR,NEAR,0.6,1,,,0.03,0
C1_n0.03_d000_r02,C1,202610,7.28,7.28,0.0,0.313,0.3202407842048988,0.3120237915310335,NEAR,NEAR,0.6,1,,,0.03,0
C1_n0.03_d000_r02,C1,202610,7.3,7.3,0.0,0.31125,0.32812266961364234,0.3160485110516857,NEAR,NEAR,0.6,1,,,0.03,0
C1_n0.03_d000_r02,C1,202610,7.32,7.32,0.0,0.3095,0.27061213039518556,0.30468941588756066,NEAR,NEAR,0.6,1,,,0.03,0
C1_n0.03_d000_r02,C1,202610,7.34,7.34,0.0,0.30775,0.31664005819492275,0.3076770764644012,NEAR,NEAR,0.6,1,,,0.03,0
C1_n0.03_d000_r02,C1,202610,7.36,7.36,0.0,0.306,0.2907685819353508,0.3034499528321386,NEAR,NEAR,0.6,1,,,0.03,0
C1_n0.03_d000_r02,C1,202610,7.38,7.38,0.0,0.30425,0.3350858288656969,0.31135892184052816,NEAR,NEAR,0.6,1,,,0.03,0
C1_n0.03_d000_r02,C1,202610,7.4,7.4,0.0,0.3025,0.30482648020591985,0.30972581143187605,NEAR,NEAR,0.6,1,,,0.03,0
C1_n0.03_d000_r02,C1,202610,7.42,7.42,0.0,0.30075,0.33027808720189045,0.3148638803743796,NEAR,NEAR,0.6,1,,,0.03,0
C1_n0.03_d000_r02,C1,202610,7.44,7.44,0.0,0.299,0.2913612028426192,0.3089882109914395,NEAR,NEAR,0.6,1,,,0.03,0
C1_n0.03_d000_r02,C1,202610,7.46,7.46,0.0,0.29725,0.3048787062967065,0.30796083481775627,NEAR,NEAR,0.6,1,,,0.03,0
C1_n0.03_d000_r02,C1,202610,7.48,7.48,0.0,0.2955,0.26983234172892423,0.2984287115455483,NEAR,NEAR,0.6,1,,,0.03,0
C1_n0.03_d000_r02,C1,202610,7.5,7.5,0.0,0.29375,0.310696137532873,0.3014955680423795,NEAR,NEAR,0.6,1,,,0.03,0
C1_n0.03_d000_r02,C1,202610,7.52,7.52,0.0,0.29200000000000004,0.27472391464311435,0.2948026546925632,NEAR,NEAR,0.6,1,,,0.03,0
C1_n0.03_d000_r02,C1,202610,7.54,7.54,0.0,0.29025,0.21595067999411105,0.2750896610179502,NEAR,NEAR,0.6,1,,,0.03,0
C1_n0.03_d000_r02,C1,202610,7.56,7.56,0.0,0.28850000000000003,0.2743264985796022,0.2748988704083632,NEAR,NEAR,0.6,1,,,0.03,0
C1_n0.03_d000_r02,C1,202610,7.58,7.58,0.0,0.28675,0.2576064941459719,0.27057577634276536,NEAR,NEAR,0.6,1,,,0.03,0
C1_n0.03_d000_r02,C1,202610,7.6,7.6,0.0,0.28500000000000003,0.27940130971447996,0.27278215968569397,NEAR,NEAR,0.6,1,,,0.03,0
C1_n0.03_d000_r02,C1,202610,7.62,7.62,0.0,0.28325,0.31343380123642617,0.282945070073377,NEAR,NEAR,0.6,1,,,0.03,0
C1_n0.03_d000_r02,C1,202610,7.64,7.64,0.0,0.28150000000000003,0.2610965943464983,0.27748295114165733,NEAR,NEAR,0.6,1,,,0.03,0
C1_n0.03_d000_r02,C1,202610,7.66,7.66,0.0,0.27975,0.3036016945088089,0.28401263698344525,NEAR,NEAR,0.6,1,,,0.03,0
C1_n0.03_d000_r02,C1,202610,7.68,7.68,0.0,0.278,0.22011427323351568,0.2680380460459629,NEAR,NEAR,0.6,1,,,0.03,0
C1_n0.03_d000_r02,C1,202610,7.7,7.7,0.0,0.27625,0.3034655503857435,0.27689492213090805,NEAR,NEAR,0.6,1,,,0.03,0
C1_n0.03_d000_r02,C1,202610,7.72,7.72,0.0,0.2745,0.28325681237395783,0.2784853946916705,NEAR,NEAR,0.6,1,,,0.03,0
C1_n0.03_d000_r02,C1,202610,7.74,7.74,0.0,0.27275,0.24565727561898715,0.27027836492349966,NEAR,NEAR,0.6,1,,,0.03,0
C1_n0.03_d000_r02,C1,202610,7.76,7.76,0.0,0.271,0.2490268438539332,0.26496548465610803,NEAR,NEAR,0.6,1,,,0.03,0
C1_n0.03_d000_r02,C1,202610,7.78,7.78,0.0,0.26925,0.2850858120021743,0.2699955664926246,NEAR,NEAR,0.6,1,,,0.03,0
C1_n0.03_d000_r02,C1,202610,7.8,7.8,0.0,0.2675,0.3216759146289147,0.2829156535266971,NEAR,NEAR,0.6,1,,,0.03,0
C1_n0.03_d000_r02,C1,202610,7.82,7.82,0.0,0.26575,0.24000668157920876,0.272188410539825,NEAR,NEAR,0.6,1,,,0.03,0
C1_n0.03_d000_r02,C1,202610,7.84,7.84,0.0,0.264,0.25724979700198425,0.2684537571553648,NEAR,NEAR,0.6,1,,,0.03,0
C1_n0.03_d000_r02,C1,202610,7.86,7.86,0.0,0.26225,0.25505073677228624,0.26510300205959514,NEAR,NEAR,0.6,1,,,0.03,0
C1_n0.03_d000_r02,C1,202610,7.88,7.88,0.0,0.2605,0.2500777559813258,0.2613466905400278,NEAR,NEAR,0.6,1,,,0.03,0
C1_n0.03_d000_r02,C1,202610,7.9,7.9,0.0,0.25875,0.29069459454803126,0.2686836665420287,NEAR,NEAR,0.6,1,,,0.03,0
C1_n0.03_d000_r02,C1,202610,7.92,7.92,0.0,0.257,0.3136853199313101,0.27993407988934904,NEAR,NEAR,0.6,1,,,0.03,0
C1_n0.03_d000_r02,C1,202610,7.94,7.94,0.0,0.25525,0.27182429810078446,0.27790663444220787,NEAR,NEAR,0.6,1,,,0.03,0
C1_n0.03_d000_r02,C1,202610,7.96,7.96,0.0,0.2535,0.1988946948520092,0.2581536495446582,NEAR,NEAR,0.6,1,,,0.03,0
C1_n0.03_d000_r02,C1,202610,7.98,7.98,0.0,0.25175,0.23498323012244599,0.25236104468910514,NEAR,NEAR,0.6,1,,,0.03,0
C1_n0.03_d000_r02,C1,202610,8.0,8.0,0.0,0.25,0.3034897285230788,0.2651432156475986,NEAR,NEAR,0.6,1,,,0.03,0
C1_n0.03_d000_r02,C1,202610,8.02,8.02,0.0,0.2522533838368113,0.25787917999279214,0.263327206733897,NEAR,NEAR,0.6,1,,,0.03,0
C1_n0.03_d000_r02,C1,202610,8.04,8.04,0.0,0.25445562372365543,0.2688510979440169,0.26470817953642695,NEAR,NEAR,0.6,1,,,0.03,0
C1_n0.03_d000_r02,C1,202610,8.06,8.06,0.0,0.25655673649976407,0.3124197647641609,0.2766360758433604,NEAR,NEAR,0.6,1,,,0.03,0
C1_n0.03_d000_r02,C1,202610,8.08,8.08,0.0,0.25850903423690136,0.2479168500247604,0.2694562693887104,NEAR,NEAR,0.6,1,,,0.03,0
C1_n0.03_d000_r02,C1,202610,8.1,8.1,0.0,0.2602682065889303,0.19889867229893496,0.2518168701162666,NEAR,NEAR,0.6,1,,,0.03,0
C1_n0.03_d000_r02,C1,202610,8.12,8.12,0.0,0.26179432648204926,0.27028236900581476,0.2564332448386536,NEAR,NEAR,0.6,1,,,0.03,0
C1_n0.03_d000_r02,C1,202610,8.14,8.14,0.0,0.26305275632004294,0.23973989076767238,0.2522599063209083,NEAR,NEAR,0.6,1,,,0.03,0
C1_n0.03_d000_r02,C1,202610,8.16,8.16,0.0,0.2640149341368492,0.31479912735487225,0.26789471157939926,NEAR,NEAR,0.6,1,,,0.03,0
C1_n0.03_d000_r02,C1,202610,8.18,8.18,0.0,0.2646590218535229,0.2876009007944217,0.2728212588831549,NEAR,NEAR,0.6,1,,,0.03,0
C1_n0.03_d000_r02,C1,202610,8.2,8.2,0.0,0.26497040092642404,0.240649009944419,0.2647781966484709,NEAR,NEAR,0.6,1,,,0.03,0
C1_n0.03_d000_r02,C1,202610,8.22,8.22,0.0,0.2649420041371476,0.25758574130926143,0.2629800828136685,NEAR,NEAR,0.6,1,,,0.03,0
C1_n0.03_d000_r02,C1,202610,8.24,8.24,0.0,0.2645744759937201,0.2866808423398584,0.26890527269521597,NEAR,NEAR,0.6,1,,,0.03,0
C1_n0.03_d000_r02,C1,202610,8.26,8.26,0.0,0.26387615810251686,0.25323091342187115,0.26498668287687976,NEAR,NEAR,0.6,1,,,0.03,0
C1_n0.03_d000_r02,C1,202610,8.28,8.28,0.0,0.26286289984290484,0.29987485844380213,0.27370872676861036,NEAR,NEAR,0.6,1,,,0.03,0
C1_n0.03_d000_r02,C1,202610,8.3,8.3,0.0,0.2615576986416368,0.24113226491976752,0.26556461130639963,NEAR,NEAR,0.6,1,,,0.03,0
C1_n0.03_d000_r02,C1,202610,8.32,8.32,0.0,0.25999017801151375,0.25073020968804194,0.2618560109018102,NEAR,NEAR,0.6,1,,,0.03,0
C1_n0.03_d000_r02,C1,202610,8.34,8.34,0.0,0.25819591520101404,0.2438267243637579,0.25734868926729715,NEAR,NEAR,0.6,1,,,0.03,0
C1_n0.03_d000_r02,C1,202610,8.36,8.36,0.0,0.2562156337148993,0.20228789197772146,0.24358348994490323,NEAR,NEAR,0.6,1,,,0.03,0
C1_n0.03_d000_r02,C1,202610,8.38,8.38,0.0,0.2540942790327598,0.22692298628735152,0.2394183640305153,NEAR,NEAR,0.6,1,,,0.03,0
C1_n0.03_d000_r02,C1,202610,8.4,8.4,0.0,0.25187999850346454,0.23202771420345386,0.23757070157374993,NEAR,NEAR,0.6,1,,,0.03,0
C1_n0.03_d000_r02,C1,202610,8.42,8.42,0.0,0.24962304856834994,0.22915948204604855,0.23546789669182458,NEAR,NEAR,0.6,1,,,0.03,0
C1_n0.03_d000_r02,C1,202610,8.44,8.44,0.0,0.2473746541153709,0.21881381471659564,0.23130437619801736,NEAR,NEAR,0.6,1,,,0.03,0
C1_n0.03_d000_r02,C1,202610,8.46,8.46,0.0,0.24518584585289177,0.23753976831589194,0.232863224227486,NEAR,NEAR,0.6,1,,,0.03,0
C1_n0.03_d000_r02,C1,202610,8.48,8.48,0.0,0.24310630209067763,0.24497333464704232,0.2358907518323751,NEAR,NEAR,0.6,1,,,0.03,0
C1_n0.03_d000_r02,C1,202610,8.5,8.5,0.0,0.24118322121561292,0.2316796433983868,0.23483797472387802,NEAR,NEAR,0.6,1,,,0.03,0
C1_n0.03_d000_r02,C1,202610,8.52,8.52,0.0,0.2394602504530173,0.2753918083756546,0.24497643313682216,NEAR,NEAR,0.6,1,,,0.03,0
C1_n0.03_d000_r02,C1,202610,8.54,8.54,0.0,0.23797649522693692,0.1754185440103728,0.22758696085520982,NEAR,NEAR,0.6,1,,,0.03,0
C1_n0.03_d000_r02,C1,202610,8.56,8.56,0.0,0.23676563160347566,0.2538288486421188,0.23414743280193706,NEAR,NEAR,0.6,1,,,0.03,0
C1_n0.03_d000_r02,C1,202610,8.58,8.58,0.0,0.23585514196160703,0.23133124809656339,0.23344338662559364,NEAR,NEAR,0.6,1,,,0.03,0
C1_n0.03_d000_r02,C1,202610,8.6,8.6,0.0,0.23526569123906968,0.22773539577304958,0.23201638891245763,NEAR,NEAR,0.6,1,,,0.03,0
C1_n0.03_d000_r02,C1,202610,8.62,8.62,0.0,0.23501065791039116,0.22735597942691216,0.2308512865410713,NEAR,NEAR,0.6,1,,,0.03,0
C1_n0.03_d000_r02,C1,202610,8.64,8.64,0.0,0.23509583034219989,0.20920894632375572,0.22544070148674242,NEAR,NEAR,0.6,1,,,0.03,0
C1_n0.03_d000_r02,C1,202610,8.66,8.66,0.0,0.2355192754175009,0.25261963123694026,0.23223543392429186,NEAR,NEAR,0.6,1,,,0.03,0
C1_n0.03_d000_r02,C1,202610,8.68,8.68,0.0,0.23627138241068624,0.20808347193249463,0.22619744342634257,NEAR,NEAR,0.6,1,,,0.03,0
C1_n0.03_d000_r02,C1,202610,8.7,8.7,0.0,0.23733508111746973,0.234174254590606,0.22819164621740845,NEAR,NEAR,0.6,1,,,0.03,0
C1_n0.03_d000_r02,C1,202610,8.72,8.72,0.0,0.2386862292889585,0.2384095472669597,0.23074612147979626,NEAR,NEAR,0.6,1,,,0.03,0
C1_n0.03_d000_r02,C1,202610,8.74,8.74,0.0,0.24029416057645836,0.25656533320091035,0.2372009244100748,NEAR,NEAR,0.6,1,,,0.03,0
C1_n0.03_d000_r02,C1,202610,8.76,8.76,0.0,0.24212238055058052,0.2527694474894001,0.24109305517990612,NEAR,NEAR,0.6,1,,,0.03,0
C1_n0.03_d000_r02,C1,202610,8.78,8.78,0.0,0.24412939499744188,0.30450942337938536,0.25694714722977596,NEAR,NEAR,0.6,1,,,0.03,0
C1_n0.03_d000_r02,C1,202610,8.8,8.8,0.0,0.24626965169252724,0.2828559183988359,0.26342434002204096,NEAR,NEAR,0.6,1,,,0.03,0
C1_n0.03_d000_r02,C1,202610,8.82,8.82,0.0,0.2484945742772318,0.19161605381337213,0.24547226846987374,NEAR,NEAR,0.6,1,,,0.03,0
C1_n0.03_d000_r02,C1,202610,8.84,8.84,0.0,0.2507536647726965,0.28455773103698273,0.25524363411165096,NEAR,NEAR,0.6,1,,,0.03,0
C1_n0.03_d000_r02,C1,202610,8.86,8.86,0.0,0.25299564970771604,0.2486477079674569,0.25359465257560243,NEAR,NEAR,0.6,1,,,0.03,0
C1_n0.03_d000_r02,C1,202610,8.88,8.88,0.0,0.2551696438476178,0.2459880384900487,0.251692999054214,NEAR,NEAR,0.6,1,,,0.03,0
C1_n0.03_d000_r02,C1,202610,8.9,8.9,0.0,0.2572263051115258,0.3086496698076562,0.2659321667425745,NEAR,NEAR,0.6,1,,,0.03,0
C1_n0.03_d000_r02,C1,202610,8.92,8.92,0.0,0.25911895446541905,0.2586594196268497,0.26411397996364333,NEAR,NEAR,0.6,1,,,0.03,0
C1_n0.03_d000_r02,C1,202610,8.94,8.94,0.0,0.26080463537331855,0.22678117230501615,0.2547807780489865,NEAR,NEAR,0.6,1,,,0.03,0
C1_n0.03_d000_r02,C1,202610,8.96,8.96,0.0,0.2622450887607578,0.2855129337959206,0.26246381698572,NEAR,NEAR,0.6,1,,,0.03,0
C1_n0.03_d000_r02,C1,202610,8.98,8.98,0.0,0.263407621362269,0.2322346981090831,0.25490653726656076,NEAR,NEAR,0.6,1,,,0.03,0
C1_n0.03_d000_r02,C1,202610,9.0,9.0,0.0,0.2642658477444273,0.24554341408795424,0.25256575647190915,NEAR,NEAR,0.6,1,,,0.03,0
C1_n0.03_d000_r02,C1,202610,9.02,9.02,0.0,0.264800289163118,0.24876912922205732,0.2516165996594462,NEAR,NEAR,0.6,1,,,0.03,0
C1_n0.03_d000_r02,C1,202610,9.04,9.04,0.0,0.2649988156630572,0.24967215972973353,0.25113048967701807,NEAR,NEAR,0.6,1,,,0.03,0
C1_n0.03_d000_r02,C1,202610,9.06,9.06,0.0,0.26485692138544975,0.2713047554269205,0.2561740561144937,NEAR,NEAR,0.6,1,,,0.03,0
C1_n0.03_d000_r02,C1,202610,9.08,9.08,0.0,0.2643778268352606,0.2626689923049573,0.2577977901621096,NEAR,NEAR,0.6,1,,,0.03,0
C1_n0.03_d000_r02,C1,202610,9.1,9.1,0.0,0.2635724057869903,0.26202378587709885,0.2588542890908569,NEAR,NEAR,0.6,1,,,0.03,0
C1_n0.03_d000_r02,C1,202610,9.12,9.12,0.0,0.2624589384879372,0.28857454069701816,0.2662843519923972,NEAR,NEAR,0.6,1,,,0.03,0
C1_n0.03_d000_r02,C1,202610,9.14,9.14,0.0,0.2610626967603726,0.20677422803216922,0.2514068210023402,NEAR,NEAR,0.6,1,,,0.03,0
C1_n0.03_d000_r02,C1,202610,9.16,9.16,0.0,0.25941537041936047,0.2297544436313848,0.24599372665960134,NEAR,NEAR,0.6,1,,,0.03,0
C1_n0.03_d000_r02,C1,202610,9.18,9.18,0.0,0.2575543480245365,0.2694250718508579,0.2518515629574155,NEAR,NEAR,0.6,1,,,0.03,0
C1_n0.03_d000_r02,C1,202610,9.2,9.2,0.0,0.25552186829027024,0.2697190422421746,0.2563184327786053,NEAR,NEAR,0.6,1,,,0.03,0
C1_n0.03_d000_r02,C1,202610,9.22,9.22,0.0,0.25336406141424067,0.1699405437103591,0.23472396051154376,NEAR,NEAR,0.6,1,,,0.03,0
C1_n0.03_d000_r02,C1,202610,9.24,9.24,0.0,0.25112990208291897,0.2739934542331101,0.24454133394193533,NEAR,NEAR,0.6,1,,,0.03,0
C1_n0.03_d000_r02,C1,202610,9.26,9.26,0.0,0.24887009791708103,0.23727325275743738,0.24272431364581085,NEAR,NEAR,0.6,1,,,0.03,0
C1_n0.03_d000_r02,C1,202610,9.28,9.28,0.0,0.24663593858575936,0.29792849152959794,0.25652535811675764,NEAR,NEAR,0.6,1,,,0.03,0
C1_n0.03_d000_r02,C1,202610,9.3,9.3,0.0,0.24447813170972976,0.2753926423685028,0.26124217917969395,NEAR,NEAR,0.6,1,,,0.03,0
C1_n0.03_d000_r02,C1,202610,9.32,9.32,0.0,0.24244565197546356,0.2805941691133365,0.2660801766631046,NEAR,NEAR,0.6,1,,,0.03,0
C1_n0.03_d000_r02,C1,202610,9.34,9.34,0.0,0.2405846295806395,0.22196310617960907,0.2550509090422307,NEAR,NEAR,0.6,1,,,0.03,0
C1_n0.03_d000_r02,C1,202610,9.36,9.36,0.0,0.23893730323962742,0.17908785346420206,0.23606014514772355,NEAR,NEAR,0.6,1,,,0.03,0
C1_n0.03_d000_r02,C1,202610,9.38,9.38,0.0,0.23754106151206275,0.2383351864195281,0.2366289054656747,NEAR,NEAR,0.6,1,,,0.03,0
C1_n0.03_d000_r02,C1,202610,9.4,9.4,0.0,0.23642759421300968,0.22246741699021785,0.23308853334681048,NEAR,NEAR,0.6,1,,,0.03,0
C1_n0.03_d000_r02,C1,202610,9.42,9.42,0.0,0.23562217316473935,0.27531285385710375,0.24364461347438382,NEAR,NEAR,0.6,1,,,0.03,0
C1_n0.03_d000_r02,C1,202610,9.44,9.44,0.0,0.23514307861455025,0.28884909126053654,0.254945732920922,NEAR,NEAR,0.6,1,,,0.03,0
C1_n0.03_d000_r02,C1,202610,9.46,9.46,0.0,0.23500118433694275,0.19907905386099195,0.24097906315593948,NEAR,NEAR,0.6,1,,,0.03,0
C1_n0.03_d000_r02,C1,202610,9.48,9.48,0.0,0.235199710836882,0.24024701298883092,0.24079605061416234,NEAR,NEAR,0.6,1,,,0.03,0
C1_n0.03_d000_r02,C1,202610,9.5,9.5,0.0,0.2357341522555727,0.24790379606859908,0.24257298697777152,NEAR,NEAR,0.6,1,,,0.03,0
C1_n0.03_d000_r02,C1,202610,9.52,9.52,0.0,0.23659237863773103,0.2711323951902422,0.2497128390308892,NEAR,NEAR,0.6,1,,,0.03,0
C1_n0.03_d000_r02,C1,202610,9.54,9.54,0.0,0.2377549112392422,0.2575396638707739,0.2516695452408604,NEAR,NEAR,0.6,1,,,0.03,0
C1_n0.03_d000_r02,C1,202610,9.56,9.56,0.0,0.23919536462668142,0.1914780247965594,0.23662166512978514,NEAR,NEAR,0.6,1,,,0.03,0
C1_n0.03_d000_r02,C1,202610,9.58,9.58,0.0,0.24088104553458092,0.2320516635950295,0.23547916474609623,NEAR,NEAR,0.6,1,,,0.03,0
C1_n0.03_d000_r02,C1,202610,9.6,9.6,0.0,0.24277369488847422,0.2534779489047094,0.23997886078574954,NEAR,NEAR,0.6,1,,,0.03,0
C1_n0.03_d000_r02,C1,202610,9.62,9.62,0.0,0.24483035615238213,0.2792478171993089,0.24979609988913937,NEAR,NEAR,0.6,1,,,0.03,0
C1_n0.03_d000_r02,C1,202610,9.64,9.64,0.0,0.24700435029228393,0.2586670795402145,0.25201384480190814,NEAR,NEAR,0.6,1,,,0.03,0
C1_n0.03_d000_r02,C1,202610,9.66,9.66,0.0,0.24924633522730347,0.24600105390590205,0.2505106470779066,NEAR,NEAR,0.6,1,,,0.03,0
C1_n0.03_d000_r02,C1,202610,9.68,9.68,0.0,0.2515054257227682,0.27726322274195075,0.2571987909939176,NEAR,NEAR,0.6,1,,,0.03,0
C1_n0.03_d000_r02,C1,202610,9.7,9.7,0.0,0.25373034830747276,0.2898800626899976,0.26536910891793764,NEAR,NEAR,0.6,1,,,0.03,0
C1_n0.03_d000_r02,C1,202610,9.72,9.72,0.0,0.2558706050025581,0.24345884110950328,0.25989154196582903,NEAR,NEAR,0.6,1,,,0.03,0
C1_n0.03_d000_r02,C1,202610,9.74,9.74,0.0,0.25787761944941945,0.24737030113787153,0.2567612317588397,NEAR,NEAR,0.6,1,,,0.03,0
C1_n0.03_d000_r02,C1,202610,9.76,9.76,0.0,0.25970583942354164,0.24415253706753615,0.2536090580860138,NEAR,NEAR,0.6,1,,,0.03,0
C1_n0.03_d000_r02,C1,202610,9.78,9.78,0.0,0.2613137707110415,0.24009048475482564,0.2502294147532168,NEAR,NEAR,0.6,1,,,0.03,0
C1_n0.03_d000_r02,C1,202610,9.8,9.8,0.0,0.26266491888253024,0.2752313307023781,0.2564798937405071,NEAR,NEAR,0.6,1,,,0.03,0
C1_n0.03_d000_r02,C1,202610,9.82,9.82,0.0,0.26372861758931376,0.2527874769380485,0.25555678953989247,NEAR,NEAR,0.6,1,,,0.03,0
C1_n0.03_d000_r02,C1,202610,9.84,9.84,0.0,0.2644807245824991,0.29082286942681684,0.2643733095116236,NEAR,NEAR,0.6,1,,,0.03,0
C1_n0.03_d000_r02,C1,202610,9.86,9.86,0.0,0.2649041696578001,0.2536229179558605,0.2616857116226828,NEAR,NEAR,0.6,1,,,0.03,0
C1_n0.03_d000_r02,C1,202610,9.88,9.88,0.0,0.26498934208960884,0.2913314798631793,0.26909715368280696,NEAR,NEAR,0.6,1,,,0.03,0
C1_n0.03_d000_r02,C1,202610,9.9,9.9,0.0,0.26473430876093035,0.2679344982067301,0.26880648981378774,NEAR,NEAR,0.6,1,,,0.03,0
C1_n0.03_d000_r02,C1,202610,9.92,9.92,0.0,0.264144858038393,0.2338067073424257,0.26005654419594726,NEAR,NEAR,0.6,1,,,0.03,0
C1_n0.03_d000_r02,C1,202610,9.94,9.94,0.0,0.2632343683965243,0.2667991723458258,0.2617422012334169,NEAR,NEAR,0.6,1,,,0.03,0
C1_n0.03_d000_r02,C1,202610,9.96,9.96,0.0,0.2620235047730631,0.24312041407538457,0.2570867544439088,NEAR,NEAR,0.6,1,,,0.03,0
C1_n0.03_d000_r02,C1,202610,9.98,9.98,0.0,0.2605397495469827,0.23383898239662357,0.2512748114320875,NEAR,NEAR,0.6,1,,,0.03,0
C1_n0.03_d000_r02,C1,202610,10.0,10.0,0.0,0.2588167787843871,0.29860702002406153,0.26310786358008104,NEAR,NEAR,0.6,1,,,0.03,0
C1_n0.03_d000_r02,C1,202610,10.02,10.02,0.0,0.25689369790932237,0.2819437754408922,0.26781684154528385,NEAR,NEAR,0.6,1,,,0.03,0
C1_n0.03_d000_r02,C1,202610,10.04,10.04,0.0,0.25481415414710823,0.27670026615421406,0.2700376976975164,NEAR,NEAR,0.6,1,,,0.03,0
C1_n0.03_d000_r02,C1,202610,10.06,10.06,0.0,0.2526253458846291,0.25305162628605216,0.26579117984465034,NEAR,NEAR,0.6,1,,,0.03,0
C1_n0.03_d000_r02,C1,202610,10.08,10.08,0.0,0.25037695143165006,0.25978816019133844,0.2642904249313224,NEAR,NEAR,0.6,1,,,0.03,0
C1_n0.03_d000_r02,C1,202610,10.1,10.1,0.0,0.24812000149653549,0.25257531625195206,0.2613616477614798,NEAR,NEAR,0.6,1,,,0.03,0
C1_n0.03_d000_r02,C1,202610,10.12,10.12,0.0,0.24590572096724023,0.27582259260125974,0.2649768839714248,NEAR,NEAR,0.6,1,,,0.03,0
C1_n0.03_d000_r02,C1,202610,10.14,10.14,0.0,0.24378436628510067,0.20655814408876197,0.25037219900075913,NEAR,NEAR,0.6,1,,,0.03,0
C1_n0.03_d000_r02,C1,202610,10.16,10.16,0.0,0.24180408479898596,0.21831453359243963,0.24235778264867924,NEAR,NEAR,0.6,1,,,0.03,0
C1_n0.03_d000_r02,C1,202610,10.18,10.18,0.0,0.24000982198848625,0.22525263285482855,0.23808149520021657,NEAR,NEAR,0.6,1,,,0.03,0
C1_n0.03_d000_r02,C1,202610,10.2,10.2,0.0,0.23844230135836322,0.23107491449788164,0.23632985002463283,NEAR,NEAR,0.6,1,,,0.03,0
C1_n0.03_d000_r02,C1,202610,10.22,10.22,0.0,0.2371371001570952,0.2509339625190203,0.23998087814822971,NEAR,NEAR,0.6,1,,,0.03,0
C1_n0.03_d000_r02,C1,202610,10.24,10.24,0.0,0.23612384189748312,0.25480422180261825,0.24368671406182685,NEAR,NEAR,0.6,1,,,0.03,0
C1_n0.03_d000_r02,C1,202610,10.26,10.26,0.0,0.2354255240062799,0.2353010125229325,0.24159028867710325,NEAR,NEAR,0.6,1,,,0.03,0
C1_n0.03_d000_r02,C1,202610,10.28,10.28,0.0,0.23505799586285242,0.24150110887679116,0.2415679937270252,NEAR,NEAR,0.6,1,,,0.03,0
C1_n0.03_d000_r02,C1,202610,10.3,10.3,0.0,0.23502959907357593,0.24138314076236472,0.2415217804858601,NEAR,NEAR,0.6,1,,,0.03,0
C1_n0.03_d000_r02,C1,202610,10.32,10.32,0.0,0.23534097814647711,0.17930255598310602,0.2259669743601716,NEAR,NEAR,0.6,1,,,0.03,0
C1_n0.03_d000_r02,C1,202610,10.34,10.34,0.0,0.23598506586315082,0.23535377431752666,0.2283136743495104,NEAR,NEAR,0.6,1,,,0.03,0
C1_n0.03_d000_r02,C1,202610,10.36,10.36,0.0,0.23694724367995706,0.22878253832344606,0.2284308903429943,NEAR,NEAR,0.6,1,,,0.03,0
C1_n0.03_d000_r02,C1,202610,10.38,10.38,0.0,0.23820567351795077,0.213801980735326,0.2247736629410772,NEAR,NEAR,0.6,1,,,0.03,0
C1_n0.03_d000_r02,C1,202610,10.4,10.4,0.0,0.2397317934110697,0.23013681076928091,0.22611444989812812,NEAR,NEAR,0.6,1,,,0.03,0
C1_n0.03_d000_r02,C1,202610,10.42,10.42,0.0,0.24149096576309861,0.27195931490843783,0.23757566615070555,NEAR,NEAR,0.6,1,,,0.03,0
C1_n0.03_d000_r02,C1,202610,10.44,10.44,0.0,0.24344326350023596,0.17473903844305438,0.22186650922379275,NEAR,NEAR,0.6,1,,,0.03,0
C1_n0.03_d000_r02,C1,202610,10.46,10.46,0.0,0.2455443762763446,0.2556634648125513,0.23031574812098238,NEAR,NEAR,0.6,1,,,0.03,0
C1_n0.03_d000_r02,C1,202610,10.48,10.48,0.0,0.24774661616318866,0.23610791914295975,0.23176379087647675,NEAR,NEAR,0.6,1,,,0.03,0
C1_n0.03_d000_r02,C1,202610,10.5,10.5,0.0,0.25,0.21798211459920722,0.2283183718071594,NEAR,NEAR,0.6,1,,,0.03,0
C1_n0.03_d000_r02,C1,202610,10.52,10.52,0.0,0.2522533838368113,0.24691777830510442,0.23296822343164564,NEAR,NEAR,0.6,1,,,0.03,0
C1_n0.03_d000_r02,C1,202610,10.54,10.54,0.0,0.2544556237236554,0.20557218676159175,0.22611921426413215,NEAR,NEAR,0.6,1,,,0.03,0
C1_n0.03_d000_r02,C1,202610,10.56,10.56,0.0,0.256556736499764,0.25398397704989273,0.23308540496057228,NEAR,NEAR,0.6,1,,,0.03,0
C1_n0.03_d000_r02,C1,202610,10.58,10.58,0.0,0.25850903423690136,0.25267054012769413,0.23798168875235276,NEAR,NEAR,0.6,1,,,0.03,0
C1_n0.03_d000_r02,C1,202610,10.6,10.6,0.0,0.2602682065889303,0.26979448790109395,0.24593488853953807,NEAR,NEAR,0.6,1,,,0.03,0
C1_n0.03_d000_r02,C1,202610,10.62,10.62,0.0,0.2617943264820492,0.23356817853416031,0.24284321103819365,NEAR,NEAR,0.6,1,,,0.03,0
C1_n0.03_d000_r02,C1,202610,10.64,10.64,0.0,0.26305275632004294,0.24446869556126513,0.24324958216896153,NEAR,NEAR,0.6,1,,,0.03,0
C1_n0.03_d000_r02,C1,202610,10.66,10.66,0.0,0.2640149341368492,0.26777887494076225,0.2493819053619117,NEAR,NEAR,0.6,1,,,0.03,0
C1_n0.03_d000_r02,C1,202610,10.68,10.68,0.0,0.2646590218535229,0.23607382218271636,0.24605488456711286,NEAR,NEAR,0.6,1,,,0.03,0
C1_n0.03_d000_r02,C1,202610,10.7,10.7,0.0,0.26497040092642404,0.2543984409996641,0.24814077367525067,NEAR,NEAR,0.6,1,,,0.03,0
C1_n0.03_d000_r02,C1,202610,10.72,10.72,0.0,0.2649420041371476,0.23250114058995477,0.2442308654039267,NEAR,NEAR,0.6,1,,,0.03,0
C1_n0.03_d000_r02,C1,202610,10.74,10.74,0.0,0.2645744759937201,0.28084317459242875,0.2533839427010522,NEAR,NEAR,0.6,1,,,0.03,0
C1_n0.03_d000_r02,C1,202610,10.76,10.76,0.0,0.26387615810251686,0.22842705486242218,0.24714472074139468,NEAR,NEAR,0.6,1,,,0.03,0
C1_n0.03_d000_r02,C1,202610,10.78,10.78,0.0,0.26286289984290484,0.272362245135842,0.2534491018400065,NEAR,NEAR,0.6,1,,,0.03,0
C1_n0.03_d000_r02,C1,202610,10.8,10.8,0.0,0.2615576986416368,0.3310079348647587,0.2728388100961946,NEAR,NEAR,0.6,1,,,0.03,0
C1_n0.03_d000_r02,C1,202610,10.82,10.82,0.0,0.25999017801151375,0.270410176161542,0.27223165161253143,NEAR,NEAR,0.6,1,,,0.03,0
C1_n0.03_d000_r02,C1,202610,10.84,10.84,0.0,0.25819591520101404,0.2828885160575937,0.27489586772379704,NEAR,NEAR,0.6,1,,,0.03,0
C1_n0.03_d000_r02,C1,202610,10.86,10.86,0.0,0.25621563371489936,0.26151836645181575,0.27155149240580173,NEAR,NEAR,0.6,1,,,0.03,0
C1_n0.03_d000_r02,C1,202610,10.88,10.88,0.0,0.2540942790327598,0.28927398223249967,0.2759821148624762,NEAR,NEAR,0.6,1,,,0.03,0
C1_n0.03_d000_r02,C1,202610,10.9,10.9,0.0,0.2518799985034645,0.22470506038545915,0.263162851243222,NEAR,NEAR,0.6,1,,,0.03,0
C1_n0.03_d000_r02,C1,202610,10.92,10.92,0.0,0.24962304856834996,0.2637878116762079,0.26331909135146847,NEAR,NEAR,0.6,1,,,0.03,0
C1_n0.03_d000_r02,C1,202610,10.94,10.94,0.0,0.24737465411537093,0.22879699995380112,0.2546885685020516,NEAR,NEAR,0.6,1,,,0.03,0
C1_n0.03_d000_r02,C1,202610,10.96,10.96,0.0,0.24518584585289174,0.2594601224353395,0.25588145698537357,NEAR,NEAR,0.6,1,,,0.03,0
C1_n0.03_d000_r02,C1,202610,10.98,10.98,0.0,0.24310630209067766,0.30754784680350217,0.26879805443990573,NEAR,NEAR,0.6,1,,,0.03,0
C1_n0.03_d000_r02,C1,202610,11.0,11.0,0.0,0.24118322121561292,0.2553718757904413,0.2654415097775396,NEAR,NEAR,0.6,1,,,0.03,0
C1_n0.03_d000_r02,C1,202610,11.02,11.02,0.0,0.2394602504530173,0.27662901807729523,0.2682383868524785,NEAR,NEAR,0.6,1,,,0.03,0
C1_n0.03_d000_r02,C1,202610,11.04,11.04,0.0,0.23797649522693692,0.2383001577527284,0.260753829577541,NEAR,NEAR,0.6,1,,,0.03,0
C1_n0.03_d000_r02,C1,202610,11.06,11.06,0.0,0.2367656316034757,0.2319009727240241,0.2535406153641618,NEAR,NEAR,0.6,1,,,0.03,0
C1_n0.03_d000_r02,C1,202610,11.08,11.08,0.0,0.23585514196160703,0.2097183223976169,0.24258504212252557,NEAR,NEAR,0.6,1,,,0.03,0
C1_n0.03_d000_r02,C1,202610,11.1,11.1,0.0,0.23526569123906968,0.2284998532992519,0.23906374491670718,NEAR,NEAR,0.6,1,,,0.03,0
C1_n0.03_d000_r02,C1,202610,11.12,11.12,0.0,0.23501065791039116,0.22810606179907442,0.23632432413729898,NEAR,NEAR,0.6,1,,,0.03,0
C1_n0.03_d000_r02,C1,202610,11.14,11.14,0.0,0.23509583034219989,0.22453121543148621,0.2333760469608458,NEAR,NEAR,0.6,1,,,0.03,0
C1_n0.03_d000_r02,C1,202610,11.16,11.16,0.0,0.2355192754175009,0.22436041733775933,0.23112213955507419,NEAR,NEAR,0.6,1,,,0.03,0
C1_n0.03_d000_r02,C1,202610,11.18,11.18,0.0,0.2362713824106862,0.25533463052962146,0.237175262298711,NEAR,NEAR,0.6,1,,,0.03,0
C1_n0.03_d000_r02,C1,202610,11.2,11.2,0.0,0.23733508111746973,0.28118946242476484,0.24817881233022446,NEAR,NEAR,0.6,1,,,0.03,0
C1_n0.03_d000_r02,C1,202610,11.22,11.22,0.0,0.23868622928895847,0.2764043127933404,0.25523518744600343,NEAR,NEAR,0.6,1,,,0.03,0
C1_n0.03_d000_r02,C1,202610,11.24,11.24,0.0,0.24029416057645833,0.2431275745136983,0.2522082842129271,NEAR,NEAR,0.6,1,,,0.03,0
C1_n0.03_d000_r02,C1,202610,11.26,11.26,0.0,0.24212238055058055,0.2660614033318608,0.25567156399266056,NEAR,NEAR,0.6,1,,,0.03,0
C1_n0.03_d000_r02,C1,202610,11.28,11.28,0.0,0.2441293949974419,0.26682663000434026,0.2584603304955805,NEAR,NEAR,0.6,1,,,0.03,0
C1_n0.03_d000_r02,C1,202610,11.3,11.3,0.0,0.24626965169252724,0.23319498585356885,0.25214399433507756,NEAR,NEAR,0.6,1,,,0.03,0
C1_n0.03_d000_r02,C1,202610,11.32,11.32,0.0,0.2484945742772318,0.2982496295237912,0.263670403132256,NEAR,NEAR,0.6,1,,,0.03,0
C1_n0.03_d000_r02,C1,202610,11.34,11.34,0.0,0.25075366477269656,0.26537252579969844,0.2640959337991166,NEAR,NEAR,0.6,1,,,0.03,0
C1_n0.03_d000_r02,C1,202610,11.36,11.36,0.0,0.252995649707716,0.26917397801639165,0.2653654448534354,NEAR,NEAR,0.6,1,,,0.03,0
C1_n0.03_d000_r02,C1,202610,11.38,11.38,0.0,0.2551696438476178,0.2532096163234451,0.2623264877209378,NEAR,NEAR,0.6,1,,,0.03,0
C1_n0.03_d000_r02,C1,202610,11.4,11.4,0.0,0.2572263051115258,0.24425011347778208,0.25780739416014886,NEAR,NEAR,0.6,1,,,0.03,0
C1_n0.03_d000_r02,C1,202610,11.42,11.42,0.0,0.25911895446541905,0.22977132325687244,0.2507983764343298,NEAR,NEAR,0.6,1,,,0.03,0
C1_n0.03_d000_r02,C1,202610,11.44,11.44,0.0,0.26080463537331855,0.28715379319458856,0.25988723062439445,NEAR,NEAR,0.6,1,,,0.03,0
C1_n0.03_d000_r02,C1,202610,11.46,11.46,0.0,0.2622450887607578,0.2718321927337512,0.26287347115173365,NEAR,NEAR,0.6,1,,,0.03,0
C1_n0.03_d000_r02,C1,202610,11.48,11.48,0.0,0.263407621362269,0.22732794269535112,0.253987089037638,NEAR,NEAR,0.6,1,,,0.03,0
C1_n0.03_d000_r02,C1,202610,11.5,11.5,0.0,0.2642658477444273,0.25020846366196553,0.2530424326937199,NEAR,NEAR,0.6,1,,,0.03,0
C1_n0.03_d000_r02,C1,202610,11.52,11.52,0.0,0.264800289163118,0.3160964495972617,0.2688059369196053,NEAR,NEAR,0.6,1,,,0.03,0
C1_n0.03_d000_r02,C1,202610,11.54,11.54,0.0,0.2649988156630572,0.2694963977398972,0.26897855212467825,NEAR,NEAR,0.6,1,,,0.03,0
C1_n0.03_d000_r02,C1,202610,11.56,11.56,0.0,0.26485692138544975,0.23625334029583483,0.2607972491674674,NEAR,NEAR,0.6,1,,,0.03,0
C1_n0.03_d000_r02,C1,202610,11.58,11.58,0.0,0.2643778268352606,0.26155297250951876,0.26098618000298024,NEAR,NEAR,0.6,1,,,0.03,0
C1_n0.03_d000_r02,C1,202610,11.6,11.6,0.0,0.2635724057869903,0.24048618949167036,0.25586118237515276,NEAR,NEAR,0.6,1,,,0.03,0
C1_n0.03_d000_r02,C1,202610,11.62,11.62,0.0,0.2624589384879373,0.22694239487321358,0.24863148549966796,NEAR,NEAR,0.6,1,,,0.03,0
C1_n0.03_d000_r02,C1,202610,11.64,11.64,0.0,0.2610626967603726,0.28402880983977846,0.25748081658469557,NEAR,NEAR,0.6,1,,,0.03,0
C1_n0.03_d000_r02,C1,202610,11.66,11.66,0.0,0.2594153704193605,0.27671302986985685,0.2622888699059859,NEAR,NEAR,0.6,1,,,0.03,0
C1_n0.03_d000_r02,C1,202610,11.68,11.68,0.0,0.2575543480245365,0.234994736555987,0.25546533656848613,NEAR,NEAR,0.6,1,,,0.03,0
C1_n0.03_d000_r02,C1,202610,11.7,11.7,0.0,0.25552186829027024,0.1911897937117756,0.2393964508543085,NEAR,NEAR,0.6,1,,,0.03,0
C1_n0.03_d000_r02,C1,202610,11.72,11.72,0.0,0.25336406141424067,0.21849171623817581,0.23417026720027534,NEAR,NEAR,0.6,1,,,0.03,0
C1_n0.03_d000_r02,C1,202610,11.74,11.74,0.0,0.25112990208291897,0.25941899176973476,0.2404824483426402,NEAR,NEAR,0.6,1,,,0.03,0
C1_n0.03_d000_r02,C1,202610,11.76,11.76,0.0,0.24887009791708103,0.24737298892171763,0.24220508348740957,NEAR,NEAR,0.6,1,,,0.03,0
C1_n0.03_d000_r02,C1,202610,11.78,11.78,0.0,0.24663593858575936,0.2532562772288214,0.24496788192276253,NEAR,NEAR,0.6,1,,,0.03,0
C1_n0.03_d000_r02,C1,202610,11.8,11.8,0.0,0.2444781317097298,0.26226397042236055,0.24929190404766205,NEAR,NEAR,0.6,1,,,0.03,0
C1_n0.03_d000_r02,C1,202610,11.82,11.82,0.0,0.24244565197546356,0.23090592837851748,0.24469541013037593,NEAR,NEAR,0.6,1,,,0.03,0
C1_n0.03_d000_r02,C1,202610,11.84,11.84,0.0,0.2405846295806395,0.21463135266773678,0.23717939576471614,NEAR,NEAR,0.6,1,,,0.03,0
C1_n0.03_d000_r02,C1,202610,11.86,11.86,0.0,0.23893730323962745,0.28771048934652255,0.24981216916016774,NEAR,NEAR,0.6,1,,,0.03,0
C1_n0.03_d000_r02,C1,202610,11.88,11.88,0.0,0.23754106151206278,0.23730664175265814,0.24668578730829033,NEAR,NEAR,0.6,1,,,0.03,0
C1_n0.03_d000_r02,C1,202610,11.9,11.9,0.0,0.23642759421300968,0.2356087063612014,0.24391651707151807,NEAR,NEAR,0.6,1,,,0.03,0
C1_n0.03_d000_r02,C1,202610,11.92,11.92,0.0,0.23562217316473938,0.2503249907961292,0.24551863550267083,NEAR,NEAR,0.6,1,,,0.03,0
C1_n0.03_d000_r02,C1,202610,11.94,11.94,0.0,0.23514307861455025,0.27039600407502073,0.25173797764575834,NEAR,NEAR,0.6,1,,,0.03,0
C1_n0.03_d000_r02,C1,202610,11.96,11.96,0.0,0.23500118433694275,0.2093722034917542,0.2411465341072573,NEAR,NEAR,0.6,1,,,0.03,0
C1_n0.03_d000_r02,C1,202610,11.98,11.98,0.0,0.235199710836882,0.23269884415125514,0.2390346116182568,NEAR,NEAR,0.6,1,,,0.03,0
C1_n0.03_d000_r02,C1,202610,12.0,12.0,0.0,0.25,0.24109953048454105,0.23955084133482785,NEAR,NEAR,0.6,1,,,0.03,0
C1_n0.03_d000_r02,C1,202610,12.02,12.02,0.0,0.25175,0.30609683131763654,0.25618733883053,NEAR,NEAR,0.6,1,,,0.03,0
C1_n0.03_d000_r02,C1,202610,12.04,12.04,0.0,0.25349999999999995,0.22276489110550027,0.24783172689927258,NEAR,NEAR,0.6,1,,,0.03,0
C1_n0.03_d000_r02,C1,202610,12.06,12.06,0.0,0.25525000000000003,0.26330163264341405,0.25169920333530793,NEAR,NEAR,0.6,1,,,0.03,0
C1_n0.03_d000_r02,C1,202610,12.08,12.08,0.0,0.257,0.27853973693387146,0.2584093367349488,NEAR,NEAR,0.6,1,,,0.03,0
C1_n0.03_d000_r02,C1,202610,12.1,12.1,0.0,0.25875,0.2835277323436178,0.26468893563711604,NEAR,NEAR,0.6,1,,,0.03,0
C1_n0.03_d000_r02,C1,202610,12.12,12.12,0.0,0.26049999999999995,0.25907641934055864,0.2632858065629767,NEAR,NEAR,0.6,1,,,0.03,0
C1_n0.03_d000_r02,C1,202610,12.14,12.14,0.0,0.26225000000000004,0.29409984219422497,0.27098931547078875,NEAR,NEAR,0.6,1,,,0.03,0
C1_n0.03_d000_r02,C1,202610,12.16,12.16,0.0,0.264,0.22734901223354767,0.2600792396614785,NEAR,NEAR,0.6,1,,,0.03,0
C1_n0.03_d000_r02,C1,202610,12.18,12.18,0.0,0.26575,0.2625372976820841,0.2606937541666299,NEAR,NEAR,0.6,1,,,0.03,0
C1_n0.03_d000_r02,C1,202610,12.2,12.2,0.0,0.26749999999999996,0.28399732938384187,0.26651964797093286,NEAR,NEAR,0.6,1,,,0.03,0
C1_n0.03_d000_r02,C1,202610,12.22,12.22,0.0,0.26925000000000004,0.27840519688034016,0.26949103519828466,NEAR,NEAR,0.6,1,,,0.03,0
C1_n0.03_d000_r02,C1,202610,12.24,12.24,0.0,0.271,0.28464113909001526,0.2732785611712173,NEAR,NEAR,0.6,1,,,0.03,0
C1_n0.03_d000_r02,C1,202610,12.26,12.26,0.0,0.27275,0.2401420288128225,0.2649944280816186,NEAR,NEAR,0.6,1,,,0.03,0
C1_n0.03_d000_r02,C1,202610,12.28,12.28,0.0,0.27449999999999997,0.3186048291219165,0.2783970283416931,NEAR,NEAR,0.6,1,,,0.03,0
C1_n0.03_d000_r02,C1,202610,12.3,12.3,0.0,0.27625000000000005,0.2590046307678323,0.2735489289482279,NEAR,NEAR,0.6,1,,,0.03,0
C1_n0.03_d000_r02,C1,202610,12.32,12.32,0.0,0.278,0.26205191568809166,0.27067467563319386,NEAR,NEAR,0.6,1,,,0.03,0
C1_n0.03_d000_r02,C1,202610,12.34,12.34,0.0,0.27975,0.2613294692846404,0.2683383740460555,NEAR,NEAR,0.6,1,,,0.03,0
C1_n0.03_d000_r02,C1,202610,12.36,12.36,0.0,0.2815,0.2940571559372668,0.27476806951885835,NEAR,NEAR,0.6,1,,,0.03,0
C1_n0.03_d000_r02,C1,202610,12.38,12.38,0.0,0.28325000000000006,0.2928256026866881,0.27928245281081576,NEAR,NEAR,0.6,1,,,0.03,0
C1_n0.03_d000_r02,C1,202610,12.4,12.4,0.0,0.28500000000000003,0.26630099673537494,0.27603708879195554,NEAR,NEAR,0.6,1,,,0.03,0
C1_n0.03_d000_r02,C1,202610,12.42,12.42,0.0,0.28675,0.2500953170703494,0.269551645861554,NEAR,NEAR,0.6,1,,,0.03,0
C1_n0.03_d000_r02,C1,202610,12.44,12.44,0.0,0.2885,0.2913941262795204,0.2750122659660456,NEAR,NEAR,0.6,1,,,0.03,0
C1_n0.03_d000_r02,C1,202610,12.46,12.46,0.0,0.29025000000000006,0.2756008583096494,0.27515941405194655,NEAR,NEAR,0.6,1,,,0.03,0
C1_n0.03_d000_r02,C1,202610,12.48,12.48,0.0,0.29200000000000004,0.2782890566698829,0.27594182470643064,NEAR,NEAR,0.6,1,,,0.03,0
C1_n0.03_d000_r02,C1,202610,12.5,12.5,0.0,0.29375,0.2559490607767013,0.2709436337239983,NEAR,NEAR,0.6,1,,,0.03,0
C1_n0.03_d000_r02,C1,202610,12.52,12.52,0.0,0.2955,0.26948846711336316,0.27057984207133956,NEAR,NEAR,0.6,1,,,0.03,0
C1_n0.03_d000_r02,C1,202610,12.54,12.54,0.0,0.2972499999999999,0.29027024115453504,0.27550244184213846,NEAR,NEAR,0.6,1,,,0.03,0
C1_n0.03_d000_r02,C1,202610,12.56,12.56,0.0,0.29900000000000004,0.33541002138921217,0.2904793367289069,NEAR,NEAR,0.6,1,,,0.03,0
C1_n0.03_d000_r02,C1,202610,12.58,12.58,0.0,0.30075,0.3240697635046569,0.29887694342284443,NEAR,NEAR,0.6,1,,,0.03,0
C1_n0.03_d000_r02,C1,202610,12.6,12.6,0.0,0.3025,0.2942953743954392,0.29773155116599315,NEAR,NEAR,0.6,1,,,0.03,0
C1_n0.03_d000_r02,C1,202610,12.62,12.62,0.0,0.3042499999999999,0.33359545325954626,0.30669752668938144,NEAR,NEAR,0.6,1,,,0.03,0
C1_n0.03_d000_r02,C1,202610,12.64,12.64,0.0,0.30600000000000005,0.25340751382375426,0.2933750234729746,NEAR,NEAR,0.6,1,,,0.03,0
C1_n0.03_d000_r02,C1,202610,12.66,12.66,0.0,0.30775,0.3088648290623899,0.29724747487032843,NEAR,NEAR,0.6,1,,,0.03,0
C1_n0.03_d000_r02,C1,202610,12.68,12.68,0.0,0.3095,0.31355592821505,0.3013245882065088,NEAR,NEAR,0.6,1,,,0.03,0
C1_n0.03_d000_r02,C1,202610,12.7,12.7,0.0,0.3112499999999999,0.2752213528739576,0.294798779373371,NEAR,NEAR,0.6,1,,,0.03,0
C1_n0.03_d000_r02,C1,202610,12.72,12.72,0.0,0.31300000000000006,0.30558077494919933,0.2974942782673281,NEAR,NEAR,0.6,1,,,0.03,0
C1_n0.03_d000_r02,C1,202610,12.74,12.74,0.0,0.31475000000000003,0.30284744332038327,0.2988325695305919,NEAR,NEAR,0.6,1,,,0.03,0
C1_n0.03_d000_r02,C1,202610,12.76,12.76,0.0,0.3165,0.34495034944588915,0.3103620145094162,NEAR,NEAR,0.6,1,,,0.03,0
C1_n0.03_d000_r02,C1,202610,12.78,12.78,0.0,0.3182499999999999,0.2935455704359865,0.30615790349105876,NEAR,NEAR,0.6,1,,,0.03,0
C1_n0.03_d000_r02,C1,202610,12.8,12.8,0.0,0.32000000000000006,0.24287329571765576,0.290336751547708,NEAR,NEAR,0.6,1,,,0.03,0
C1_n0.03_d000_r02,C1,202610,12.82,12.82,0.0,0.32175000000000004,0.31102193761384556,0.29550804806424236,NEAR,NEAR,0.6,1,,,0.03,0
C1_n0.03_d000_r02,C1,202610,12.84,12.84,0.0,0.3235,0.3065034304814375,0.29825689366854113,NEAR,NEAR,0.6,1,,,0.03,0
C1_n0.03_d000_r02,C1,202610,12.86,12.86,0.0,0.32524999999999993,0.3577486573988734,0.3131298346011242,NEAR,FAR,0.0,1,EXIT_NEAR,,0.03,0
C1_n0.03_d000_r02,C1,202610,12.88,12.88,0.0,0.32700000000000007,0.3220936382880205,0.31537078552284825,NEAR,NEAR,0.6,1,ENTER_NEAR,,0.03,0
C1_n0.03_d000_r02,C1,202610,12.9,12.9,0.0,0.32875000000000004,0.2980062054702546,0.31102964050969983,NEAR,NEAR,0.6,1,,,0.03,0
C1_n0.03_d000_r02,C1,202610,12.92,12.92,0.0,0.3305,0.3948769479295996,0.3319914673646748,NEAR,FAR,0.0,1,EXIT_NEAR,,0.03,0
C1_n0.03_d000_r02,C1,202610,12.94,12.94,0.0,0.33224999999999993,0.35557188807042445,0.3378865725411122,NEAR,FAR,0.0,1,,,0.03,0
C1_n0.03_d000_r02,C1,202610,12.96,12.96,0.0,0.3340000000000001,0.3014391833828104,0.3287747252515367,NEAR,NEAR,0.6,1,ENTER_NEAR,,0.03,0
C1_n0.03_d000_r02,C1,202610,12.98,12.98,0.0,0.33575000000000005,0.35233588129328175,0.334665014261973,NEAR,FAR,0.0,1,EXIT_NEAR,,0.03,0
C1_n0.03_d000_r02,C1,202610,13.0,13.0,0.0,0.3375,0.3059255746259909,0.3274801543529775,NEAR,NEAR,0.6,1,ENTER_NEAR,,0.03,0
C1_n0.03_d000_r02,C1,202610,13.02,13.02,0.0,0.33924999999999994,0.31898496601477083,0.3253563572684258,NEAR,NEAR,0.6,1,,,0.03,0
C1_n0.03_d000_r02,C1,202610,13.04,13.04,0.0,0.3409999999999999,0.346053514997088,0.33053064670059135,NEAR,NEAR,0.6,1,,,0.03,0
C1_n0.03_d000_r02,C1,202610,13.06,13.06,0.0,0.34275000000000005,0.3557518446265815,0.3368359461820889,NEAR,FAR,0.0,1,EXIT_NEAR,,0.03,0
C1_n0.03_d000_r02,C1,202610,13.08,13.08,0.0,0.34450000000000003,0.368385108218909,0.3447232366912939,NEAR,FAR,0.0,1,,,0.03,0
C1_n0.03_d000_r02,C1,202610,13.1,13.1,0.0,0.34624999999999995,0.35934584826460736,0.34837888958462226,NEAR,FAR,0.0,1,,,0.03,0
C1_n0.03_d000_r02,C1,202610,13.12,13.12,0.0,0.3479999999999999,0.3541295195783385,0.3498165470830513,NEAR,FAR,0.0,1,,,0.03,0
C1_n0.03_d000_r02,C1,202610,13.14,13.14,0.0,0.34975000000000006,0.34062456146392933,0.3475185506782708,NEAR,NEAR,0.6,1,ENTER_NEAR,,0.03,0
C1_n0.03_d000_r02,C1,202610,13.16,13.16,0.0,0.35150000000000003,0.36689643692717083,0.3523630222404958,FAR,FAR,0.0,1,EXIT_NEAR,,0.03,0
C1_n0.03_d000_r02,C1,202610,13.18,13.18,0.0,0.35324999999999995,0.3942274913909508,0.3628291395281096,FAR,FAR,0.0,1,,,0.03,0
C1_n0.03_d000_r02,C1,202610,13.2,13.2,0.0,0.3549999999999999,0.41006129575150774,0.3746371785839591,FAR,FAR,0.0,1,,,0.03,0
C1_n0.03_d000_r02,C1,202610,13.22,13.22,0.0,0.35675000000000007,0.35250117334656317,0.3691031772746102,FAR,FAR,0.0,1,,,0.03,0
C1_n0.03_d000_r02,C1,202610,13.24,13.24,0.0,0.35850000000000004,0.3531134174871192,0.36510573732773743,FAR,FAR,0.0,1,,,0.03,0
C1_n0.03_d000_r02,C1,202610,13.26,13.26,0.0,0.36024999999999996,0.2619585024468181,0.3393189286075076,FAR,NEAR,0.6,1,ENTER_NEAR,,0.03,0
C1_n0.03_d000_r02,C1,202610,13.28,13.28,0.0,0.36199999999999993,0.4119616298073961,0.35747960390747974,FAR,FAR,0.0,1,EXIT_NEAR,,0.03,0
C1_n0.03_d000_r02,C1,202610,13.3,13.3,0.0,0.3637500000000001,0.3465031547339389,0.35473549161409457,FAR,NEAR,0.6,1,ENTER_NEAR,,0.03,0
C1_n0.03_d000_r02,C1,202610,13.32,13.32,0.0,0.36550000000000005,0.3589042894481348,0.3557776910726046,FAR,FAR,0.0,1,EXIT_NEAR,,0.03,0
C1_n0.03_d000_r02,C1,202610,13.34,13.34,0.0,0.36724999999999997,0.37211123429613424,0.359861076878487,FAR,FAR,0.0,1,,,0.03,0
C1_n0.03_d000_r02,C1,202610,13.36,13.36,0.0,0.36899999999999994,0.37017658232132983,0.3624399532391977,FAR,FAR,0.0,1,,,0.03,0
C1_n0.03_d000_r02,C1,202610,13.38,13.38,0.0,0.3707500000000001,0.3804959418379339,0.36695395038888173,FAR,FAR,0.0,1,,,0.03,0
C1_n0.03_d000_r02,C1,202610,13.4,13.4,0.0,0.37250000000000005,0.3278078874880808,0.3571674346636815,FAR,NEAR,0.6,1,ENTER_NEAR,,0.03,0
C1_n0.03_d000_r02,C1,202610,13.42,13.42,0.0,0.37424999999999997,0.3961654858737807,0.3669169474662063,FAR,FAR,0.0,1,EXIT_NEAR,,0.03,0
C1_n0.03_d000_r02,C1,202610,13.44,13.44,0.0,0.37599999999999995,0.427169656747927,0.3819801247866365,FAR,FAR,0.0,1,,,0.03,0
C1_n0.03_d000_r02,C1,202610,13.46,13.46,0.0,0.37775000000000003,0.36479146025098175,0.37768295865272283,FAR,FAR,0.0,1,,,0.03,0
C1_n0.03_d000_r02,C1,202610,13.48,13.48,0.0,0.37950000000000006,0.34376742305415847,0.36920407475308176,FAR,NEAR,0.6,1,ENTER_NEAR,,0.03,0
C1_n0.03_d000_r02,C1,202610,13.5,13.5,0.0,0.38125,0.3713425060060919,0.3697386825663343,FAR,FAR,0.0,1,EXIT_NEAR,,0.03,0
C1_n0.03_d000_r02,C1,202610,13.52,13.52,0.0,0.38299999999999995,0.3898495395891614,0.3747663968220411,FAR,FAR,0.0,1,,,0.03,0
C1_n0.03_d000_r02,C1,202610,13.54,13.54,0.0,0.3847499999999999,0.35914432425045256,0.37086087867914397,FAR,FAR,0.0,1,,,0.03,0
C1_n0.03_d000_r02,C1,202610,13.56,13.56,0.0,0.38650000000000007,0.41445349339148807,0.38175903235722997,FAR,FAR,0.0,1,,,0.03,0
C1_n0.03_d000_r02,C1,202610,13.58,13.58,0.0,0.38825,0.3818108485095663,0.38177198639531407,FAR,FAR,0.0,1,,,0.03,0
C1_n0.03_d000_r02,C1,202610,13.6,13.6,0.0,0.38999999999999996,0.3786869335079593,0.3810007231734754,FAR,FAR,0.0,1,,,0.03,0
C1_n0.03_d000_r02,C1,202610,13.62,13.62,0.0,0.39174999999999993,0.39704117831354413,0.3850108369584926,FAR,FAR,0.0,1,,,0.03,0
C1_n0.03_d000_r02,C1,202610,13.64,13.64,0.0,0.39350000000000007,0.3804936236867465,0.38388153364055605,FAR,FAR,0.0,1,,,0.03,0
C1_n0.03_d000_r02,C1,202610,13.66,13.66,0.0,0.39525,0.40024677155817373,0.38797284311996044,FAR,FAR,0.0,1,,,0.03,0
C1_n0.03_d000_r02,C1,202610,13.68,13.68,0.0,0.39699999999999996,0.40040641796373755,0.3910812368309047,FAR,FAR,0.0,1,,,0.03,0
C1_n0.03_d000_r02,C1,202610,13.7,13.7,0.0,0.39874999999999994,0.4334764244128776,0.40168003372639793,FAR,FAR,0.0,1,,,0.03,0
C1_n0.03_d000_r02,C1,202610,13.72,13.72,0.0,0.4005000000000001,0.37186229321726105,0.3942255985991137,FAR,FAR,0.0,1,,,0.03,0
C1_n0.03_d000_r02,C1,202610,13.74,13.74,0.0,0.40225,0.3488606121599535,0.3828843519893237,FAR,NEAR,0.6,1,ENTER_NEAR,,0.03,0
C1_n0.03_d000_r02,C1,202610,13.76,13.76,0.0,0.40399999999999997,0.41373318699495054,0.3905965607407304,FAR,FAR,0.0,1,EXIT_NEAR,,0.03,0
C1_n0.03_d000_r02,C1,202610,13.78,13.78,0.0,0.40574999999999994,0.38584228549303323,0.3894079919288061,FAR,FAR,0.0,1,,,0.03,0
C1_n0.03_d000_r02,C1,202610,13.8,13.8,0.0,0.4075000000000001,0.4068524154650271,0.39376909781286135,FAR,FAR,0.0,1,,,0.03,0
C1_n0.03_d000_r02,C1,202610,13.82,13.82,0.0,0.40925,0.4528533255415315,0.40854015474502886,FAR,FAR,0.0,1,,,0.03,0
C1_n0.03_d000_r02,C1,202610,13.84,13.84,0.0,0.411,0.46290835067747504,0.4221322037281404,FAR,FAR,0.0,1,,,0.03,0
C1_n0.03_d000_r02,C1,202610,13.86,13.86,0.0,0.41274999999999995,0.43484784147092687,0.425311113163837,FAR,FAR,0.0,1,,,0.03,0
C1_n0.03_d000_r02,C1,202610,13.88,13.88,0.0,0.4145000000000001,0.40117828549734896,0.419277906247215,FAR,FAR,0.0,1,,,0.03,0
C1_n0.03_d000_r02,C1,202610,13.9,13.9,0.0,0.41625,0.38912987860404713,0.41174089933642305,FAR,FAR,0.0,1,,,0.03,0
C1_n0.03_d000_r02,C1,202610,13.92,13.92,0.0,0.418,0.42281310173996556,0.4145089499373087,FAR,FAR,0.0,1,,,0.03,0
C1_n0.03_d000_r02,C1,202610,13.94,13.94,0.0,0.41974999999999996,0.4303812927751968,0.41847703564678074,FAR,FAR,0.0,1,,,0.03,0
C1_n0.03_d000_r02,C1,202610,13.96,13.96,0.0,0.4215000000000001,0.4994506791066536,0.4387204465117489,FAR,FAR,0.0,1,,,0.03,0
C1_n0.03_d000_r02,C1,202610,13.98,13.98,0.0,0.42325,0.41227951735533896,0.4321102142226464,FAR,FAR,0.0,1,,,0.03,0
C1_n0.03_d000_r02,C1,202610,14.0,14.0,0.0,0.425,0.39816315669282215,0.4236234498401903,FAR,FAR,0.0,1,,,0.03,0
C1_n0.03_d000_r02,C1,202610,14.02,14.02,0.0,0.42674999999999996,0.4359232660071869,0.42669840388193947,FAR,FAR,0.0,1,,,0.03,0
C1_n0.03_d000_r02,C1,202610,14.04,14.04,0.0,0.4284999999999999,0.4351650451104006,0.42881506418905474,FAR,FAR,0.0,1,,,0.03,0
C1_n0.03_d000_r02,C1,202610,14.06,14.06,0.0,0.43025,0.4458823823404676,0.433081893726908,FAR,FAR,0.0,1,,,0.03,0
C1_n0.03_d000_r02,C1,202610,14.08,14.08,0.0,0.432,0.4476036147340358,0.4367123239786899,FAR,FAR,0.0,1,,,0.03,0
C1_n0.03_d000_r02,C1,202610,14.1,14.1,0.0,0.43374999999999997,0.41462729598385095,0.4311910669799802,FAR,FAR,0.0,1,,,0.03,0
C1_n0.03_d000_r02,C1,202610,14.12,14.12,0.0,0.4354999999999999,0.43683140758746963,0.4326011521318526,FAR,FAR,0.0,1,,,0.03,0
C1_n0.03_d000_r02,C1,202610,14.14,14.14,0.0,0.43725,0.4747450234373713,0.4431371199582323,FAR,FAR,0.0,1,,,0.03,0
C1_n0.03_d000_r02,C1,202610,14.16,14.16,0.0,0.439,0.4393456918349257,0.4421892629274056,FAR,FAR,0.0,1,,,0.03,0
C1_n0.03_d000_r02,C1,202610,14.18,14.18,0.0,0.44075,0.47987397635516704,0.451610441284346,FAR,FAR,0.0,1,,,0.03,0
C1_n0.03_d000_r02,C1,202610,14.2,14.2,0.0,0.4424999999999999,0.39653904819530883,0.4378425930120867,FAR,FAR,0.0,1,,,0.03,0
C1_n0.03_d000_r02,C1,202610,14.22,14.22,0.0,0.44425000000000003,0.44407639265694343,0.43940104292330084,FAR,FAR,0.0,1,,,0.03,0
C1_n0.03_d000_r02,C1,202610,14.24,14.24,0.0,0.446,0.4052810608778675,0.4308710474119425,FAR,FAR,0.0,1,,,0.03,0
C1_n0.03_d000_r02,C1,202610,14.26,14.26,0.0,0.44775,0.4473493314436678,0.4349906184198738,FAR,FAR,0.0,1,,,0.03,0
C1_n0.03_d000_r02,C1,202610,14.28,14.28,0.0,0.4494999999999999,0.4573597671351695,0.4405829055986977,FAR,FAR,0.0,1,,,0.03,0
C1_n0.03_d000_r02,C1,202610,14.3,14.3,0.0,0.45125000000000004,0.4336351758495072,0.43884597316140006,FAR,FAR,0.0,1,,,0.03,0
C1_n0.03_d000_r02,C1,202610,14.32,14.32,0.0,0.453,0.4703432590121796,0.44672029462409496,FAR,FAR,0.0,1,,,0.03,0
C1_n0.03_d000_r02,C1,202610,14.34,14.34,0.0,0.45475,0.4278490904708572,0.4420024935857855,FAR,FAR,0.0,1,,,0.03,0
C1_n0.03_d000_r02,C1,202610,14.36,14.36,0.0,0.4564999999999999,0.4263158657962224,0.4380808366383947,FAR,FAR,0.0,1,,,0.03,0
C1_n0.03_d000_r02,C1,202610,14.38,14.38,0.0,0.45825000000000005,0.4563857769851742,0.44265707172508956,FAR,FAR,0.0,1,,,0.03,0
C1_n0.03_d000_r02,C1,202610,14.4,14.4,0.0,0.46,0.4544952955054991,0.44561662767019194,FAR,FAR,0.0,1,,,0.03,0
C1_n0.03_d000_r02,C1,202610,14.42,14.42,0.0,0.46175,0.4313973790807575,0.4420618155228333,FAR,FAR,0.0,1,,,0.03,0
C1_n0.03_d000_r02,C1,202610,14.44,14.44,0.0,0.4634999999999999,0.4395724586936417,0.4414394763155354,FAR,FAR,0.0,1,,,0.03,0
C1_n0.03_d000_r02,C1,202610,14.46,14.46,0.0,0.46525000000000005,0.46183911772375397,0.44653938666759,FAR,FAR,0.0,1,,,0.03,0
C1_n0.03_d000_r02,C1,202610,14.48,14.48,0.0,0.467,0.49083991347083833,0.4576145183684021,FAR,FAR,0.0,1,,,0.03,0
C1_n0.03_d000_r02,C1,202610,14.5,14.5,0.0,0.46875,0.5091264041827167,0.4704924898219808,FAR,FAR,0.0,1,,,0.03,0
C1_n0.03_d000_r02,C1,202610,14.52,14.52,0.0,0.4704999999999999,0.5323174158915642,0.4859487213393766,FAR,FAR,0.0,1,,,0.03,0
C1_n0.03_d000_r02,C1,202610,14.54,14.54,0.0,0.47224999999999995,0.5386676433689707,0.4991284518467751,FAR,FAR,0.0,1,,,0.03,0
C1_n0.03_d000_r02,C1,202610,14.56,14.56,0.0,0.47400000000000003,0.49165739867963215,0.4972606885549894,FAR,FAR,0.0,1,,,0.03,0
C1_n0.03_d000_r02,C1,202610,14.58,14.58,0.0,0.47575,0.5107699744805451,0.5006380100363783,FAR,FAR,0.0,1,,,0.03,0
C1_n0.03_d000_r02,C1,202610,14.6,14.6,0.0,0.4774999999999999,0.4326902932985101,0.4836510808519113,FAR,FAR,0.0,1,,,0.03,0
C1_n0.03_d000_r02,C1,202610,14.62,14.62,0.0,0.47924999999999995,0.4525699961114788,0.4758808096668032,FAR,FAR,0.0,1,,,0.03,0
C1_n0.03_d000_r02,C1,202610,14.64,14.64,0.0,0.48100000000000004,0.46478750007340125,0.4731074822684527,FAR,FAR,0.0,1,,,0.03,0
C1_n0.03_d000_r02,C1,202610,14.66,14.66,0.0,0.48275,0.45523769186875374,0.46864003466852794,FAR,FAR,0.0,1,,,0.03,0
C1_n0.03_d000_r02,C1,202610,14.68,14.68,0.0,0.48449999999999993,0.4604358366734235,0.46658898516975184,FAR,FAR,0.0,1,,,0.03,0
C1_n0.03_d000_r02,C1,202610,14.7,14.7,0.0,0.48624999999999996,0.4908807949487018,0.4726619376144893,FAR,FAR,0.0,1,,,0.03,0
C1_n0.03_d000_r02,C1,202610,14.72,14.72,0.0,0.48800000000000004,0.4628043118654881,0.470197531177239,FAR,FAR,0.0,1,,,0.03,0
C1_n0.03_d000_r02,C1,202610,14.74,14.74,0.0,0.48975,0.5477958802596692,0.48959711844784654,FAR,FAR,0.0,1,,,0.03,0
C1_n0.03_d000_r02,C1,202610,14.76,14.76,0.0,0.49149999999999994,0.47336326102549287,0.48553865409225816,FAR,FAR,0.0,1,,,0.03,0
C1_n0.03_d000_r02,C1,202610,14.78,14.78,0.0,0.49324999999999997,0.4857454916826027,0.4855903634898443,FAR,FAR,0.0,1,,,0.03,0
C1_n0.03_d000_r02,C1,202610,14.8,14.8,0.0,0.49500000000000005,0.5682921211234946,0.506265802898257,FAR,FAR,0.0,1,,,0.03,0
C1_n0.03_d000_r02,C1,202610,14.82,14.82,0.0,0.49675,0.439890785002924,0.4896720484244237,FAR,FAR,0.0,1,,,0.03,0
C1_n0.03_d000_r02,C1,202610,14.84,14.84,0.0,0.49849999999999994,0.46278093117077523,0.48294926911101155,FAR,FAR,0.0,1,,,0.03,0
C1_n0.03_d000_r02,C1,202610,14.86,14.86,0.0,0.5002499999999999,0.48502799637232985,0.4834689509263411,FAR,FAR,0.0,1,,,0.03,0
C1_n0.03_d000_r02,C1,202610,14.88,14.88,0.0,0.502,0.493529203482881,0.4859840140654761,FAR,FAR,0.0,1,,,0.03,0
C1_n0.03_d000_r02,C1,202610,14.9,14.9,0.0,0.50375,0.5316454475467401,0.49739937243579213,FAR,FAR,0.0,1,,,0.03,0
C1_n0.03_d000_r02,C1,202610,14.92,14.92,0.0,0.5055000000000001,0.4974054238395806,0.49740088528673926,FAR,FAR,0.0,1,,,0.03,0
C1_n0.03_d000_r02,C1,202610,14.94,14.94,0.0,0.50725,0.49415485338038134,0.49658937731014974,FAR,FAR,0.0,1,,,0.03,0
C1_n0.03_d000_r02,C1,202610,14.96,14.96,0.0,0.5090000000000001,0.52997005236314,0.5049345460733973,FAR,FAR,0.0,1,,,0.03,0
C1_n0.03_d000_r02,C1,202610,14.98,14.98,0.0,0.51075,0.525098026500347,0.5099754161801348,FAR,FAR,0.0,1,,,0.03,0
C1_n0.03_d000_r02,C1,202610,15.0,15.0,0.0,0.5125,0.5159522565145298,0.5114696262637335,FAR,FAR,0.0,1,,,0.03,0
C1_n0.03_d000_r02,C1,202610,15.02,15.02,0.0,0.5142499999999999,0.5262080372335963,0.5151542290061992,FAR,FAR,0.0,1,,,0.03,0
C1_n0.03_d000_r02,C1,202610,15.04,15.04,0.0,0.5159999999999999,0.5290824992569547,0.5186362965688881,FAR,FAR,0.0,1,,,0.03,0
C1_n0.03_d000_r02,C1,202610,15.06,15.06,0.0,0.51775,0.444814133106657,0.5001807557033303,FAR,FAR,0.0,1,,,0.03,0
C1_n0.03_d000_r02,C1,202610,15.08,15.08,0.0,0.5195,0.5004850981268258,0.5002568413092041,FAR,FAR,0.0,1,,,0.03,0
C1_n0.03_d000_r02,C1,202610,15.1,15.1,0.0,0.52125,0.5350569158238538,0.5089568599378665,FAR,FAR,0.0,1,,,0.03,0
C1_n0.03_d000_r02,C1,202610,15.12,15.12,0.0,0.5229999999999999,0.5235254643461786,0.5125990110399445,FAR,FAR,0.0,1,,,0.03,0
C1_n0.03_d000_r02,C1,202610,15.14,15.14,0.0,0.52475,0.5215811232910269,0.5148445391027151,FAR,FAR,0.0,1,,,0.03,0
C1_n0.03_d000_r02,C1,202610,15.16,15.16,0.0,0.5265,0.5550259463688415,0.5248898909192468,FAR,FAR,0.0,1,,,0.03,0
C1_n0.03_d000_r02,C1,202610,15.18,15.18,0.0,0.5282499999999999,0.562574842845909,0.5343111289009124,FAR,FAR,0.0,1,,,0.03,0
C1_n0.03_d000_r02,C1,202610,15.2,15.2,0.0,0.5299999999999999,0.552202834887612,0.5387840553975873,FAR,FAR,0.0,1,,,0.03,0
C1_n0.03_d000_r02,C1,202610,15.22,15.22,0.0,0.5317500000000001,0.5653034861167399,0.5454139130773754,FAR,FAR,0.0,1,,,0.03,0
C1_n0.03_d000_r02,C1,202610,15.24,15.24,0.0,0.5335,0.5321957078095364,0.5421093617604157,FAR,FAR,0.0,1,,,0.03,0
C1_n0.03_d000_r02,C1,202610,15.26,15.26,0.0,0.53525,0.5833516993657798,0.5524199461617567,FAR,FAR,0.0,1,,,0.03,0
C1_n0.03_d000_r02,C1,202610,15.28,15.28,0.0,0.5369999999999999,0.5426331855486883,0.5499732560084896,FAR,FAR,0.0,1,,,0.03,0
C1_n0.03_d000_r02,C1,202610,15.3,15.3,0.0,0.5387500000000001,0.5425797728883993,0.548124885228467,FAR,FAR,0.0,1,,,0.03,0
C1_n0.03_d000_r02,C1,202610,15.32,15.32,0.0,0.5405,0.5544251651496142,0.5496999552087538,FAR,FAR,0.0,1,,,0.03,0
C1_n0.03_d000_r02,C1,202610,15.34,15.34,0.0,0.5422499999999999,0.5597717599849268,0.552217906402797,FAR,FAR,0.0,1,,,0.03,0
C1_n0.03_d000_r02,C1,202610,15.36,15.36,0.0,0.5439999999999999,0.5546177682694962,0.5528178718694718,FAR,FAR,0.0,1,,,0.03,0
C1_n0.03_d000_r02,C1,202610,15.38,15.38,0.0,0.5457500000000001,0.49200621762812113,0.5376149583091342,FAR,FAR,0.0,1,,,0.03,0
C1_n0.03_d000_r02,C1,202610,15.4,15.4,0.0,0.5475,0.5358002061805516,0.5371612702769886,FAR,FAR,0.0,1,,,0.03,0
C1_n0.03_d000_r02,C1,202610,15.42,15.42,0.0,0.54925,0.5297794157375523,0.5353158066421295,FAR,FAR,0.0,1,,,0.03,0
C1_n0.03_d000_r02,C1,202610,15.44,15.44,0.0,0.5509999999999999,0.5466123519108228,0.5381399429593028,FAR,FAR,0.0,1,,,0.03,0
C1_n0.03_d000_r02,C1,202610,15.46,15.46,0.0,0.5527500000000001,0.5311073140520343,0.5363817857324856,FAR,FAR,0.0,1,,,0.03,0
C1_n0.03_d000_r02,C1,202610,15.48,15.48,0.0,0.5545,0.5506422187219033,0.53994689397984,FAR,FAR,0.0,1,,,0.03,0
C1_n0.03_d000_r02,C1,202610,15.5,15.5,0.0,0.5562499999999999,0.5992609521509707,0.5547754085226226,FAR,FAR,0.0,1,,,0.03,0
C1_n0.03_d000_r02,C1,202610,15.52,15.52,0.0,0.5579999999999999,0.5765855862284778,0.5602279529490864,FAR,FAR,0.0,1,,,0.03,0
C1_n0.03_d000_r02,C1,202610,15.54,15.54,0.0,0.55975,0.6070223428661621,0.5719265504283553,FAR,FAR,0.0,1,,,0.03,0
C1_n0.03_d000_r02,C1,202610,15.56,15.56,0.0,0.5615,0.5960193467798665,0.5779497495162331,FAR,FAR,0.0,1,,,0.03,0
C1_n0.03_d000_r02,C1,202610,15.58,15.58,0.0,0.56325,0.6234847447724634,0.5893334983302907,FAR,FAR,0.0,1,,,0.03,0
C1_n0.03_d000_r02,C1,202610,15.6,15.6,0.0,0.565,0.6066725301945325,0.5936682562963511,FAR,FAR,0.0,1,,,0.03,0
C1_n0.03_d000_r02,C1,202610,15.62,15.62,0.0,0.5667499999999999,0.5197642909688117,0.5751922649644663,FAR,FAR,0.0,1,,,0.03,0
C1_n0.03_d000_r02,C1,202610,15.64,15.64,0.0,0.5685,0.5745995441133152,0.5750440847516785,FAR,FAR,0.0,1,,,0.03,0
C1_n0.03_d000_r02,C1,202610,15.66,15.66,0.0,0.5702499999999999,0.5499158941550125,0.5687620371025119,FAR,FAR,0.0,1,,,0.03,0
C1_n0.03_d000_r02,C1,202610,15.68,15.68,0.0,0.572,0.5370771847684522,0.560840824018997,FAR,FAR,0.0,1,,,0.03,0
C1_n0.03_d000_r02,C1,202610,15.7,15.7,0.0,0.57375,0.5196451650813788,0.5505419092845925,FAR,FAR,0.0,1,,,0.03,0
C1_n0.03_d000_r02,C1,202610,15.72,15.72,0.0,0.5755,0.5707540505853315,0.5555949446097772,FAR,FAR,0.0,1,,,0.03,0
C1_n0.03_d000_r02,C1,202610,15.74,15.74,0.0,0.57725,0.5778544419154332,0.5611598189361913,FAR,FAR,0.0,1,,,0.03,0
C1_n0.03_d000_r02,C1,202610,15.76,15.76,0.0,0.579,0.5881991613880173,0.5679196545491478,FAR,FAR,0.0,1,,,0.03,0
C1_n0.03_d000_r02,C1,202610,15.78,15.78,0.0,0.5807499999999999,0.5749835008392813,0.5696856161216812,FAR,FAR,0.0,1,,,0.03,0
C1_n0.03_d000_r02,C1,202610,15.8,15.8,0.0,0.5825,0.5726663401525435,0.5704307971293968,FAR,FAR,0.0,1,,,0.03,0
C1_n0.03_d000_r02,C1,202610,15.82,15.82,0.0,0.5842499999999999,0.6176712886197829,0.5822409200019933,FAR,FAR,0.0,1,,,0.03,0
C1_n0.03_d000_r02,C1,202610,15.84,15.84,0.0,0.586,0.5440209724251691,0.5726859331077873,FAR,FAR,0.0,1,,,0.03,0
C1_n0.03_d000_r02,C1,202610,15.86,15.86,0.0,0.58775,0.6137512012146561,0.5829522501345045,FAR,FAR,0.0,1,,,0.03,0
C1_n0.03_d000_r02,C1,202610,15.88,15.88,0.0,0.5895,0.6288790561918246,0.5944339516488345,FAR,FAR,0.0,1,,,0.03,0
C1_n0.03_d000_r02,C1,202610,15.9,15.9,0.0,0.59125,0.5806155364514469,0.5909793478494876,FAR,FAR,0.0,1,,,0.03,0
C1_n0.03_d000_r02,C1,202610,15.92,15.92,0.0,0.593,0.5711589701715544,0.5860242534300043,FAR,FAR,0.0,1,,,0.03,0
C1_n0.03_d000_r02,C1,202610,15.94,15.94,0.0,0.5947499999999999,0.6145739784439689,0.5931616846834955,FAR,FAR,0.0,1,,,0.03,0
C1_n0.03_d000_r02,C1,202610,15.96,15.96,0.0,0.5965,0.6127589799469865,0.5980610084993683,FAR,FAR,0.0,1,,,0.03,0
C1_n0.03_d000_r02,C1,202610,15.98,15.98,0.0,0.59825,0.6048709471043531,0.5997634931506145,FAR,FAR,0.0,1,,,0.03,0
C1_n0.03_d000_r02,C1,202610,16.0,16.0,0.0,0.6,0.6152843494109365,0.603643707215695,FAR,FAR,0.0,1,,,0.03,0
C1_n0.03_d000_r02,C1,202610,16.02,16.02,0.0,0.6,0.532782843967508,0.5859284914036482,FAR,FAR,0.0,1,,,0.03,0
C1_n0.03_d000_r02,C1,202610,16.04,16.04,0.0,0.6,0.5942956363520653,0.5880202776407525,FAR,FAR,0.0,1,,,0.03,0
C1_n0.03_d000_r02,C1,202610,16.06,16.06,0.0,0.6,0.5450356571626944,0.577274122521238,FAR,FAR,0.0,1,,,0.03,0
C1_n0.03_d000_r02,C1,202610,16.08,16.08,0.0,0.6,0.5937500120495485,0.5813930949033156,FAR,FAR,0.0,1,,,0.03,0
C1_n0.03_d000_r02,C1,202610,16.1,16.1,0.0,0.6,0.5931896360086479,0.5843422301796486,FAR,FAR,0.0,1,,,0.03,0
C1_n0.03_d000_r02,C1,202610,16.12,16.12,0.0,0.6,0.6001460506387176,0.5882931852944159,FAR,FAR,0.0,1,,,0.03,0
C1_n0.03_d000_r02,C1,202610,16.14,16.14,0.0,0.6,0.5999416891017146,0.5912053112462405,FAR,FAR,0.0,1,,,0.03,0
C1_n0.03_d000_r02,C1,202610,16.16,16.16,0.0,0.6,0.5662220563090554,0.5849594975119443,FAR,FAR,0.0,1,,,0.03,0
C1_n0.03_d000_r02,C1,202610,16.18,16.18,0.0,0.6,0.5661101624705928,0.5802471637516065,FAR,FAR,0.0,1,,,0.03,0
C1_n0.03_d000_r02,C1,202610,16.2,16.2,0.0,0.6,0.6038085815735295,0.5861375182070871,FAR,FAR,0.0,1,,,0.03,0
C1_n0.03_d000_r02,C1,202610,16.22,16.22,0.0,0.6,0.6507764677724437,0.6022972555984263,FAR,FAR,0.0,1,,,0.03,0
C1_n0.03_d000_r02,C1,202610,16.24,16.24,0.0,0.6,0.5951232241858259,0.6005037477452762,FAR,FAR,0.0,1,,,0.03,0
C1_n0.03_d000_r02,C1,202610,16.26,16.26,0.0,0.6,0.6135875190503166,0.6037746905715362,FAR,FAR,0.0,1,,,0.03,0
C1_n0.03_d000_r02,C1,202610,16.28,16.28,0.0,0.6,0.6064658987807581,0.6044474926238417,FAR,FAR,0.0,1,,,0.03,0
C1_n0.03_d000_r02,C1,202610,16.3,16.3,0.0,0.6,0.5882138664649393,0.6003890860841161,FAR,FAR,0.0,1,,,0.03,0
C1_n0.03_d000_r02,C1,202610,16.32,16.32,0.0,0.6,0.5954968142424247,0.5991660181236933,FAR,FAR,0.0,1,,,0.03,0
C1_n0.03_d000_r02,C1,202610,16.34,16.34,0.0,0.6,0.620783635001166,0.6045704223430615,FAR,FAR,0.0,1,,,0.03,0
C1_n0.03_d000_r02,C1,202610,16.36,16.36,0.0,0.6,0.6067407448779902,0.6051130029767937,FAR,FAR,0.0,1,,,0.03,0
C1_n0.03_d000_r02,C1,202610,16.38,16.38,0.0,0.6,0.5871694274078038,0.6006271090845462,FAR,FAR,0.0,1,,,0.03,0
C1_n0.03_d000_r02,C1,202610,16.4,16.4,0.0,0.6,0.6430065707259001,0.6112219744948847,FAR,FAR,0.0,1,,,0.03,0
C1_n0.03_d000_r02,C1,202610,16.42,16.42,0.0,0.6,0.5947873980099726,0.6071133303736567,FAR,FAR,0.0,1,,,0.03,0
C1_n0.03_d000_r02,C1,202610,16.44,16.44,0.0,0.6,0.5226089412882693,0.5859872331023098,FAR,FAR,0.0,1,,,0.03,0
C1_n0.03_d000_r02,C1,202610,16.46,16.46,0.0,0.6,0.6084222065904074,0.5915959764743343,FAR,FAR,0.0,1,,,0.03,0
C1_n0.03_d000_r02,C1,202610,16.48,16.48,0.0,0.6,0.5853886280602544,0.5900441393708143,FAR,FAR,0.0,1,,,0.03,0
C1_n0.03_d000_r02,C1,202610,16.5,16.5,0.0,0.6,0.5585649501666167,0.5821743420697649,FAR,FAR,0.0,1,,,0.03,0
C1_n0.03_d000_r02,C1,202610,16.52,16.52,0.0,0.6,0.5715495488217718,0.5795181437577667,FAR,FAR,0.0,1,,,0.03,0
C1_n0.03_d000_r02,C1,202610,16.54,16.54,0.0,0.6,0.5811680390577101,0.5799306175827526,FAR,FAR,0.0,1,,,0.03,0
C1_n0.03_d000_r02,C1,202610,16.56,16.56,0.0,0.6,0.5721149689356637,0.5779767054209803,FAR,FAR,0.0,1,,,0.03,0
C1_n0.03_d000_r02,C1,202610,16.58,16.58,0.0,0.6,0.5567141573512373,0.5726610684035446,FAR,FAR,0.0,1,,,0.03,0
C1_n0.03_d000_r02,C1,202610,16.6,16.6,0.0,0.6,0.5352839552213099,0.5633167901079859,FAR,FAR,0.0,1,,,0.03,0
C1_n0.03_d000_r02,C1,202610,16.62,16.62,0.0,0.6,0.6057931361169812,0.5739358766102347,FAR,FAR,0.0,1,,,0.03,0
C1_n0.03_d000_r02,C1,202610,16.64,16.64,0.0,0.6,0.580525742751686,0.5755833431455976,FAR,FAR,0.0,1,,,0.03,0
C1_n0.03_d000_r02,C1,202610,16.66,16.66,0.0,0.6,0.6013942212322005,0.5820360626672483,FAR,FAR,0.0,1,,,0.03,0
C1_n0.03_d000_r02,C1,202610,16.68,16.68,0.0,0.6,0.6649510507133723,0.6027648096787793,FAR,FAR,0.0,1,,,0.03,0
C1_n0.03_d000_r02,C1,202610,16.7,16.7,0.0,0.6,0.6238451818732953,0.6080349027274083,FAR,FAR,0.0,1,,,0.03,0
C1_n0.03_d000_r02,C1,202610,16.72,16.72,0.0,0.6,0.5877944246205828,0.602974783200702,FAR,FAR,0.0,1,,,0.03,0
C1_n0.03_d000_r02,C1,202610,16.74,16.74,0.0,0.6,0.5874322589452959,0.5990891521368504,FAR,FAR,0.0,1,,,0.03,0
C1_n0.03_d000_r02,C1,202610,16.76,16.76,0.0,0.6,0.6489360945277186,0.6115508877345674,FAR,FAR,0.0,1,,,0.03,0
C1_n0.03_d000_r02,C1,202610,16.78,16.78,0.0,0.6,0.6264221867512684,0.6152687124887427,FAR,FAR,0.0,1,,,0.03,0
C1_n0.03_d000_r02,C1,202610,16.8,16.8,0.0,0.6,0.6069707294662688,0.6131942167331242,FAR,FAR,0.0,1,,,0.03,0
C1_n0.03_d000_r02,C1,202610,16.82,16.82,0.0,0.6,0.6098231053292583,0.6123514388821577,FAR,FAR,0.0,1,,,0.03,0
C1_n0.03_d000_r02,C1,202610,16.84,16.84,0.0,0.6,0.6004723619114933,0.6093816696394916,FAR,FAR,0.0,1,,,0.03,0
C1_n0.03_d000_r02,C1,202610,16.86,16.86,0.0,0.6,0.5537023652742863,0.5954618435481902,FAR,FAR,0.0,1,,,0.03,0
C1_n0.03_d000_r02,C1,202610,16.88,16.88,0.0,0.6,0.5670592538789718,0.5883611961308857,FAR,FAR,0.0,1,,,0.03,0
C1_n0.03_d000_r02,C1,202610,16.9,16.9,0.0,0.6,0.574171558005481,0.5848137865995345,FAR,FAR,0.0,1,,,0.03,0
C1_n0.03_d000_r02,C1,202610,16.92,16.92,0.0,0.6,0.5673193493237539,0.5804401772805894,FAR,FAR,0.0,1,,,0.03,0
C1_n0.03_d000_r02,C1,202610,16.94,16.94,0.0,0.6,0.6383099510110071,0.5949076207131938,FAR,FAR,0.0,1,,,0.03,0
C1_n0.03_d000_r02,C1,202610,16.96,16.96,0.0,0.6,0.6219594238162202,0.6016705714889504,FAR,FAR,0.0,1,,,0.03,0
C1_n0.03_d000_r02,C1,202610,16.98,16.98,0.0,0.6,0.5977142680850066,0.6006814956379645,FAR,FAR,0.0,1,,,0.03,0
C1_n0.03_d000_r02,C1,202610,17.0,17.0,0.0,0.6,0.5265448185909084,0.5821473263762005,FAR,FAR,0.0,1,,,0.03,0
C1_n0.03_d000_r02,C1,202610,17.02,17.02,0.0,0.6,0.6303141503144016,0.5941890323607508,FAR,FAR,0.0,1,,,0.03,0
C1_n0.03_d000_r02,C1,202610,17.04,17.04,0.0,0.6,0.5961806683103588,0.5946869413481528,FAR,FAR,0.0,1,,,0.03,0
C1_n0.03_d000_r02,C1,202610,17.06,17.06,0.0,0.6,0.5906228595785202,0.5936709209057447,FAR,FAR,0.0,1,,,0.03,0
C1_n0.03_d000_r02,C1,202610,17.08,17.08,0.0,0.6,0.5744601824267921,0.5888682362860065,FAR,FAR,0.0,1,,,0.03,0
C1_n0.03_d000_r02,C1,202610,17.1,17.1,0.0,0.6,0.615825013733397,0.5956074306478542,FAR,FAR,0.0,1,,,0.03,0
C1_n0.03_d000_r02,C1,202610,17.12,17.12,0.0,0.6,0.6206632502798404,0.6018713855558507,FAR,FAR,0.0,1,,,0.03,0
C1_n0.03_d000_r02,C1,202610,17.14,17.14,0.0,0.6,0.647350094263737,0.6132410627328223,FAR,FAR,0.0,1,,,0.03,0
C1_n0.03_d000_r02,C1,202610,17.16,17.16,0.0,0.6,0.6043068300649583,0.6110075045658563,FAR,FAR,0.0,1,,,0.03,0
C1_n0.03_d000_r02,C1,202610,17.18,17.18,0.0,0.6,0.5808314250922525,0.6034634846974554,FAR,FAR,0.0,1,,,0.03,0
C1_n0.03_d000_r02,C1,202610,17.2,17.2,0.0,0.6,0.537406598838244,0.5869492632326525,FAR,FAR,0.0,1,,,0.03,0
C1_n0.03_d000_r02,C1,202610,17.22,17.22,0.0,0.6,0.6138968933128668,0.5936861707527061,FAR,FAR,0.0,1,,,0.03,0
C1_n0.03_d000_r02,C1,202610,17.24,17.24,0.0,0.6,0.6437400537944168,0.6061996415131338,FAR,FAR,0.0,1,,,0.03,0
C1_n0.03_d000_r02,C1,202610,17.26,17.26,0.0,0.6,0.6102227503099937,0.6072054187123488,FAR,FAR,0.0,1,,,0.03,0
C1_n0.03_d000_r02,C1,202610,17.28,17.28,0.0,0.6,0.6068177825214719,0.6071085096646296,FAR,FAR,0.0,1,,,0.03,0
C1_n0.03_d000_r02,C1,202610,17.3,17.3,0.0,0.6,0.6100969777644442,0.6078556266895833,FAR,FAR,0.0,1,,,0.03,0
C1_n0.03_d000_r02,C1,202610,17.32,17.32,0.0,0.6,0.6220545872273137,0.6114053668240159,FAR,FAR,0.0,1,,,0.03,0
C1_n0.03_d000_r02,C1,202610,17.34,17.34,0.0,0.6,0.6508460449671021,0.6212655363597874,FAR,FAR,0.0,1,,,0.03,0
C1_n0.03_d000_r02,C1,202610,17.36,17.36,0.0,0.6,0.5778253669911345,0.6104054940176242,FAR,FAR,0.0,1,,,0.03,0
C1_n0.03_d000_r02,C1,202610,17.38,17.38,0.0,0.6,0.5589993208140978,0.5975539507167427,FAR,FAR,0.0,1,,,0.03,0
C1_n0.03_d000_r02,C1,202610,17.4,17.4,0.0,0.6,0.5866729004325434,0.5948336881456928,FAR,FAR,0.0,1,,,0.03,0
C1_n0.03_d000_r02,C1,202610,17.42,17.42,0.0,0.6,0.5818037871972919,0.5915762129085926,FAR,FAR,0.0,1,,,0.03,0
C1_n0.03_d000_r02,C1,202610,17.44,17.44,0.0,0.6,0.586296890909958,0.590256382408934,FAR,FAR,0.0,1,,,0.03,0
C1_n0.03_d000_r02,C1,202610,17.46,17.46,0.0,0.6,0.6162621910493088,0.5967578345690276,FAR,FAR,0.0,1,,,0.03,0
C1_n0.03_d000_r02,C1,202610,17.48,17.48,0.0,0.6,0.6628713364950591,0.6132862100505355,FAR,FAR,0.0,1,,,0.03,0
C1_n0.03_d000_r02,C1,202610,17.5,17.5,0.0,0.6,0.6029302201817301,0.6106972125833341,FAR,FAR,0.0,1,,,0.03,0
C1_n0.03_d000_r02,C1,202610,17.52,17.52,0.0,0.6,0.5716686233874149,0.6009400652843543,FAR,FAR,0.0,1,,,0.03,0
C1_n0.03_d000_r02,C1,202610,17.54,17.54,0.0,0.6,0.5603462097369724,0.5907916013975087,FAR,FAR,0.0,1,,,0.03,0
C1_n0.03_d000_r02,C1,202610,17.56,17.56,0.0,0.6,0.5508064556210857,0.580795314953403,FAR,FAR,0.0,1,,,0.03,0
C1_n0.03_d000_r02,C1,202610,17.58,17.58,0.0,0.6,0.6070510897620118,0.5873592586555552,FAR,FAR,0.0,1,,,0.03,0
C1_n0.03_d000_r02,C1,202610,17.6,17.6,0.0,0.6,0.6332138168544619,0.5988228982052819,FAR,FAR,0.0,1,,,0.03,0
C1_n0.03_d000_r02,C1,202610,17.62,17.62,0.0,0.6,0.6204604920294196,0.6042322966613163,FAR,FAR,0.0,1,,,0.03,0
C1_n0.03_d000_r02,C1,202610,17.64,17.64,0.0,0.6,0.5653912547133261,0.5945220361743188,FAR,FAR,0.0,1,,,0.03,0
C1_n0.03_d000_r02,C1,202610,17.66,17.66,0.0,0.6,0.5844960612558807,0.5920155424447093,FAR,FAR,0.0,1,,,0.03,0
C1_n0.03_d000_r02,C1,202610,17.68,17.68,0.0,0.6,0.5667020649378243,0.585687173067988,FAR,FAR,0.0,1,,,0.03,0
C1_n0.03_d000_r02,C1,202610,17.7,17.7,0.0,0.6,0.5772953930038923,0.5835892280519641,FAR,FAR,0.0,1,,,0.03,0
C1_n0.03_d000_r02,C1,202610,17.72,17.72,0.0,0.6,0.5852867264063045,0.5840136026405492,FAR,FAR,0.0,1,,,0.03,0
C1_n0.03_d000_r02,C1,202610,17.74,17.74,0.0,0.6,0.5895869830773836,0.5854069477497579,FAR,FAR,0.0,1,,,0.03,0
C1_n0.03_d000_r02,C1,202610,17.76,17.76,0.0,0.6,0.6319794496538543,0.597050073225782,FAR,FAR,0.0,1,,,0.03,0
C1_n0.03_d000_r02,C1,202610,17.78,17.78,0.0,0.6,0.5845096528188699,0.593914968124054,FAR,FAR,0.0,1,,,0.03,0
C1_n0.03_d000_r02,C1,202610,17.8,17.8,0.0,0.6,0.6445821315702142,0.606581758985594,FAR,FAR,0.0,1,,,0.03,0
C1_n0.03_d000_r02,C1,202610,17.82,17.82,0.0,0.6,0.6332562778757489,0.6132503887081326,FAR,FAR,0.0,1,,,0.03,0
C1_n0.03_d000_r02,C1,202610,17.84,17.84,0.0,0.6,0.5809615840519778,0.6051781875440939,FAR,FAR,0.0,1,,,0.03,0
C1_n0.03_d000_r02,C1,202610,17.86,17.86,0.0,0.6,0.537489575879422,0.588256034627926,FAR,FAR,0.0,1,,,0.03,0
C1_n0.03_d000_r02,C1,202610,17.88,17.88,0.0,0.6,0.5709778215154914,0.5839364813498173,FAR,FAR,0.0,1,,,0.03,0
C1_n0.03_d000_r02,C1,202610,17.9,17.9,0.0,0.6,0.6354520792141773,0.5968153808159073,FAR,FAR,0.0,1,,,0.03,0
C1_n0.03_d000_r02,C1,202610,17.92,17.92,0.0,0.6,0.5770319923291913,0.5918695336942283,FAR,FAR,0.0,1,,,0.03,0
C1_n0.03_d000_r02,C1,202610,17.94,17.94,0.0,0.6,0.5999225731878184,0.5938827935676259,FAR,FAR,0.0,1,,,0.03,0
C1_n0.03_d000_r02,C1,202610,17.96,17.96,0.0,0.6,0.5630715450114704,0.586179981428587,FAR,FAR,0.0,1,,,0.03,0
C1_n0.03_d000_r02,C1,202610,17.98,17.98,0.0,0.6,0.5619563706527688,0.5801240787346325,FAR,FAR,0.0,1,,,0.03,0
C1_n0.03_d000_r02,C1,202610,18.0,18.0,0.0,0.6,0.652765224169492,0.5982843650933474,FAR,FAR,0.0,1,,,0.03,0
C1_n0.03_d000_r02,C1,202610,18.02,18.02,0.0,0.6,0.6391247355150591,0.6084944576987753,FAR,FAR,0.0,1,,,0.03,0
C1_n0.03_d000_r02,C1,202610,18.04,18.04,0.0,0.6,0.5528374336756151,0.5945802016929853,FAR,FAR,0.0,1,,,0.03,0
C1_n0.03_d000_r02,C1,202610,18.06,18.06,0.0,0.6,0.5725489825445805,0.5890723969058841,FAR,FAR,0.0,1,,,0.03,0
C1_n0.03_d000_r02,C1,202610,18.08,18.08,0.0,0.6,0.5532935039450818,0.5801276736656835,FAR,FAR,0.0,1,,,0.03,0
C1_n0.03_d000_r02,C1,202610,18.1,18.1,0.0,0.6,0.6041800256391662,0.5861407616590542,FAR,FAR,0.0,1,,,0.03,0
C1_n0.03_d000_r02,C1,202610,18.12,18.12,0.0,0.6,0.6305074404063278,0.5972324313458726,FAR,FAR,0.0,1,,,0.03,0
C1_n0.03_d000_r02,C1,202610,18.14,18.14,0.0,0.6,0.6014792552387307,0.5982941373190871,FAR,FAR,0.0,1,,,0.03,0
C1_n0.03_d000_r02,C1,202610,18.16,18.16,0.0,0.6,0.6434635142875448,0.6095864815612015,FAR,FAR,0.0,1,,,0.03,0
C1_n0.03_d000_r02,C1,202610,18.18,18.18,0.0,0.6,0.5714223082067564,0.6000454382225903,FAR,FAR,0.0,1,,,0.03,0
C1_n0.03_d000_r02,C1,202610,18.2,18.2,0.0,0.6,0.6112077119977531,0.6028360066663809,FAR,FAR,0.0,1,,,0.03,0
C1_n0.03_d000_r02,C1,202610,18.22,18.22,0.0,0.6,0.6292611467926943,0.6094422916979593,FAR,FAR,0.0,1,,,0.03,0
C1_n0.03_d000_r02,C1,202610,18.24,18.24,0.0,0.6,0.6006986015216947,0.6072563691538931,FAR,FAR,0.0,1,,,0.03,0
C1_n0.03_d000_r02,C1,202610,18.26,18.26,0.0,0.6,0.6582216651032394,0.6199976931412297,FAR,FAR,0.0,1,,,0.03,0
C1_n0.03_d000_r02,C1,202610,18.28,18.28,0.0,0.6,0.5778780427267829,0.609467780537618,FAR,FAR,0.0,1,,,0.03,0
C1_n0.03_d000_r02,C1,202610,18.3,18.3,0.0,0.6,0.6116036828266803,0.6100017561098835,FAR,FAR,0.0,1,,,0.03,0
C1_n0.03_d000_r02,C1,202610,18.32,18.32,0.0,0.6,0.5845054783753844,0.6036276866762587,FAR,FAR,0.0,1,,,0.03,0
C1_n0.03_d000_r02,C1,202610,18.34,18.34,0.0,0.6,0.565516761275032,0.5940999553259521,FAR,FAR,0.0,1,,,0.03,0
C1_n0.03_d000_r02,C1,202610,18.36,18.36,0.0,0.6,0.687812428050687,0.6175280735071358,FAR,FAR,0.0,1,,,0.03,0
C1_n0.03_d000_r02,C1,202610,18.38,18.38,0.0,0.6,0.6076553565048887,0.615059894256574,FAR,FAR,0.0,1,,,0.03,0
C1_n0.03_d000_r02,C1,202610,18.4,18.4,0.0,0.6,0.5765699001863993,0.6054373957390303,FAR,FAR,0.0,1,,,0.03,0
C1_n0.03_d000_r02,C1,202610,18.42,18.42,0.0,0.6,0.5756409279538823,0.5979882787927433,FAR,FAR,0.0,1,,,0.03,0
C1_n0.03_d000_r02,C1,202610,18.44,18.44,0.0,0.6,0.5525132449233305,0.5866195203253901,FAR,FAR,0.0,1,,,0.03,0
C1_n0.03_d000_r02,C1,202610,18.46,18.46,0.0,0.6,0.6176993054679191,0.5943894666110223,FAR,FAR,0.0,1,,,0.03,0
C1_n0.03_d000_r02,C1,202610,18.48,18.48,0.0,0.6,0.5798921105721659,0.5907651276013082,FAR,FAR,0.0,1,,,0.03,0
C1_n0.03_d000_r02,C1,202610,18.5,18.5,0.0,0.6,0.606935978013544,0.5948078402043672,FAR,FAR,0.0,1,,,0.03,0
C1_n0.03_d000_r02,C1,202610,18.52,18.52,0.0,0.6,0.5994907324046337,0.5959785632544338,FAR,FAR,0.0,1,,,0.03,0
C1_n0.03_d000_r02,C1,202610,18.54,18.54,0.0,0.6,0.6264257556092302,0.6035903613431328,FAR,FAR,0.0,1,,,0.03,0
C1_n0.03_d000_r02,C1,202610,18.56,18.56,0.0,0.6,0.6332991668686515,0.6110175627245125,FAR,FAR,0.0,1,,,0.03,0
C1_n0.03_d000_r02,C1,202610,18.58,18.58,0.0,0.6,0.6146760003319954,0.6119321721263832,FAR,FAR,0.0,1,,,0.03,0
C1_n0.03_d000_r02,C1,202610,18.6,18.6,0.0,0.6,0.5910996238798907,0.60672403506476,FAR,FAR,0.0,1,,,0.03,0
C1_n0.03_d000_r02,C1,202610,18.62,18.62,0.0,0.6,0.6321492812870616,0.6130803466203354,FAR,FAR,0.0,1,,,0.03,0
C1_n0.03_d000_r02,C1,202610,18.64,18.64,0.0,0.6,0.633948253604203,0.6182973233663023,FAR,FAR,0.0,1,,,0.03,0
C1_n0.03_d000_r02,C1,202610,18.66,18.66,0.0,0.6,0.5960419588541281,0.6127334822382587,FAR,FAR,0.0,1,,,0.03,0
C1_n0.03_d000_r02,C1,202610,18.68,18.68,0.0,0.6,0.5778055979423554,0.6040015111642829,FAR,FAR,0.0,1,,,0.03,0
C1_n0.03_d000_r02,C1,202610,18.7,18.7,0.0,0.6,0.5924795431937799,0.6011210191716572,FAR,FAR,0.0,1,,,0.03,0
C1_n0.03_d000_r02,C1,202610,18.72,18.72,0.0,0.6,0.610833722679834,0.6035491950487014,FAR,FAR,0.0,1,,,0.03,0
C1_n0.03_d000_r02,C1,202610,18.74,18.74,0.0,0.6,0.6345788243793229,0.6113066023813568,FAR,FAR,0.0,1,,,0.03,0
C1_n0.03_d000_r02,C1,202610,18.76,18.76,0.0,0.6,0.6185006147868315,0.6131051054827255,FAR,FAR,0.0,1,,,0.03,0
C1_n0.03_d000_r02,C1,202610,18.78,18.78,0.0,0.6,0.5928172578682948,0.6080331435791178,FAR,FAR,0.0,1,,,0.03,0
C1_n0.03_d000_r02,C1,202610,18.8,18.8,0.0,0.6,0.6054026610464069,0.6073755229459401,FAR,FAR,0.0,1,,,0.03,0
C1_n0.03_d000_r02,C1,202610,18.82,18.82,0.0,0.6,0.6294943889064554,0.6129052394360689,FAR,FAR,0.0,1,,,0.03,0
C1_n0.03_d000_r02,C1,202610,18.84,18.84,0.0,0.6,0.61658062512151,0.6138240858574292,FAR,FAR,0.0,1,,,0.03,0
C1_n0.03_d000_r02,C1,202610,18.86,18.86,0.0,0.6,0.5879737309769323,0.6073614971373049,FAR,FAR,0.0,1,,,0.03,0
C1_n0.03_d000_r02,C1,202610,18.88,18.88,0.0,0.6,0.5540707413747333,0.594038808196662,FAR,FAR,0.0,1,,,0.03,0
C1_n0.03_d000_r02,C1,202610,18.9,18.9,0.0,0.6,0.5700782843888933,0.5880486772447199,FAR,FAR,0.0,1,,,0.03,0
C1_n0.03_d000_r02,C1,202610,18.92,18.92,0.0,0.6,0.6217224601998043,0.5964671229834909,FAR,FAR,0.0,1,,,0.03,0
C1_n0.03_d000_r02,C1,202610,18.94,18.94,0.0,0.6,0.6387051765664219,0.6070266363792236,FAR,FAR,0.0,1,,,0.03,0
C1_n0.03_d000_r02,C1,202610,18.96,18.96,0.0,0.6,0.552585778198566,0.5934164218340592,FAR,FAR,0.0,1,,,0.03,0
C1_n0.03_d000_r02,C1,202610,18.98,18.98,0.0,0.6,0.6563324522987962,0.6091454294502434,FAR,FAR,0.0,1,,,0.03,0
C1_n0.03_d000_r02,C1,202610,19.0,19.0,0.0,0.6,0.6223588612761612,0.6124487874067228,FAR,FAR,0.0,1,,,0.03,0
C1_n0.03_d000_r02,C1,202610,19.02,19.02,0.0,0.6,0.5941372656377629,0.6078709069644829,FAR,FAR,0.0,1,,,0.03,0
C1_n0.03_d000_r02,C1,202610,19.04,19.04,0.0,0.6,0.5697368474909538,0.5983373920961006,FAR,FAR,0.0,1,,,0.03,0
C1_n0.03_d000_r02,C1,202610,19.06,19.06,0.0,0.6,0.5617398907518886,0.5891880167600476,FAR,FAR,0.0,1,,,0.03,0
C1_n0.03_d000_r02,C1,202610,19.08,19.08,0.0,0.6,0.5592430122050358,0.5817017656212946,FAR,FAR,0.0,1,,,0.03,0
C1_n0.03_d000_r02,C1,202610,19.1,19.1,0.0,0.6,0.5564995484975941,0.5754012113403695,FAR,FAR,0.0,1,,,0.03,0
C1_n0.03_d000_r02,C1,202610,19.12,19.12,0.0,0.6,0.593250569989138,0.5798635510025616,FAR,FAR,0.0,1,,,0.03,0
C1_n0.03_d000_r02,C1,202610,19.14,19.14,0.0,0.6,0.5537851669240026,0.5733439549829218,FAR,FAR,0.0,1,,,0.03,0
C1_n0.03_d000_r02,C1,202610,19.16,19.16,0.0,0.6,0.547237436860786,0.5668173254523878,FAR,FAR,0.0,1,,,0.03,0
C1_n0.03_d000_r02,C1,202610,19.18,19.18,0.0,0.6,0.5816265093495896,0.5705196214266883,FAR,FAR,0.0,1,,,0.03,0
C1_n0.03_d000_r02,C1,202610,19.2,19.2,0.0,0.6,0.5732018299348588,0.5711901735537309,FAR,FAR,0.0,1,,,0.03,0
C1_n0.03_d000_r02,C1,202610,19.22,19.22,0.0,0.6,0.5977812794956441,0.5778379500392092,FAR,FAR,0.0,1,,,0.03,0
C1_n0.03_d000_r02,C1,202610,19.24,19.24,0.0,0.6,0.6266059948164294,0.5900299612335143,FAR,FAR,0.0,1,,,0.03,0
C1_n0.03_d000_r02,C1,202610,19.26,19.26,0.0,0.6,0.5618597429450757,0.5829874066614046,FAR,FAR,0.0,1,,,0.03,0
C1_n0.03_d000_r02,C1,202610,19.28,19.28,0.0,0.6,0.6011126943920481,0.5875187285940654,FAR,FAR,0.0,1,,,0.03,0
C1_n0.03_d000_r02,C1,202610,19.3,19.3,0.0,0.6,0.5769638795967423,0.5848800163447346,FAR,FAR,0.0,1,,,0.03,0
C1_n0.03_d000_r02,C1,202610,19.32,19.32,0.0,0.6,0.626730882981982,0.5953427330040465,FAR,FAR,0.0,1,,,0.03,0
C1_n0.03_d000_r02,C1,202610,19.34,19.34,0.0,0.6,0.620814536936678,0.6017106839872044,FAR,FAR,0.0,1,,,0.03,0
C1_n0.03_d000_r02,C1,202610,19.36,19.36,0.0,0.6,0.5616472304414101,0.5916948206007558,FAR,FAR,0.0,1,,,0.03,0
C1_n0.03_d000_r02,C1,202610,19.38,19.38,0.0,0.6,0.6582642493510122,0.60833717778832,FAR,FAR,0.0,1,,,0.03,0
C1_n0.03_d000_r02,C1,202610,19.4,19.4,0.0,0.6,0.5863250180904627,0.6028341378638556,FAR,FAR,0.0,1,,,0.03,0
C1_n0.03_d000_r02,C1,202610,19.42,19.42,0.0,0.6,0.6170299447626189,0.6063830895885465,FAR,FAR,0.0,1,,,0.03,0
C1_n0.03_d000_r02,C1,202610,19.44,19.44,0.0,0.6,0.5663184554394518,0.5963669310512728,FAR,FAR,0.0,1,,,0.03,0
C1_n0.03_d000_r02,C1,202610,19.46,19.46,0.0,0.6,0.5832031042933403,0.5930759743617897,FAR,FAR,0.0,1,,,0.03,0
C1_n0.03_d000_r02,C1,202610,19.48,19.48,0.0,0.6,0.5896908214080677,0.5922296861233592,FAR,FAR,0.0,1,,,0.03,0
C1_n0.03_d000_r02,C1,202610,19.5,19.5,0.0,0.6,0.5887299388344238,0.5913547493011254,FAR,FAR,0.0,1,,,0.03,0
C1_n0.03_d000_r02,C1,202610,19.52,19.52,0.0,0.6,0.5844916717453462,0.5896389799121806,FAR,FAR,0.0,1,,,0.03,0
C1_n0.03_d000_r02,C1,202610,19.54,19.54,0.0,0.6,0.5989571774416367,0.5919685292945447,FAR,FAR,0.0,1,,,0.03,0
C1_n0.03_d000_r02,C1,202610,19.56,19.56,0.0,0.6,0.5831686254401173,0.5897685533309378,FAR,FAR,0.0,1,,,0.03,0
C1_n0.03_d000_r02,C1,202610,19.58,19.58,0.0,0.6,0.5396585572013954,0.5772410542985522,FAR,FAR,0.0,1,,,0.03,0
C1_n0.03_d000_r02,C1,202610,19.6,19.6,0.0,0.6,0.5882604055712218,0.5799958921167196,FAR,FAR,0.0,1,,,0.03,0
C1_n0.03_d000_r02,C1,202610,19.62,19.62,0.0,0.6,0.6251174909584821,0.5912762918271602,FAR,FAR,0.0,1,,,0.03,0
C1_n0.03_d000_r02,C1,202610,19.64,19.64,0.0,0.6,0.673851987174825,0.6119202156640764,FAR,FAR,0.0,1,,,0.03,0
C1_n0.03_d000_r02,C1,202610,19.66,19.66,0.0,0.6,0.6229889933264963,0.6146874100796813,FAR,FAR,0.0,1,,,0.03,0
C1_n0.03_d000_r02,C1,202610,19.68,19.68,0.0,0.6,0.6491534332791232,0.6233039158795418,FAR,FAR,0.0,1,,,0.03,0
C1_n0.03_d000_r02,C1,202610,19.7,19.7,0.0,0.6,0.6702327038025001,0.6350361128602814,FAR,FAR,0.0,1,,,0.03,0
C1_n0.03_d000_r02,C1,202610,19.72,19.72,0.0,0.6,0.5922925561129505,0.6243502236734486,FAR,FAR,0.0,1,,,0.03,0
C1_n0.03_d000_r02,C1,202610,19.74,19.74,0.0,0.6,0.6028844584171414,0.6189837823593718,FAR,FAR,0.0,1,,,0.03,0
C1_n0.03_d000_r02,C1,202610,19.76,19.76,0.0,0.6,0.5707726128941002,0.606930989993054,FAR,FAR,0.0,1,,,0.03,0
C1_n0.03_d000_r02,C1,202610,19.78,19.78,0.0,0.6,0.5848099740099875,0.6014007359972873,FAR,FAR,0.0,1,,,0.03,0
C1_n0.03_d000_r02,C1,202610,19.8,19.8,0.0,0.6,0.600133494920259,0.6010839257280303,FAR,FAR,0.0,1,,,0.03,0
C1_n0.03_d000_r02,C1,202610,19.82,19.82,0.0,0.6,0.5727804343967876,0.5940080528952196,FAR,FAR,0.0,1,,,0.03,0
C1_n0.03_d000_r02,C1,202610,19.84,19.84,0.0,0.6,0.5922148417421195,0.5935597501069446,FAR,FAR,0.0,1,,,0.03,0
C1_n0.03_d000_r02,C1,202610,19.86,19.86,0.0,0.6,0.6313637448992733,0.6030107488050268,FAR,FAR,0.0,1,,,0.03,0
C1_n0.03_d000_r02,C1,202610,19.88,19.88,0.0,0.6,0.5954641836185584,0.6011241075084097,FAR,FAR,0.0,1,,,0.03,0
C1_n0.03_d000_r02,C1,202610,19.9,19.9,0.0,0.6,0.6293703532795789,0.608185668951202,FAR,FAR,0.0,1,,,0.03,0
C1_n0.03_d000_r02,C1,202610,19.92,19.92,0.0,0.6,0.5786436043956981,0.600800152812326,FAR,FAR,0.0,1,,,0.03,0
C1_n0.03_d000_r02,C1,202610,19.94,19.94,0.0,0.6,0.6189267785573063,0.6053318092485711,FAR,FAR,0.0,1,,,0.03,0
C1_n0.03_d000_r02,C1,202610,19.96,19.96,0.0,0.6,0.5904772728252349,0.6016181751427371,FAR,FAR,0.0,1,,,0.03,0
C1_n0.03_d000_r02,C1,202610,19.98,19.98,0.0,0.6,0.5271156621420277,0.5829925468925597,FAR,FAR,0.0,1,,,0.03,0
C1_n0.03_d000_r02,C1,202610,20.0,20.0,0.0,0.6,0.5990982470943587,0.5870189719430094,FAR,FAR,0.0,1,,,0.03,0
